,TF,Target
0,1217,1202
1,31,103
2,92,793
3,92,178
4,92,769
5,92,247
6,92,544
7,92,19
8,92,707
9,92,410
10,92,821
11,92,927
12,92,719
13,92,744
14,92,832
15,92,394
16,92,113
17,92,480
18,92,214
19,92,1157
20,92,1064
21,92,647
22,92,419
23,92,682
24,92,586
25,92,475
26,92,524
27,92,191
28,92,1029
29,92,383
30,92,1202
31,92,1138
32,92,1059
33,92,238
34,92,1083
35,92,806
36,92,68
37,92,1166
38,92,1010
39,92,316
40,92,953
41,92,47
42,92,1171
43,92,643
44,92,736
45,92,829
46,92,473
47,92,344
48,92,1139
49,92,373
50,92,109
51,92,439
52,92,200
53,92,527
54,92,248
55,92,931
56,92,1037
57,92,348
58,92,960
59,92,464
60,92,253
61,92,978
62,92,755
63,92,431
64,92,143
65,92,1185
66,92,913
67,92,500
68,92,412
69,92,603
70,92,585
71,92,347
72,92,542
73,92,528
74,92,702
75,92,776
76,92,650
77,92,1231
78,92,7
79,92,1128
80,92,29
81,92,96
82,92,241
83,92,1066
84,92,1067
85,92,569
86,92,106
87,92,757
88,92,427
89,92,494
90,92,337
91,92,207
92,92,548
93,92,415
94,92,1007
95,92,180
96,92,150
97,92,481
98,92,706
99,92,746
100,92,766
101,92,1077
102,92,26
103,92,1216
104,138,447
105,138,1093
106,138,532
107,138,324
108,138,525
109,138,394
110,138,471
111,138,895
112,138,218
113,138,385
114,138,192
115,138,131
116,138,1157
117,138,197
118,138,1071
119,138,504
120,138,987
121,138,1056
122,138,258
123,138,1064
124,138,1008
125,138,641
126,138,1244
127,138,904
128,138,383
129,138,1202
130,138,204
131,138,306
132,138,341
133,138,1059
134,138,238
135,138,293
136,138,953
137,138,1139
138,138,1122
139,138,729
140,138,1098
141,138,146
142,138,168
143,138,788
144,138,500
145,138,1058
146,138,438
147,138,951
148,138,578
149,138,939
150,138,702
151,138,1161
152,138,776
153,138,369
154,138,96
155,138,102
156,138,374
157,138,418
158,138,817
159,138,495
160,138,841
161,138,964
162,138,950
163,138,415
164,138,250
165,138,847
166,138,746
167,138,507
168,138,16
169,174,919
170,174,979
171,174,551
172,174,831
173,174,1064
174,174,397
175,174,474
176,174,502
177,174,978
178,174,1063
179,174,103
180,174,917
181,174,1168
182,174,163
183,174,180
184,1076,194
185,1076,267
186,1076,556
187,1076,424
188,1076,1002
189,1076,992
190,1076,793
191,1076,1135
192,1076,405
193,1076,975
194,1076,178
195,1076,90
196,1076,297
197,1076,363
198,1076,1143
199,1076,633
200,1076,447
201,1076,1093
202,1076,919
203,1076,532
204,1076,247
205,1076,837
206,1076,771
207,1076,85
208,1076,610
209,1076,324
210,1076,612
211,1076,239
212,1076,1239
213,1076,979
214,1076,1201
215,1076,544
216,1076,127
217,1076,1047
218,1076,19
219,1076,4
220,1076,909
221,1076,730
222,1076,1068
223,1076,1188
224,1076,1237
225,1076,801
226,1076,572
227,1076,189
228,1076,503
229,1076,404
230,1076,651
231,1076,991
232,1076,1092
233,1076,901
234,1076,707
235,1076,969
236,1076,46
237,1076,137
238,1076,1123
239,1076,1012
240,1076,350
241,1076,410
242,1076,821
243,1076,719
244,1076,872
245,1076,182
246,1076,309
247,1076,112
248,1076,863
249,1076,525
250,1076,744
251,1076,607
252,1076,646
253,1076,421
254,1076,656
255,1076,838
256,1076,832
257,1076,394
258,1076,52
259,1076,805
260,1076,905
261,1076,300
262,1076,471
263,1076,895
264,1076,1073
265,1076,187
266,1076,218
267,1076,385
268,1076,192
269,1076,214
270,1076,131
271,1076,1133
272,1076,878
273,1076,460
274,1076,604
275,1076,1158
276,1076,887
277,1076,1157
278,1076,165
279,1076,768
280,1076,197
281,1076,1088
282,1076,864
283,1076,1179
284,1076,1071
285,1076,504
286,1076,268
287,1076,67
288,1076,657
289,1076,777
290,1076,923
291,1076,987
292,1076,185
293,1076,1033
294,1076,258
295,1076,423
296,1076,551
297,1076,440
298,1076,670
299,1076,541
300,1076,559
301,1076,208
302,1076,983
303,1076,229
304,1076,2
305,1076,1064
306,1076,1008
307,1076,647
308,1076,1144
309,1076,216
310,1076,855
311,1076,10
312,1076,558
313,1076,212
314,1076,790
315,1076,472
316,1076,397
317,1076,339
318,1076,632
319,1076,794
320,1076,942
321,1076,295
322,1076,1087
323,1076,461
324,1076,462
325,1076,984
326,1076,455
327,1076,641
328,1076,682
329,1076,505
330,1076,331
331,1076,586
332,1076,475
333,1076,435
334,1076,1110
335,1076,372
336,1076,1241
337,1076,193
338,1076,312
339,1076,524
340,1076,28
341,1076,191
342,1076,1244
343,1076,904
344,1076,1029
345,1076,961
346,1076,617
347,1076,205
348,1076,383
349,1076,319
350,1076,938
351,1076,32
352,1076,694
353,1076,1072
354,1076,474
355,1076,1202
356,1076,1053
357,1076,490
358,1076,1236
359,1076,531
360,1076,0
361,1076,908
362,1076,521
363,1076,204
364,1076,1138
365,1076,306
366,1076,322
367,1076,341
368,1076,1059
369,1076,408
370,1076,948
371,1076,465
372,1076,136
373,1076,1090
374,1076,359
375,1076,120
376,1076,25
377,1076,224
378,1076,669
379,1076,799
380,1076,416
381,1076,446
382,1076,293
383,1076,553
384,1076,634
385,1076,1083
386,1076,601
387,1076,1107
388,1076,141
389,1076,107
390,1076,68
391,1076,454
392,1076,619
393,1076,873
394,1076,523
395,1076,659
396,1076,715
397,1076,711
398,1076,64
399,1076,130
400,1076,1242
401,1076,1159
402,1076,148
403,1076,698
404,1076,1101
405,1076,1166
406,1076,804
407,1076,1199
408,1076,1086
409,1076,1010
410,1076,1060
411,1076,271
412,1076,953
413,1076,47
414,1076,1005
415,1076,356
416,1076,643
417,1076,497
418,1076,142
419,1076,12
420,1076,260
421,1076,665
422,1076,829
423,1076,1221
424,1076,639
425,1076,1197
426,1076,39
427,1076,36
428,1076,1192
429,1076,91
430,1076,708
431,1076,379
432,1076,377
433,1076,835
434,1076,344
435,1076,342
436,1076,389
437,1076,402
438,1076,894
439,1076,1031
440,1076,1139
441,1076,688
442,1076,630
443,1076,842
444,1076,48
445,1076,520
446,1076,848
447,1076,18
448,1076,223
449,1076,373
450,1076,89
451,1076,109
452,1076,21
453,1076,741
454,1076,1122
455,1076,439
456,1076,1094
457,1076,958
458,1076,200
459,1076,325
460,1076,729
461,1076,349
462,1076,468
463,1076,516
464,1076,810
465,1076,557
466,1076,973
467,1076,880
468,1076,931
469,1076,1045
470,1076,1037
471,1076,562
472,1076,564
473,1076,568
474,1076,960
475,1076,464
476,1076,654
477,1076,859
478,1076,502
479,1076,930
480,1076,943
481,1076,1098
482,1076,146
483,1076,977
484,1076,978
485,1076,726
486,1076,501
487,1076,66
488,1076,228
489,1076,755
490,1076,168
491,1076,980
492,1076,431
493,1076,452
494,1076,143
495,1076,1219
496,1076,899
497,1076,788
498,1076,1218
499,1076,850
500,1076,852
501,1076,913
502,1076,500
503,1076,1198
504,1076,1169
505,1076,413
506,1076,920
507,1076,412
508,1076,1058
509,1076,438
510,1076,603
511,1076,997
512,1076,60
513,1076,743
514,1076,653
515,1076,585
516,1076,951
517,1076,1213
518,1076,57
519,1076,1172
520,1076,945
521,1076,851
522,1076,578
523,1076,939
524,1076,773
525,1076,347
526,1076,545
527,1076,542
528,1076,528
529,1076,702
530,1076,1161
531,1076,538
532,1076,981
533,1076,998
534,1076,1015
535,1076,921
536,1076,1070
537,1076,776
538,1076,508
539,1076,466
540,1076,644
541,1076,369
542,1076,1162
543,1076,83
544,1076,814
545,1076,893
546,1076,650
547,1076,645
548,1076,561
549,1076,234
550,1076,675
551,1076,7
552,1076,510
553,1076,517
554,1076,1063
555,1076,844
556,1076,1128
557,1076,227
558,1076,96
559,1076,103
560,1076,99
561,1076,374
562,1076,1145
563,1076,1200
564,1076,149
565,1076,1153
566,1076,418
567,1076,177
568,1076,311
569,1076,1066
570,1076,1067
571,1076,88
572,1076,395
573,1076,543
574,1076,817
575,1076,254
576,1076,518
577,1076,599
578,1076,569
579,1076,1243
580,1076,299
581,1076,1170
582,1076,1084
583,1076,1230
584,1076,1203
585,1076,219
586,1076,549
587,1076,1211
588,1076,974
589,1076,106
590,1076,188
591,1076,495
592,1076,292
593,1076,886
594,1076,856
595,1076,162
596,1076,917
597,1076,34
598,1076,476
599,1076,944
600,1076,716
601,1076,323
602,1076,841
603,1076,1125
604,1076,757
605,1076,689
606,1076,427
607,1076,965
608,1076,494
609,1076,964
610,1076,539
611,1076,833
612,1076,482
613,1076,337
614,1076,207
615,1076,828
616,1076,1168
617,1076,548
618,1076,488
619,1076,642
620,1076,613
621,1076,432
622,1076,366
623,1076,415
624,1076,765
625,1076,255
626,1076,428
627,1076,1177
628,1076,1131
629,1076,1006
630,1076,967
631,1076,775
632,1076,1007
633,1076,922
634,1076,824
635,1076,250
636,1076,966
637,1076,426
638,1076,270
639,1076,1085
640,1076,163
641,1076,180
642,1076,854
643,1076,999
644,1076,686
645,1076,266
646,1076,628
647,1076,933
648,1076,351
649,1076,932
650,1076,150
651,1076,519
652,1076,244
653,1076,481
654,1076,742
655,1076,608
656,1076,672
657,1076,962
658,1076,609
659,1076,1174
660,1076,1224
661,1076,486
662,1076,847
663,1076,1187
664,1076,706
665,1076,346
666,1076,1196
667,1076,860
668,1076,514
669,1076,225
670,1076,1020
671,1076,1057
672,1076,746
673,1076,1121
674,1076,635
675,1076,119
676,1076,507
677,1076,1095
678,1076,789
679,1076,358
680,1076,82
681,1076,660
682,1076,1195
683,1076,1181
684,1076,381
685,1076,16
686,1076,636
687,1076,157
688,1076,1226
689,1076,565
690,1076,674
691,1076,766
692,1076,1077
693,1076,1016
694,1076,155
695,1076,1116
696,1076,1017
697,1076,1109
698,1076,1050
699,1076,867
700,1076,865
701,1076,1111
702,1076,1051
703,1076,1119
704,1076,1182
705,1076,576
706,1076,1216
707,209,1092
708,209,350
709,209,290
710,209,385
711,209,1104
712,209,551
713,209,312
714,209,904
715,209,319
716,209,694
717,209,1202
718,209,306
719,209,1059
720,209,1171
721,209,373
722,209,581
723,209,978
724,209,1058
725,209,7
726,209,1230
727,209,427
728,209,1208
729,209,642
730,209,1006
731,209,180
732,209,766
733,209,1077
734,209,155
735,368,424
736,368,992
737,368,793
738,368,1135
739,368,1143
740,368,447
741,368,1093
742,368,919
743,368,324
744,368,979
745,368,544
746,368,127
747,368,909
748,368,730
749,368,1188
750,368,1237
751,368,404
752,368,1123
753,368,410
754,368,927
755,368,112
756,368,744
757,368,290
758,368,646
759,368,421
760,368,838
761,368,832
762,368,905
763,368,895
764,368,214
765,368,460
766,368,197
767,368,890
768,368,864
769,368,1179
770,368,1071
771,368,504
772,368,657
773,368,1056
774,368,258
775,368,551
776,368,831
777,368,27
778,368,1144
779,368,212
780,368,472
781,368,397
782,368,461
783,368,462
784,368,455
785,368,682
786,368,11
787,368,167
788,368,1065
789,368,586
790,368,372
791,368,1041
792,368,1241
793,368,797
794,368,1184
795,368,245
796,368,383
797,368,357
798,368,786
799,368,694
800,368,1072
801,368,474
802,368,1202
803,368,1236
804,368,531
805,368,521
806,368,204
807,368,1138
808,368,341
809,368,947
810,368,25
811,368,446
812,368,293
813,368,1083
814,368,1107
815,368,659
816,368,935
817,368,713
818,368,714
819,368,715
820,368,1242
821,368,1101
822,368,956
823,368,1086
824,368,278
825,368,827
826,368,271
827,368,953
828,368,1005
829,368,356
830,368,643
831,368,142
832,368,829
833,368,1221
834,368,1197
835,368,1192
836,368,308
837,368,91
838,368,835
839,368,344
840,368,342
841,368,894
842,368,903
843,368,18
844,368,958
845,368,200
846,368,745
847,368,729
848,368,468
849,368,516
850,368,1034
851,368,564
852,368,960
853,368,1089
854,368,834
855,368,654
856,368,1098
857,368,978
858,368,249
859,368,448
860,368,228
861,368,168
862,368,335
863,368,452
864,368,1218
865,368,852
866,368,213
867,368,1154
868,368,217
869,368,413
870,368,412
871,368,438
872,368,60
873,368,743
874,368,653
875,368,939
876,368,347
877,368,702
878,368,870
879,368,981
880,368,921
881,368,970
882,368,369
883,368,83
884,368,234
885,368,675
886,368,29
887,368,103
888,368,149
889,368,418
890,368,752
891,368,1066
892,368,1067
893,368,543
894,368,817
895,368,518
896,368,599
897,368,569
898,368,1243
899,368,299
900,368,198
901,368,1084
902,368,638
903,368,1203
904,368,219
905,368,974
906,368,106
907,368,506
908,368,886
909,368,476
910,368,841
911,368,427
912,368,965
913,368,833
914,368,482
915,368,207
916,368,642
917,368,950
918,368,862
919,368,255
920,368,796
921,368,1131
922,368,1006
923,368,967
924,368,775
925,368,922
926,368,180
927,368,35
928,368,686
929,368,266
930,368,628
931,368,783
932,368,150
933,368,519
934,368,244
935,368,291
936,368,962
937,368,847
938,368,1187
939,368,706
940,368,1057
941,368,746
942,368,30
943,368,119
944,368,507
945,368,1095
946,368,1226
947,368,766
948,368,1116
949,368,865
950,368,576
951,368,1216
952,1035,793
953,1035,405
954,1035,975
955,1035,297
956,1035,406
957,1035,1143
958,1035,633
959,1035,769
960,1035,447
961,1035,1093
962,1035,919
963,1035,532
964,1035,247
965,1035,771
966,1035,85
967,1035,324
968,1035,612
969,1035,239
970,1035,1239
971,1035,979
972,1035,1205
973,1035,544
974,1035,4
975,1035,730
976,1035,1068
977,1035,526
978,1035,572
979,1035,404
980,1035,651
981,1035,901
982,1035,690
983,1035,137
984,1035,1012
985,1035,410
986,1035,821
987,1035,872
988,1035,309
989,1035,112
990,1035,874
991,1035,525
992,1035,744
993,1035,646
994,1035,421
995,1035,838
996,1035,832
997,1035,394
998,1035,905
999,1035,300
1000,1035,471
1001,1035,895
1002,1035,952
1003,1035,218
1004,1035,666
1005,1035,385
1006,1035,192
1007,1035,480
1008,1035,214
1009,1035,131
1010,1035,1133
1011,1035,878
1012,1035,460
1013,1035,604
1014,1035,887
1015,1035,1157
1016,1035,768
1017,1035,197
1018,1035,1088
1019,1035,864
1020,1035,504
1021,1035,67
1022,1035,777
1023,1035,923
1024,1035,987
1025,1035,1033
1026,1035,258
1027,1035,551
1028,1035,440
1029,1035,670
1030,1035,559
1031,1035,983
1032,1035,1064
1033,1035,1008
1034,1035,419
1035,1035,1144
1036,1035,216
1037,1035,855
1038,1035,10
1039,1035,558
1040,1035,212
1041,1035,315
1042,1035,790
1043,1035,472
1044,1035,397
1045,1035,339
1046,1035,295
1047,1035,462
1048,1035,984
1049,1035,455
1050,1035,505
1051,1035,1065
1052,1035,667
1053,1035,475
1054,1035,1110
1055,1035,372
1056,1035,1241
1057,1035,193
1058,1035,797
1059,1035,524
1060,1035,191
1061,1035,1244
1062,1035,904
1063,1035,1029
1064,1035,617
1065,1035,245
1066,1035,383
1067,1035,319
1068,1035,32
1069,1035,233
1070,1035,786
1071,1035,694
1072,1035,1072
1073,1035,474
1074,1035,1202
1075,1035,490
1076,1035,531
1077,1035,784
1078,1035,521
1079,1035,204
1080,1035,1138
1081,1035,306
1082,1035,322
1083,1035,341
1084,1035,1059
1085,1035,720
1086,1035,948
1087,1035,465
1088,1035,822
1089,1035,238
1090,1035,446
1091,1035,293
1092,1035,553
1093,1035,634
1094,1035,1083
1095,1035,1107
1096,1035,141
1097,1035,107
1098,1035,619
1099,1035,873
1100,1035,523
1101,1035,659
1102,1035,715
1103,1035,130
1104,1035,1242
1105,1035,1159
1106,1035,220
1107,1035,148
1108,1035,698
1109,1035,1101
1110,1035,1166
1111,1035,747
1112,1035,749
1113,1035,804
1114,1035,566
1115,1035,1010
1116,1035,271
1117,1035,953
1118,1035,1005
1119,1035,643
1120,1035,497
1121,1035,260
1122,1035,829
1123,1035,36
1124,1035,1192
1125,1035,308
1126,1035,91
1127,1035,70
1128,1035,708
1129,1035,377
1130,1035,835
1131,1035,344
1132,1035,342
1133,1035,894
1134,1035,1139
1135,1035,688
1136,1035,630
1137,1035,48
1138,1035,520
1139,1035,18
1140,1035,89
1141,1035,109
1142,1035,21
1143,1035,741
1144,1035,439
1145,1035,958
1146,1035,200
1147,1035,729
1148,1035,349
1149,1035,527
1150,1035,468
1151,1035,516
1152,1035,557
1153,1035,931
1154,1035,1037
1155,1035,564
1156,1035,960
1157,1035,834
1158,1035,464
1159,1035,654
1160,1035,502
1161,1035,1098
1162,1035,146
1163,1035,978
1164,1035,501
1165,1035,448
1166,1035,755
1167,1035,168
1168,1035,431
1169,1035,452
1170,1035,852
1171,1035,913
1172,1035,500
1173,1035,1198
1174,1035,413
1175,1035,412
1176,1035,1058
1177,1035,438
1178,1035,603
1179,1035,653
1180,1035,951
1181,1035,57
1182,1035,945
1183,1035,340
1184,1035,851
1185,1035,578
1186,1035,1075
1187,1035,939
1188,1035,542
1189,1035,528
1190,1035,702
1191,1035,1161
1192,1035,538
1193,1035,151
1194,1035,1142
1195,1035,981
1196,1035,1015
1197,1035,921
1198,1035,1070
1199,1035,776
1200,1035,970
1201,1035,466
1202,1035,1048
1203,1035,675
1204,1035,7
1205,1035,510
1206,1035,517
1207,1035,1063
1208,1035,96
1209,1035,103
1210,1035,102
1211,1035,99
1212,1035,374
1213,1035,149
1214,1035,1153
1215,1035,957
1216,1035,418
1217,1035,177
1218,1035,311
1219,1035,1066
1220,1035,1067
1221,1035,88
1222,1035,395
1223,1035,817
1224,1035,518
1225,1035,599
1226,1035,569
1227,1035,1084
1228,1035,1230
1229,1035,1203
1230,1035,188
1231,1035,495
1232,1035,292
1233,1035,886
1234,1035,336
1235,1035,917
1236,1035,135
1237,1035,841
1238,1035,269
1239,1035,757
1240,1035,689
1241,1035,427
1242,1035,965
1243,1035,494
1244,1035,482
1245,1035,337
1246,1035,207
1247,1035,828
1248,1035,488
1249,1035,642
1250,1035,950
1251,1035,613
1252,1035,432
1253,1035,415
1254,1035,255
1255,1035,1131
1256,1035,1006
1257,1035,775
1258,1035,824
1259,1035,250
1260,1035,270
1261,1035,163
1262,1035,180
1263,1035,737
1264,1035,686
1265,1035,628
1266,1035,933
1267,1035,783
1268,1035,932
1269,1035,150
1270,1035,519
1271,1035,481
1272,1035,291
1273,1035,608
1274,1035,672
1275,1035,609
1276,1035,1174
1277,1035,847
1278,1035,706
1279,1035,514
1280,1035,1057
1281,1035,746
1282,1035,1121
1283,1035,635
1284,1035,119
1285,1035,507
1286,1035,1136
1287,1035,789
1288,1035,358
1289,1035,622
1290,1035,1181
1291,1035,381
1292,1035,16
1293,1035,636
1294,1035,298
1295,1035,157
1296,1035,1226
1297,1035,766
1298,1035,722
1299,1035,1017
1300,1035,1109
1301,1035,867
1302,1035,865
1303,1035,1119
1304,1035,1182
1305,1035,576
1306,1035,1216
1307,972,343
1308,972,312
1309,972,989
1310,1156,575
1311,1156,671
1312,1156,424
1313,1156,1
1314,1156,1135
1315,1156,405
1316,1156,90
1317,1156,401
1318,1156,297
1319,1156,363
1320,1156,406
1321,1156,1143
1322,1156,769
1323,1156,447
1324,1156,1093
1325,1156,919
1326,1156,532
1327,1156,247
1328,1156,584
1329,1156,837
1330,1156,515
1331,1156,696
1332,1156,1205
1333,1156,127
1334,1156,909
1335,1156,1237
1336,1156,818
1337,1156,812
1338,1156,763
1339,1156,580
1340,1156,735
1341,1156,853
1342,1156,690
1343,1156,1012
1344,1156,821
1345,1156,927
1346,1156,719
1347,1156,139
1348,1156,552
1349,1156,15
1350,1156,215
1351,1156,112
1352,1156,874
1353,1156,525
1354,1156,826
1355,1156,1209
1356,1156,656
1357,1156,276
1358,1156,394
1359,1156,52
1360,1156,905
1361,1156,1013
1362,1156,471
1363,1156,895
1364,1156,73
1365,1156,187
1366,1156,218
1367,1156,385
1368,1156,192
1369,1156,480
1370,1156,214
1371,1156,131
1372,1156,1133
1373,1156,303
1374,1156,604
1375,1156,887
1376,1156,1157
1377,1156,165
1378,1156,1191
1379,1156,768
1380,1156,197
1381,1156,1088
1382,1156,864
1383,1156,504
1384,1156,67
1385,1156,657
1386,1156,937
1387,1156,987
1388,1156,185
1389,1156,1056
1390,1156,1033
1391,1156,258
1392,1156,440
1393,1156,559
1394,1156,1064
1395,1156,27
1396,1156,1008
1397,1156,161
1398,1156,855
1399,1156,10
1400,1156,212
1401,1156,449
1402,1156,790
1403,1156,133
1404,1156,942
1405,1156,626
1406,1156,461
1407,1156,462
1408,1156,984
1409,1156,1065
1410,1156,372
1411,1156,193
1412,1156,524
1413,1156,191
1414,1156,1244
1415,1156,904
1416,1156,617
1417,1156,547
1418,1156,72
1419,1156,383
1420,1156,319
1421,1156,32
1422,1156,786
1423,1156,959
1424,1156,694
1425,1156,1072
1426,1156,474
1427,1156,1202
1428,1156,378
1429,1156,1180
1430,1156,204
1431,1156,1138
1432,1156,384
1433,1156,306
1434,1156,322
1435,1156,341
1436,1156,1059
1437,1156,408
1438,1156,948
1439,1156,1164
1440,1156,120
1441,1156,416
1442,1156,238
1443,1156,116
1444,1156,293
1445,1156,634
1446,1156,1083
1447,1156,723
1448,1156,14
1449,1156,678
1450,1156,1194
1451,1156,873
1452,1156,676
1453,1156,523
1454,1156,715
1455,1156,711
1456,1156,64
1457,1156,130
1458,1156,1100
1459,1156,1159
1460,1156,148
1461,1156,956
1462,1156,1166
1463,1156,1074
1464,1156,1086
1465,1156,1010
1466,1156,316
1467,1156,1229
1468,1156,953
1469,1156,643
1470,1156,829
1471,1156,639
1472,1156,91
1473,1156,377
1474,1156,835
1475,1156,344
1476,1156,402
1477,1156,894
1478,1156,1031
1479,1156,1139
1480,1156,721
1481,1156,160
1482,1156,724
1483,1156,630
1484,1156,48
1485,1156,631
1486,1156,18
1487,1156,223
1488,1156,89
1489,1156,741
1490,1156,728
1491,1156,1122
1492,1156,439
1493,1156,729
1494,1156,349
1495,1156,871
1496,1156,516
1497,1156,973
1498,1156,294
1499,1156,931
1500,1156,422
1501,1156,568
1502,1156,960
1503,1156,834
1504,1156,145
1505,1156,464
1506,1156,859
1507,1156,588
1508,1156,502
1509,1156,146
1510,1156,1127
1511,1156,253
1512,1156,978
1513,1156,1032
1514,1156,726
1515,1156,448
1516,1156,66
1517,1156,332
1518,1156,168
1519,1156,452
1520,1156,899
1521,1156,522
1522,1156,1218
1523,1156,213
1524,1156,500
1525,1156,836
1526,1156,1154
1527,1156,217
1528,1156,585
1529,1156,951
1530,1156,1213
1531,1156,57
1532,1156,578
1533,1156,939
1534,1156,528
1535,1156,702
1536,1156,1142
1537,1156,981
1538,1156,1015
1539,1156,1070
1540,1156,1232
1541,1156,941
1542,1156,510
1543,1156,517
1544,1156,1063
1545,1156,1128
1546,1156,1080
1547,1156,29
1548,1156,96
1549,1156,99
1550,1156,374
1551,1156,602
1552,1156,1153
1553,1156,418
1554,1156,177
1555,1156,1009
1556,1156,752
1557,1156,994
1558,1156,1066
1559,1156,88
1560,1156,395
1561,1156,173
1562,1156,543
1563,1156,108
1564,1156,817
1565,1156,254
1566,1156,518
1567,1156,569
1568,1156,1084
1569,1156,638
1570,1156,549
1571,1156,1211
1572,1156,188
1573,1156,495
1574,1156,152
1575,1156,292
1576,1156,886
1577,1156,336
1578,1156,888
1579,1156,162
1580,1156,159
1581,1156,917
1582,1156,476
1583,1156,716
1584,1156,841
1585,1156,269
1586,1156,757
1587,1156,427
1588,1156,965
1589,1156,494
1590,1156,964
1591,1156,540
1592,1156,482
1593,1156,337
1594,1156,828
1595,1156,1030
1596,1156,548
1597,1156,488
1598,1156,765
1599,1156,428
1600,1156,1099
1601,1156,796
1602,1156,1006
1603,1156,1007
1604,1156,824
1605,1156,250
1606,1156,1024
1607,1156,737
1608,1156,686
1609,1156,628
1610,1156,351
1611,1156,783
1612,1156,742
1613,1156,672
1614,1156,962
1615,1156,706
1616,1156,225
1617,1156,1057
1618,1156,746
1619,1156,635
1620,1156,313
1621,1156,1136
1622,1156,732
1623,1156,660
1624,1156,622
1625,1156,1181
1626,1156,1225
1627,1156,157
1628,1156,1226
1629,1156,1114
1630,1156,766
1631,1156,722
1632,1156,1016
1633,1156,1017
1634,1156,1109
1635,1156,867
1636,1156,986
1637,1156,1182
1638,1156,1118
1639,1156,1216
1640,314,575
1641,314,405
1642,314,975
1643,314,404
1644,314,350
1645,314,15
1646,314,112
1647,314,646
1648,314,1157
1649,314,768
1650,314,1033
1651,314,1064
1652,314,10
1653,314,193
1654,314,474
1655,314,521
1656,314,1138
1657,314,306
1658,314,341
1659,314,1059
1660,314,1083
1661,314,715
1662,314,698
1663,314,953
1664,314,829
1665,314,252
1666,314,91
1667,314,520
1668,314,516
1669,314,931
1670,314,568
1671,314,960
1672,314,143
1673,314,899
1674,314,603
1675,314,57
1676,314,939
1677,314,776
1678,314,569
1679,314,1243
1680,314,1084
1681,314,506
1682,314,965
1683,314,642
1684,314,746
1685,839,424
1686,839,297
1687,839,1143
1688,839,1093
1689,839,612
1690,839,4
1691,839,1237
1692,839,763
1693,839,1123
1694,839,1071
1695,839,185
1696,839,983
1697,839,10
1698,839,383
1699,839,1059
1700,839,68
1701,839,1101
1702,839,894
1703,839,373
1704,839,200
1705,839,978
1706,839,852
1707,839,57
1708,839,83
1709,839,1067
1710,839,106
1711,839,917
1712,839,689
1713,839,207
1714,839,255
1715,839,1099
1716,839,1177
1717,839,1085
1718,839,932
1719,839,486
1720,839,746
1721,839,766
1722,839,1016
1723,687,1143
1724,687,471
1725,687,1202
1726,687,1083
1727,687,1098
1728,687,951
1729,687,974
1730,479,56
1731,479,746
1732,592,1202
1733,190,194
1734,190,556
1735,190,700
1736,190,424
1737,190,1002
1738,190,992
1739,190,1
1740,190,433
1741,190,793
1742,190,1135
1743,190,405
1744,190,975
1745,190,178
1746,190,256
1747,190,90
1748,190,401
1749,190,297
1750,190,363
1751,190,1143
1752,190,633
1753,190,769
1754,190,447
1755,190,1093
1756,190,919
1757,190,532
1758,190,1228
1759,190,247
1760,190,175
1761,190,837
1762,190,771
1763,190,85
1764,190,610
1765,190,324
1766,190,1234
1767,190,710
1768,190,612
1769,190,239
1770,190,1239
1771,190,979
1772,190,17
1773,190,1201
1774,190,1173
1775,190,1205
1776,190,544
1777,190,127
1778,190,1047
1779,190,4
1780,190,909
1781,190,730
1782,190,1068
1783,190,1237
1784,190,55
1785,190,812
1786,190,572
1787,190,763
1788,190,189
1789,190,503
1790,190,404
1791,190,651
1792,190,853
1793,190,707
1794,190,46
1795,190,137
1796,190,1123
1797,190,820
1798,190,226
1799,190,350
1800,190,410
1801,190,821
1802,190,927
1803,190,719
1804,190,15
1805,190,872
1806,190,182
1807,190,843
1808,190,272
1809,190,215
1810,190,309
1811,190,940
1812,190,112
1813,190,307
1814,190,889
1815,190,525
1816,190,744
1817,190,607
1818,190,748
1819,190,826
1820,190,290
1821,190,646
1822,190,421
1823,190,656
1824,190,196
1825,190,838
1826,190,832
1827,190,394
1828,190,52
1829,190,805
1830,190,425
1831,190,300
1832,190,471
1833,190,895
1834,190,1073
1835,190,73
1836,190,952
1837,190,218
1838,190,924
1839,190,385
1840,190,192
1841,190,113
1842,190,480
1843,190,214
1844,190,131
1845,190,1133
1846,190,878
1847,190,460
1848,190,604
1849,190,652
1850,190,614
1851,190,887
1852,190,1157
1853,190,165
1854,190,768
1855,190,1088
1856,190,864
1857,190,1179
1858,190,1071
1859,190,80
1860,190,1178
1861,190,504
1862,190,268
1863,190,67
1864,190,657
1865,190,777
1866,190,923
1867,190,937
1868,190,987
1869,190,185
1870,190,1056
1871,190,1104
1872,190,1033
1873,190,258
1874,190,326
1875,190,551
1876,190,831
1877,190,440
1878,190,670
1879,190,559
1880,190,208
1881,190,983
1882,190,229
1883,190,2
1884,190,1064
1885,190,1141
1886,190,27
1887,190,1008
1888,190,161
1889,190,647
1890,190,419
1891,190,1144
1892,190,216
1893,190,855
1894,190,10
1895,190,558
1896,190,563
1897,190,212
1898,190,315
1899,190,449
1900,190,790
1901,190,133
1902,190,472
1903,190,397
1904,190,339
1905,190,632
1906,190,794
1907,190,942
1908,190,461
1909,190,462
1910,190,984
1911,190,455
1912,190,641
1913,190,682
1914,190,505
1915,190,11
1916,190,1065
1917,190,331
1918,190,586
1919,190,475
1920,190,49
1921,190,648
1922,190,435
1923,190,1110
1924,190,372
1925,190,1241
1926,190,343
1927,190,193
1928,190,312
1929,190,524
1930,190,320
1931,190,28
1932,190,191
1933,190,1244
1934,190,904
1935,190,1029
1936,190,961
1937,190,617
1938,190,1000
1939,190,245
1940,190,205
1941,190,383
1942,190,319
1943,190,1102
1944,190,357
1945,190,32
1946,190,664
1947,190,786
1948,190,959
1949,190,694
1950,190,1072
1951,190,474
1952,190,77
1953,190,1202
1954,190,1180
1955,190,1236
1956,190,531
1957,190,56
1958,190,0
1959,190,908
1960,190,485
1961,190,392
1962,190,784
1963,190,521
1964,190,353
1965,190,367
1966,190,1138
1967,190,384
1968,190,306
1969,190,322
1970,190,341
1971,190,1059
1972,190,720
1973,190,408
1974,190,946
1975,190,947
1976,190,41
1977,190,465
1978,190,1090
1979,190,1164
1980,190,120
1981,190,25
1982,190,54
1983,190,669
1984,190,1019
1985,190,1018
1986,190,799
1987,190,822
1988,190,416
1989,190,238
1990,190,116
1991,190,484
1992,190,446
1993,190,293
1994,190,634
1995,190,444
1996,190,1083
1997,190,601
1998,190,302
1999,190,1107
2000,190,68
2001,190,14
2002,190,625
2003,190,454
2004,190,619
2005,190,699
2006,190,662
2007,190,1194
2008,190,873
2009,190,676
2010,190,523
2011,190,659
2012,190,715
2013,190,711
2014,190,64
2015,190,130
2016,190,1242
2017,190,1159
2018,190,220
2019,190,698
2020,190,883
2021,190,1101
2022,190,467
2023,190,535
2024,190,956
2025,190,1166
2026,190,747
2027,190,400
2028,190,804
2029,190,1074
2030,190,1199
2031,190,1086
2032,190,1010
2033,190,316
2034,190,827
2035,190,591
2036,190,271
2037,190,509
2038,190,953
2039,190,114
2040,190,47
2041,190,356
2042,190,643
2043,190,498
2044,190,497
2045,190,142
2046,190,12
2047,190,665
2048,190,829
2049,190,1197
2050,190,39
2051,190,36
2052,190,1192
2053,190,308
2054,190,91
2055,190,70
2056,190,708
2057,190,835
2058,190,344
2059,190,342
2060,190,389
2061,190,402
2062,190,894
2063,190,1139
2064,190,597
2065,190,688
2066,190,496
2067,190,499
2068,190,630
2069,190,842
2070,190,48
2071,190,18
2072,190,223
2073,190,373
2074,190,89
2075,190,109
2076,190,21
2077,190,439
2078,190,287
2079,190,1094
2080,190,958
2081,190,807
2082,190,200
2083,190,745
2084,190,729
2085,190,349
2086,190,527
2087,190,468
2088,190,285
2089,190,516
2090,190,810
2091,190,982
2092,190,557
2093,190,973
2094,190,294
2095,190,931
2096,190,1045
2097,190,1037
2098,190,562
2099,190,348
2100,190,564
2101,190,568
2102,190,960
2103,190,1089
2104,190,834
2105,190,145
2106,190,464
2107,190,654
2108,190,574
2109,190,502
2110,190,943
2111,190,1098
2112,190,977
2113,190,978
2114,190,996
2115,190,66
2116,190,228
2117,190,332
2118,190,755
2119,190,327
2120,190,330
2121,190,168
2122,190,980
2123,190,431
2124,190,452
2125,190,143
2126,190,1219
2127,190,857
2128,190,899
2129,190,522
2130,190,788
2131,190,1185
2132,190,1218
2133,190,852
2134,190,477
2135,190,213
2136,190,305
2137,190,913
2138,190,500
2139,190,1154
2140,190,1198
2141,190,246
2142,190,1169
2143,190,413
2144,190,412
2145,190,1058
2146,190,438
2147,190,603
2148,190,997
2149,190,60
2150,190,743
2151,190,653
2152,190,585
2153,190,951
2154,190,1213
2155,190,57
2156,190,340
2157,190,445
2158,190,851
2159,190,578
2160,190,1075
2161,190,365
2162,190,939
2163,190,347
2164,190,545
2165,190,542
2166,190,528
2167,190,702
2168,190,1161
2169,190,1142
2170,190,870
2171,190,981
2172,190,998
2173,190,1015
2174,190,921
2175,190,1070
2176,190,776
2177,190,22
2178,190,811
2179,190,926
2180,190,970
2181,190,508
2182,190,466
2183,190,369
2184,190,124
2185,190,1048
2186,190,83
2187,190,893
2188,190,1152
2189,190,650
2190,190,513
2191,190,645
2192,190,561
2193,190,234
2194,190,675
2195,190,242
2196,190,95
2197,190,517
2198,190,1063
2199,190,844
2200,190,875
2201,190,1128
2202,190,1080
2203,190,29
2204,190,96
2205,190,103
2206,190,99
2207,190,374
2208,190,1145
2209,190,892
2210,190,673
2211,190,1200
2212,190,149
2213,190,37
2214,190,1153
2215,190,957
2216,190,418
2217,190,177
2218,190,241
2219,190,93
2220,190,311
2221,190,1066
2222,190,1067
2223,190,88
2224,190,395
2225,190,817
2226,190,599
2227,190,569
2228,190,1243
2229,190,299
2230,190,1170
2231,190,1084
2232,190,770
2233,190,1230
2234,190,1203
2235,190,1211
2236,190,974
2237,190,106
2238,190,506
2239,190,188
2240,190,495
2241,190,292
2242,190,886
2243,190,888
2244,190,338
2245,190,917
2246,190,944
2247,190,716
2248,190,323
2249,190,841
2250,190,1125
2251,190,279
2252,190,757
2253,190,689
2254,190,427
2255,190,965
2256,190,494
2257,190,540
2258,190,482
2259,190,337
2260,190,207
2261,190,828
2262,190,1030
2263,190,1168
2264,190,548
2265,190,488
2266,190,1208
2267,190,75
2268,190,704
2269,190,642
2270,190,950
2271,190,613
2272,190,183
2273,190,415
2274,190,862
2275,190,176
2276,190,765
2277,190,255
2278,190,376
2279,190,428
2280,190,1131
2281,190,1006
2282,190,775
2283,190,1007
2284,190,824
2285,190,966
2286,190,426
2287,190,270
2288,190,1085
2289,190,163
2290,190,180
2291,190,35
2292,190,1043
2293,190,686
2294,190,266
2295,190,628
2296,190,933
2297,190,351
2298,190,783
2299,190,932
2300,190,150
2301,190,519
2302,190,244
2303,190,172
2304,190,481
2305,190,291
2306,190,608
2307,190,672
2308,190,962
2309,190,1174
2310,190,1224
2311,190,486
2312,190,847
2313,190,706
2314,190,346
2315,190,1011
2316,190,1196
2317,190,860
2318,190,514
2319,190,225
2320,190,1020
2321,190,1057
2322,190,746
2323,190,210
2324,190,30
2325,190,288
2326,190,119
2327,190,434
2328,190,507
2329,190,1095
2330,190,1136
2331,190,789
2332,190,358
2333,190,82
2334,190,732
2335,190,705
2336,190,660
2337,190,1195
2338,190,622
2339,190,1222
2340,190,1225
2341,190,381
2342,190,16
2343,190,636
2344,190,298
2345,190,157
2346,190,1226
2347,190,565
2348,190,1120
2349,190,674
2350,190,766
2351,190,1077
2352,190,722
2353,190,1016
2354,190,26
2355,190,453
2356,190,155
2357,190,274
2358,190,1116
2359,190,1017
2360,190,1109
2361,190,1050
2362,190,1115
2363,190,867
2364,190,866
2365,190,865
2366,190,1051
2367,190,1026
2368,190,1119
2369,190,640
2370,190,1182
2371,190,1118
2372,190,576
2373,190,1216
2374,105,556
2375,105,700
2376,105,671
2377,105,424
2378,105,1
2379,105,793
2380,105,975
2381,105,178
2382,105,655
2383,105,401
2384,105,596
2385,105,297
2386,105,1143
2387,105,633
2388,105,769
2389,105,447
2390,105,1093
2391,105,919
2392,105,532
2393,105,1228
2394,105,771
2395,105,85
2396,105,610
2397,105,324
2398,105,1234
2399,105,612
2400,105,239
2401,105,1239
2402,105,979
2403,105,1205
2404,105,127
2405,105,1047
2406,105,19
2407,105,909
2408,105,730
2409,105,1188
2410,105,818
2411,105,812
2412,105,572
2413,105,763
2414,105,189
2415,105,503
2416,105,404
2417,105,651
2418,105,615
2419,105,707
2420,105,137
2421,105,1123
2422,105,820
2423,105,226
2424,105,350
2425,105,410
2426,105,821
2427,105,719
2428,105,182
2429,105,309
2430,105,940
2431,105,112
2432,105,307
2433,105,889
2434,105,525
2435,105,744
2436,105,748
2437,105,290
2438,105,646
2439,105,421
2440,105,656
2441,105,838
2442,105,832
2443,105,394
2444,105,52
2445,105,805
2446,105,425
2447,105,905
2448,105,300
2449,105,471
2450,105,895
2451,105,952
2452,105,218
2453,105,924
2454,105,385
2455,105,192
2456,105,113
2457,105,214
2458,105,131
2459,105,1133
2460,105,460
2461,105,1158
2462,105,614
2463,105,887
2464,105,1157
2465,105,165
2466,105,1088
2467,105,1179
2468,105,80
2469,105,1178
2470,105,504
2471,105,268
2472,105,67
2473,105,657
2474,105,802
2475,105,1056
2476,105,1082
2477,105,1104
2478,105,1033
2479,105,258
2480,105,326
2481,105,551
2482,105,831
2483,105,891
2484,105,670
2485,105,559
2486,105,208
2487,105,983
2488,105,229
2489,105,2
2490,105,1064
2491,105,1141
2492,105,27
2493,105,1008
2494,105,647
2495,105,1144
2496,105,216
2497,105,855
2498,105,10
2499,105,558
2500,105,78
2501,105,790
2502,105,472
2503,105,397
2504,105,339
2505,105,632
2506,105,794
2507,105,295
2508,105,1087
2509,105,461
2510,105,462
2511,105,984
2512,105,455
2513,105,641
2514,105,682
2515,105,167
2516,105,554
2517,105,1065
2518,105,331
2519,105,586
2520,105,475
2521,105,435
2522,105,1110
2523,105,372
2524,105,1041
2525,105,1241
2526,105,40
2527,105,312
2528,105,524
2529,105,320
2530,105,28
2531,105,191
2532,105,1244
2533,105,904
2534,105,1029
2535,105,1184
2536,105,961
2537,105,617
2538,105,184
2539,105,1000
2540,105,245
2541,105,989
2542,105,547
2543,105,205
2544,105,383
2545,105,319
2546,105,786
2547,105,959
2548,105,694
2549,105,1072
2550,105,474
2551,105,77
2552,105,1202
2553,105,1180
2554,105,1053
2555,105,1236
2556,105,531
2557,105,0
2558,105,908
2559,105,784
2560,105,204
2561,105,1138
2562,105,384
2563,105,306
2564,105,341
2565,105,1059
2566,105,720
2567,105,408
2568,105,948
2569,105,41
2570,105,1090
2571,105,1164
2572,105,25
2573,105,669
2574,105,799
2575,105,822
2576,105,416
2577,105,238
2578,105,116
2579,105,484
2580,105,446
2581,105,293
2582,105,444
2583,105,601
2584,105,723
2585,105,806
2586,105,68
2587,105,14
2588,105,884
2589,105,454
2590,105,662
2591,105,1194
2592,105,1147
2593,105,873
2594,105,676
2595,105,523
2596,105,935
2597,105,712
2598,105,715
2599,105,64
2600,105,130
2601,105,1242
2602,105,1159
2603,105,220
2604,105,148
2605,105,883
2606,105,1101
2607,105,968
2608,105,467
2609,105,535
2610,105,956
2611,105,1166
2612,105,747
2613,105,400
2614,105,1074
2615,105,1199
2616,105,1086
2617,105,278
2618,105,316
2619,105,827
2620,105,171
2621,105,591
2622,105,1060
2623,105,271
2624,105,509
2625,105,953
2626,105,114
2627,105,47
2628,105,1005
2629,105,1171
2630,105,356
2631,105,643
2632,105,497
2633,105,142
2634,105,665
2635,105,829
2636,105,1221
2637,105,36
2638,105,308
2639,105,91
2640,105,70
2641,105,708
2642,105,379
2643,105,377
2644,105,344
2645,105,342
2646,105,389
2647,105,734
2648,105,688
2649,105,375
2650,105,496
2651,105,499
2652,105,630
2653,105,842
2654,105,593
2655,105,48
2656,105,520
2657,105,848
2658,105,18
2659,105,223
2660,105,89
2661,105,109
2662,105,21
2663,105,3
2664,105,1122
2665,105,807
2666,105,200
2667,105,745
2668,105,325
2669,105,729
2670,105,349
2671,105,468
2672,105,248
2673,105,871
2674,105,516
2675,105,810
2676,105,1034
2677,105,982
2678,105,557
2679,105,973
2680,105,931
2681,105,1045
2682,105,1037
2683,105,562
2684,105,348
2685,105,568
2686,105,960
2687,105,1091
2688,105,1089
2689,105,834
2690,105,145
2691,105,654
2692,105,574
2693,105,502
2694,105,943
2695,105,1098
2696,105,146
2697,105,977
2698,105,978
2699,105,1032
2700,105,996
2701,105,501
2702,105,448
2703,105,66
2704,105,228
2705,105,332
2706,105,755
2707,105,330
2708,105,168
2709,105,980
2710,105,143
2711,105,1238
2712,105,522
2713,105,788
2714,105,1185
2715,105,852
2716,105,477
2717,105,213
2718,105,913
2719,105,500
2720,105,217
2721,105,1198
2722,105,246
2723,105,1169
2724,105,413
2725,105,412
2726,105,438
2727,105,603
2728,105,997
2729,105,60
2730,105,653
2731,105,951
2732,105,387
2733,105,57
2734,105,340
2735,105,851
2736,105,1075
2737,105,365
2738,105,939
2739,105,347
2740,105,545
2741,105,542
2742,105,702
2743,105,1161
2744,105,538
2745,105,870
2746,105,981
2747,105,998
2748,105,1015
2749,105,921
2750,105,1023
2751,105,1070
2752,105,776
2753,105,22
2754,105,811
2755,105,970
2756,105,508
2757,105,466
2758,105,369
2759,105,1162
2760,105,1048
2761,105,83
2762,105,1152
2763,105,650
2764,105,513
2765,105,645
2766,105,561
2767,105,234
2768,105,675
2769,105,242
2770,105,7
2771,105,517
2772,105,844
2773,105,1128
2774,105,227
2775,105,1080
2776,105,29
2777,105,96
2778,105,103
2779,105,102
2780,105,101
2781,105,99
2782,105,767
2783,105,374
2784,105,673
2785,105,1200
2786,105,149
2787,105,37
2788,105,1153
2789,105,957
2790,105,418
2791,105,177
2792,105,241
2793,105,311
2794,105,1066
2795,105,1067
2796,105,88
2797,105,395
2798,105,590
2799,105,543
2800,105,108
2801,105,817
2802,105,254
2803,105,518
2804,105,599
2805,105,569
2806,105,1243
2807,105,299
2808,105,1170
2809,105,1084
2810,105,770
2811,105,1230
2812,105,1203
2813,105,219
2814,105,549
2815,105,1211
2816,105,106
2817,105,506
2818,105,495
2819,105,292
2820,105,886
2821,105,336
2822,105,888
2823,105,476
2824,105,944
2825,105,716
2826,105,323
2827,105,841
2828,105,1125
2829,105,757
2830,105,689
2831,105,427
2832,105,965
2833,105,494
2834,105,540
2835,105,482
2836,105,337
2837,105,207
2838,105,828
2839,105,1208
2840,105,642
2841,105,950
2842,105,613
2843,105,432
2844,105,183
2845,105,415
2846,105,862
2847,105,97
2848,105,255
2849,105,376
2850,105,428
2851,105,1099
2852,105,1131
2853,105,1006
2854,105,967
2855,105,775
2856,105,1007
2857,105,824
2858,105,250
2859,105,966
2860,105,426
2861,105,270
2862,105,1085
2863,105,163
2864,105,1038
2865,105,999
2866,105,42
2867,105,737
2868,105,686
2869,105,266
2870,105,628
2871,105,933
2872,105,783
2873,105,932
2874,105,150
2875,105,519
2876,105,172
2877,105,962
2878,105,609
2879,105,1224
2880,105,486
2881,105,847
2882,105,706
2883,105,346
2884,105,1011
2885,105,514
2886,105,225
2887,105,1020
2888,105,1057
2889,105,746
2890,105,635
2891,105,119
2892,105,1095
2893,105,789
2894,105,358
2895,105,732
2896,105,705
2897,105,23
2898,105,1195
2899,105,622
2900,105,1181
2901,105,381
2902,105,636
2903,105,298
2904,105,1226
2905,105,565
2906,105,766
2907,105,900
2908,105,1077
2909,105,722
2910,105,1016
2911,105,26
2912,105,453
2913,105,155
2914,105,274
2915,105,1116
2916,105,1017
2917,105,1109
2918,105,1050
2919,105,1115
2920,105,867
2921,105,865
2922,105,1051
2923,105,1026
2924,105,1097
2925,105,1119
2926,105,640
2927,105,1118
2928,105,576
2929,877,194
2930,877,556
2931,877,700
2932,877,671
2933,877,424
2934,877,433
2935,877,1135
2936,877,405
2937,877,975
2938,877,655
2939,877,401
2940,877,596
2941,877,297
2942,877,406
2943,877,1143
2944,877,633
2945,877,769
2946,877,447
2947,877,20
2948,877,919
2949,877,897
2950,877,532
2951,877,175
2952,877,600
2953,877,771
2954,877,85
2955,877,610
2956,877,324
2957,877,1234
2958,877,710
2959,877,515
2960,877,239
2961,877,1239
2962,877,979
2963,877,1201
2964,877,1173
2965,877,1205
2966,877,544
2967,877,195
2968,877,127
2969,877,1047
2970,877,354
2971,877,170
2972,877,4
2973,877,731
2974,877,126
2975,877,730
2976,877,1068
2977,877,526
2978,877,1188
2979,877,795
2980,877,1237
2981,877,55
2982,877,812
2983,877,572
2984,877,763
2985,877,189
2986,877,404
2987,877,615
2988,877,701
2989,877,853
2990,877,1092
2991,877,901
2992,877,707
2993,877,969
2994,877,690
2995,877,46
2996,877,1123
2997,877,820
2998,877,1012
2999,877,226
3000,877,410
3001,877,821
3002,877,927
3003,877,139
3004,877,552
3005,877,15
3006,877,872
3007,877,182
3008,877,940
3009,877,112
3010,877,236
3011,877,863
3012,877,307
3013,877,889
3014,877,525
3015,877,744
3016,877,607
3017,877,1021
3018,877,748
3019,877,646
3020,877,196
3021,877,838
3022,877,832
3023,877,778
3024,877,394
3025,877,52
3026,877,805
3027,877,300
3028,877,471
3029,877,895
3030,877,1073
3031,877,73
3032,877,594
3033,877,952
3034,877,187
3035,877,666
3036,877,924
3037,877,192
3038,877,113
3039,877,480
3040,877,380
3041,877,1042
3042,877,214
3043,877,131
3044,877,1134
3045,877,1132
3046,877,878
3047,877,460
3048,877,604
3049,877,370
3050,877,1157
3051,877,165
3052,877,587
3053,877,768
3054,877,164
3055,877,890
3056,877,864
3057,877,1179
3058,877,1071
3059,877,80
3060,877,1178
3061,877,504
3062,877,657
3063,877,777
3064,877,923
3065,877,772
3066,877,937
3067,877,802
3068,877,185
3069,877,430
3070,877,1056
3071,877,1082
3072,877,1104
3073,877,153
3074,877,326
3075,877,551
3076,877,891
3077,877,440
3078,877,670
3079,877,559
3080,877,983
3081,877,229
3082,877,2
3083,877,1141
3084,877,27
3085,877,1008
3086,877,1193
3087,877,161
3088,877,216
3089,877,1149
3090,877,855
3091,877,10
3092,877,212
3093,877,315
3094,877,283
3095,877,449
3096,877,472
3097,877,397
3098,877,761
3099,877,339
3100,877,632
3101,877,794
3102,877,942
3103,877,709
3104,877,740
3105,877,462
3106,877,984
3107,877,455
3108,877,682
3109,877,11
3110,877,554
3111,877,1065
3112,877,331
3113,877,667
3114,877,264
3115,877,586
3116,877,475
3117,877,648
3118,877,435
3119,877,372
3120,877,1041
3121,877,1241
3122,877,232
3123,877,343
3124,877,40
3125,877,312
3126,877,63
3127,877,797
3128,877,524
3129,877,320
3130,877,28
3131,877,191
3132,877,904
3133,877,1184
3134,877,961
3135,877,617
3136,877,1000
3137,877,245
3138,877,989
3139,877,547
3140,877,205
3141,877,383
3142,877,319
3143,877,1175
3144,877,786
3145,877,959
3146,877,929
3147,877,694
3148,877,1072
3149,877,474
3150,877,382
3151,877,1202
3152,877,378
3153,877,661
3154,877,605
3155,877,490
3156,877,1236
3157,877,38
3158,877,6
3159,877,908
3160,877,485
3161,877,392
3162,877,521
3163,877,204
3164,877,353
3165,877,367
3166,877,1138
3167,877,384
3168,877,306
3169,877,322
3170,877,341
3171,877,1059
3172,877,408
3173,877,946
3174,877,947
3175,877,41
3176,877,611
3177,877,465
3178,877,1090
3179,877,1164
3180,877,120
3181,877,25
3182,877,224
3183,877,669
3184,877,1019
3185,877,799
3186,877,822
3187,877,416
3188,877,238
3189,877,116
3190,877,318
3191,877,858
3192,877,484
3193,877,446
3194,877,293
3195,877,553
3196,877,512
3197,877,634
3198,877,444
3199,877,1083
3200,877,601
3201,877,302
3202,877,723
3203,877,806
3204,877,107
3205,877,68
3206,877,1040
3207,877,14
3208,877,1212
3209,877,454
3210,877,619
3211,877,699
3212,877,662
3213,877,450
3214,877,1194
3215,877,873
3216,877,676
3217,877,523
3218,877,659
3219,877,936
3220,877,934
3221,877,715
3222,877,711
3223,877,658
3224,877,1055
3225,877,1159
3226,877,220
3227,877,148
3228,877,879
3229,877,698
3230,877,140
3231,877,1101
3232,877,968
3233,877,467
3234,877,535
3235,877,956
3236,877,747
3237,877,400
3238,877,1074
3239,877,1199
3240,877,1010
3241,877,316
3242,877,827
3243,877,1060
3244,877,953
3245,877,114
3246,877,1171
3247,877,356
3248,877,643
3249,877,736
3250,877,498
3251,877,142
3252,877,12
3253,877,665
3254,877,829
3255,877,639
3256,877,39
3257,877,583
3258,877,36
3259,877,473
3260,877,308
3261,877,91
3262,877,1044
3263,877,835
3264,877,344
3265,877,342
3266,877,389
3267,877,894
3268,877,1031
3269,877,437
3270,877,688
3271,877,798
3272,877,496
3273,877,499
3274,877,630
3275,877,631
3276,877,520
3277,877,848
3278,877,223
3279,877,89
3280,877,109
3281,877,414
3282,877,1122
3283,877,439
3284,877,1094
3285,877,958
3286,877,86
3287,877,745
3288,877,581
3289,877,729
3290,877,663
3291,877,469
3292,877,349
3293,877,527
3294,877,1078
3295,877,468
3296,877,285
3297,877,248
3298,877,810
3299,877,982
3300,877,557
3301,877,973
3302,877,294
3303,877,562
3304,877,348
3305,877,564
3306,877,422
3307,877,568
3308,877,960
3309,877,230
3310,877,1089
3311,877,834
3312,877,464
3313,877,654
3314,877,930
3315,877,943
3316,877,1098
3317,877,146
3318,877,1127
3319,877,253
3320,877,978
3321,877,1032
3322,877,726
3323,877,249
3324,877,501
3325,877,448
3326,877,66
3327,877,332
3328,877,333
3329,877,327
3330,877,328
3331,877,329
3332,877,330
3333,877,168
3334,877,980
3335,877,976
3336,877,452
3337,877,143
3338,877,429
3339,877,1219
3340,877,1238
3341,877,857
3342,877,62
3343,877,1112
3344,877,117
3345,877,1036
3346,877,420
3347,877,949
3348,877,788
3349,877,1185
3350,877,816
3351,877,852
3352,877,813
3353,877,213
3354,877,305
3355,877,913
3356,877,500
3357,877,217
3358,877,246
3359,877,1169
3360,877,413
3361,877,920
3362,877,412
3363,877,1058
3364,877,438
3365,877,603
3366,877,997
3367,877,60
3368,877,743
3369,877,764
3370,877,653
3371,877,585
3372,877,951
3373,877,166
3374,877,57
3375,877,445
3376,877,851
3377,877,578
3378,877,1075
3379,877,365
3380,877,939
3381,877,347
3382,877,542
3383,877,528
3384,877,702
3385,877,1161
3386,877,1150
3387,877,151
3388,877,998
3389,877,921
3390,877,1070
3391,877,776
3392,877,396
3393,877,22
3394,877,624
3395,877,811
3396,877,1183
3397,877,970
3398,877,466
3399,877,369
3400,877,124
3401,877,83
3402,877,814
3403,877,893
3404,877,1152
3405,877,650
3406,877,234
3407,877,675
3408,877,242
3409,877,95
3410,877,1039
3411,877,517
3412,877,59
3413,877,844
3414,877,875
3415,877,1128
3416,877,1080
3417,877,29
3418,877,96
3419,877,103
3420,877,102
3421,877,101
3422,877,99
3423,877,1223
3424,877,1108
3425,877,1145
3426,877,892
3427,877,1176
3428,877,673
3429,877,1200
3430,877,149
3431,877,37
3432,877,957
3433,877,739
3434,877,177
3435,877,241
3436,877,1009
3437,877,1066
3438,877,1067
3439,877,395
3440,877,590
3441,877,543
3442,877,817
3443,877,254
3444,877,518
3445,877,599
3446,877,118
3447,877,1243
3448,877,299
3449,877,990
3450,877,198
3451,877,1170
3452,877,1084
3453,877,638
3454,877,770
3455,877,1230
3456,877,219
3457,877,974
3458,877,106
3459,877,725
3460,877,188
3461,877,495
3462,877,529
3463,877,918
3464,877,886
3465,877,53
3466,877,336
3467,877,695
3468,877,98
3469,877,888
3470,877,338
3471,877,993
3472,877,162
3473,877,917
3474,877,275
3475,877,906
3476,877,476
3477,877,759
3478,877,760
3479,877,944
3480,877,716
3481,877,323
3482,877,841
3483,877,436
3484,877,1125
3485,877,279
3486,877,269
3487,877,757
3488,877,689
3489,877,427
3490,877,494
3491,877,540
3492,877,337
3493,877,207
3494,877,828
3495,877,1030
3496,877,548
3497,877,488
3498,877,738
3499,877,1208
3500,877,642
3501,877,950
3502,877,613
3503,877,183
3504,877,415
3505,877,862
3506,877,176
3507,877,765
3508,877,255
3509,877,985
3510,877,376
3511,877,428
3512,877,1099
3513,877,796
3514,877,1131
3515,877,967
3516,877,775
3517,877,1007
3518,877,922
3519,877,824
3520,877,250
3521,877,966
3522,877,180
3523,877,854
3524,877,35
3525,877,1024
3526,877,1038
3527,877,42
3528,877,737
3529,877,9
3530,877,266
3531,877,129
3532,877,933
3533,877,783
3534,877,932
3535,877,150
3536,877,876
3537,877,846
3538,877,172
3539,877,481
3540,877,291
3541,877,235
3542,877,742
3543,877,962
3544,877,1174
3545,877,606
3546,877,1224
3547,877,706
3548,877,346
3549,877,1011
3550,877,1196
3551,877,860
3552,877,514
3553,877,1057
3554,877,746
3555,877,635
3556,877,30
3557,877,282
3558,877,288
3559,877,119
3560,877,313
3561,877,434
3562,877,898
3563,877,507
3564,877,1095
3565,877,1136
3566,877,789
3567,877,358
3568,877,732
3569,877,705
3570,877,660
3571,877,442
3572,877,23
3573,877,1195
3574,877,622
3575,877,1181
3576,877,1222
3577,877,1225
3578,877,16
3579,877,298
3580,877,157
3581,877,352
3582,877,766
3583,877,900
3584,877,722
3585,877,155
3586,877,274
3587,877,1017
3588,877,866
3589,877,865
3590,877,1117
3591,877,1119
3592,877,640
3593,877,1182
3594,762,919
3595,762,1068
3596,762,1071
3597,762,1202
3598,762,715
3599,762,57
3600,762,917
3601,762,255
3602,762,766
3603,1003,447
3604,1003,821
3605,1003,471
3606,1003,1033
3607,1003,1059
3608,1003,68
3609,1003,829
3610,1003,57
3611,1003,151
3612,1003,369
3613,1003,1084
3614,1003,152
3615,1003,965
3616,1003,255
3617,1003,746
3618,144,424
3619,144,1
3620,144,793
3621,144,1135
3622,144,655
3623,144,297
3624,144,363
3625,144,447
3626,144,532
3627,144,76
3628,144,175
3629,144,85
3630,144,979
3631,144,909
3632,144,572
3633,144,1123
3634,144,820
3635,144,410
3636,144,821
3637,144,215
3638,144,309
3639,144,307
3640,144,525
3641,144,646
3642,144,421
3643,144,805
3644,144,471
3645,144,895
3646,144,1106
3647,144,385
3648,144,1088
3649,144,1071
3650,144,1178
3651,144,657
3652,144,923
3653,144,185
3654,144,1144
3655,144,216
3656,144,855
3657,144,10
3658,144,212
3659,144,339
3660,144,942
3661,144,462
3662,144,984
3663,144,372
3664,144,1241
3665,144,312
3666,144,191
3667,144,904
3668,144,205
3669,144,319
3670,144,1072
3671,144,474
3672,144,1236
3673,144,521
3674,144,204
3675,144,306
3676,144,341
3677,144,1059
3678,144,720
3679,144,465
3680,144,120
3681,144,54
3682,144,238
3683,144,446
3684,144,1083
3685,144,806
3686,144,141
3687,144,454
3688,144,676
3689,144,523
3690,144,1242
3691,144,1101
3692,144,953
3693,144,114
3694,144,47
3695,144,497
3696,144,260
3697,144,829
3698,144,583
3699,144,70
3700,144,379
3701,144,344
3702,144,499
3703,144,630
3704,144,520
3705,144,223
3706,144,89
3707,144,3
3708,144,958
3709,144,200
3710,144,469
3711,144,527
3712,144,468
3713,144,285
3714,144,931
3715,144,564
3716,144,568
3717,144,960
3718,144,1089
3719,144,145
3720,144,654
3721,144,146
3722,144,977
3723,144,978
3724,144,788
3725,144,1185
3726,144,852
3727,144,500
3728,144,246
3729,144,412
3730,144,438
3731,144,653
3732,144,1213
3733,144,340
3734,144,445
3735,144,939
3736,144,542
3737,144,702
3738,144,538
3739,144,151
3740,144,921
3741,144,776
3742,144,811
3743,144,466
3744,144,369
3745,144,124
3746,144,650
3747,144,645
3748,144,675
3749,144,242
3750,144,1063
3751,144,103
3752,144,149
3753,144,957
3754,144,418
3755,144,241
3756,144,1066
3757,144,543
3758,144,254
3759,144,518
3760,144,198
3761,144,1170
3762,144,1084
3763,144,1230
3764,144,506
3765,144,944
3766,144,841
3767,144,757
3768,144,965
3769,144,494
3770,144,828
3771,144,488
3772,144,642
3773,144,183
3774,144,428
3775,144,1099
3776,144,1131
3777,144,1006
3778,144,775
3779,144,824
3780,144,1085
3781,144,180
3782,144,35
3783,144,933
3784,144,351
3785,144,932
3786,144,150
3787,144,519
3788,144,846
3789,144,172
3790,144,514
3791,144,119
3792,144,507
3793,144,732
3794,144,660
3795,144,1195
3796,144,622
3797,144,636
3798,144,298
3799,144,1226
3800,144,26
3801,144,155
3802,144,274
3803,144,1051
3804,144,1182
3805,144,576
3806,623,1068
3807,623,397
3808,623,794
3809,623,1138
3810,623,1101
3811,623,978
3812,623,1058
3813,623,1213
3814,623,103
3815,623,1168
3816,623,1099
3817,623,180
3818,623,746
3819,750,424
3820,750,1002
3821,750,1
3822,750,405
3823,750,975
3824,750,401
3825,750,363
3826,750,1143
3827,750,447
3828,750,1093
3829,750,247
3830,750,175
3831,750,771
3832,750,85
3833,750,324
3834,750,612
3835,750,239
3836,750,1239
3837,750,979
3838,750,1201
3839,750,1205
3840,750,544
3841,750,4
3842,750,909
3843,750,1068
3844,750,1237
3845,750,55
3846,750,503
3847,750,1092
3848,750,969
3849,750,46
3850,750,410
3851,750,719
3852,750,552
3853,750,15
3854,750,182
3855,750,309
3856,750,525
3857,750,646
3858,750,421
3859,750,196
3860,750,838
3861,750,832
3862,750,394
3863,750,300
3864,750,895
3865,750,666
3866,750,113
3867,750,131
3868,750,1133
3869,750,878
3870,750,614
3871,750,887
3872,750,165
3873,750,768
3874,750,864
3875,750,1179
3876,750,1071
3877,750,777
3878,750,1104
3879,750,326
3880,750,551
3881,750,831
3882,750,440
3883,750,670
3884,750,208
3885,750,229
3886,750,1064
3887,750,27
3888,750,1008
3889,750,1144
3890,750,216
3891,750,212
3892,750,315
3893,750,449
3894,750,397
3895,750,794
3896,750,295
3897,750,984
3898,750,641
3899,750,505
3900,750,167
3901,750,1065
3902,750,331
3903,750,667
3904,750,586
3905,750,435
3906,750,1041
3907,750,1244
3908,750,904
3909,750,961
3910,750,383
3911,750,938
3912,750,357
3913,750,1072
3914,750,474
3915,750,77
3916,750,1202
3917,750,378
3918,750,1180
3919,750,531
3920,750,485
3921,750,784
3922,750,367
3923,750,1138
3924,750,322
3925,750,341
3926,750,1059
3927,750,720
3928,750,120
3929,750,416
3930,750,634
3931,750,444
3932,750,1083
3933,750,601
3934,750,1107
3935,750,107
3936,750,14
3937,750,399
3938,750,523
3939,750,659
3940,750,715
3941,750,64
3942,750,1159
3943,750,1101
3944,750,804
3945,750,1086
3946,750,1010
3947,750,316
3948,750,953
3949,750,497
3950,750,12
3951,750,260
3952,750,829
3953,750,36
3954,750,473
3955,750,1192
3956,750,308
3957,750,91
3958,750,708
3959,750,835
3960,750,344
3961,750,389
3962,750,894
3963,750,1031
3964,750,1139
3965,750,597
3966,750,688
3967,750,630
3968,750,842
3969,750,520
3970,750,848
3971,750,18
3972,750,373
3973,750,89
3974,750,1122
3975,750,1094
3976,750,958
3977,750,200
3978,750,729
3979,750,469
3980,750,248
3981,750,880
3982,750,931
3983,750,1045
3984,750,1037
3985,750,568
3986,750,960
3987,750,1089
3988,750,464
3989,750,654
3990,750,943
3991,750,1098
3992,750,146
3993,750,978
3994,750,448
3995,750,66
3996,750,332
3997,750,755
3998,750,168
3999,750,980
4000,750,431
4001,750,452
4002,750,1219
4003,750,899
4004,750,788
4005,750,852
4006,750,213
4007,750,500
4008,750,217
4009,750,1198
4010,750,1169
4011,750,412
4012,750,438
4013,750,997
4014,750,743
4015,750,653
4016,750,951
4017,750,1213
4018,750,939
4019,750,773
4020,750,347
4021,750,542
4022,750,702
4023,750,1161
4024,750,538
4025,750,998
4026,750,1015
4027,750,1070
4028,750,776
4029,750,22
4030,750,369
4031,750,83
4032,750,645
4033,750,1231
4034,750,7
4035,750,510
4036,750,1063
4037,750,1128
4038,750,227
4039,750,1080
4040,750,96
4041,750,103
4042,750,374
4043,750,673
4044,750,149
4045,750,418
4046,750,177
4047,750,1066
4048,750,1067
4049,750,395
4050,750,817
4051,750,254
4052,750,518
4053,750,599
4054,750,1243
4055,750,198
4056,750,1084
4057,750,1230
4058,750,1203
4059,750,974
4060,750,106
4061,750,506
4062,750,495
4063,750,888
4064,750,917
4065,750,34
4066,750,323
4067,750,841
4068,750,1125
4069,750,757
4070,750,689
4071,750,427
4072,750,965
4073,750,494
4074,750,482
4075,750,207
4076,750,1030
4077,750,548
4078,750,642
4079,750,613
4080,750,415
4081,750,765
4082,750,255
4083,750,376
4084,750,1131
4085,750,1006
4086,750,775
4087,750,1007
4088,750,922
4089,750,250
4090,750,426
4091,750,270
4092,750,1085
4093,750,737
4094,750,686
4095,750,1103
4096,750,351
4097,750,783
4098,750,150
4099,750,519
4100,750,481
4101,750,608
4102,750,847
4103,750,706
4104,750,1196
4105,750,860
4106,750,514
4107,750,225
4108,750,1020
4109,750,1057
4110,750,746
4111,750,635
4112,750,119
4113,750,434
4114,750,507
4115,750,789
4116,750,82
4117,750,660
4118,750,622
4119,750,381
4120,750,16
4121,750,636
4122,750,298
4123,750,1120
4124,750,766
4125,750,722
4126,750,1016
4127,750,26
4128,750,155
4129,750,274
4130,750,1116
4131,750,1109
4132,750,1050
4133,750,865
4134,750,1051
4135,750,1026
4136,750,1117
4137,750,1097
4138,750,1119
4139,750,576
4140,1210,91
4141,1189,90
4142,1189,406
4143,1189,633
4144,1189,769
4145,1189,447
4146,1189,1093
4147,1189,919
4148,1189,532
4149,1189,247
4150,1189,837
4151,1189,85
4152,1189,515
4153,1189,979
4154,1189,544
4155,1189,4
4156,1189,1068
4157,1189,812
4158,1189,189
4159,1189,1092
4160,1189,901
4161,1189,969
4162,1189,137
4163,1189,1012
4164,1189,350
4165,1189,139
4166,1189,215
4167,1189,112
4168,1189,874
4169,1189,290
4170,1189,421
4171,1189,276
4172,1189,394
4173,1189,905
4174,1189,471
4175,1189,187
4176,1189,218
4177,1189,666
4178,1189,192
4179,1189,480
4180,1189,214
4181,1189,131
4182,1189,1157
4183,1189,165
4184,1189,197
4185,1189,1088
4186,1189,504
4187,1189,67
4188,1189,987
4189,1189,1056
4190,1189,1082
4191,1189,1033
4192,1189,423
4193,1189,551
4194,1189,440
4195,1189,2
4196,1189,1064
4197,1189,419
4198,1189,1144
4199,1189,10
4200,1189,558
4201,1189,133
4202,1189,554
4203,1189,372
4204,1189,1241
4205,1189,193
4206,1189,312
4207,1189,524
4208,1189,191
4209,1189,617
4210,1189,383
4211,1189,319
4212,1189,758
4213,1189,251
4214,1189,786
4215,1189,694
4216,1189,474
4217,1189,378
4218,1189,1180
4219,1189,490
4220,1189,6
4221,1189,204
4222,1189,1138
4223,1189,306
4224,1189,341
4225,1189,1059
4226,1189,465
4227,1189,136
4228,1189,199
4229,1189,416
4230,1189,293
4231,1189,634
4232,1189,1083
4233,1189,68
4234,1189,873
4235,1189,523
4236,1189,715
4237,1189,130
4238,1189,1159
4239,1189,698
4240,1189,1166
4241,1189,749
4242,1189,804
4243,1189,1010
4244,1189,953
4245,1189,643
4246,1189,829
4247,1189,252
4248,1189,91
4249,1189,377
4250,1189,122
4251,1189,835
4252,1189,344
4253,1189,402
4254,1189,1031
4255,1189,840
4256,1189,1139
4257,1189,688
4258,1189,48
4259,1189,18
4260,1189,223
4261,1189,89
4262,1189,109
4263,1189,910
4264,1189,741
4265,1189,439
4266,1189,200
4267,1189,581
4268,1189,325
4269,1189,931
4270,1189,1037
4271,1189,960
4272,1189,1089
4273,1189,978
4274,1189,249
4275,1189,66
4276,1189,332
4277,1189,755
4278,1189,452
4279,1189,143
4280,1189,429
4281,1189,62
4282,1189,899
4283,1189,1185
4284,1189,500
4285,1189,997
4286,1189,585
4287,1189,951
4288,1189,57
4289,1189,945
4290,1189,578
4291,1189,1075
4292,1189,347
4293,1189,545
4294,1189,528
4295,1189,702
4296,1189,1161
4297,1189,1142
4298,1189,981
4299,1189,1015
4300,1189,206
4301,1189,466
4302,1189,369
4303,1189,893
4304,1189,7
4305,1189,1063
4306,1189,1128
4307,1189,96
4308,1189,103
4309,1189,102
4310,1189,101
4311,1189,99
4312,1189,1145
4313,1189,149
4314,1189,1153
4315,1189,478
4316,1189,418
4317,1189,739
4318,1189,1066
4319,1189,1067
4320,1189,88
4321,1189,817
4322,1189,569
4323,1189,1084
4324,1189,495
4325,1189,292
4326,1189,886
4327,1189,917
4328,1189,944
4329,1189,841
4330,1189,269
4331,1189,757
4332,1189,689
4333,1189,427
4334,1189,964
4335,1189,482
4336,1189,337
4337,1189,828
4338,1189,488
4339,1189,642
4340,1189,415
4341,1189,428
4342,1189,1007
4343,1189,824
4344,1189,250
4345,1189,163
4346,1189,686
4347,1189,628
4348,1189,933
4349,1189,783
4350,1189,150
4351,1189,519
4352,1189,672
4353,1189,1174
4354,1189,860
4355,1189,746
4356,1189,635
4357,1189,313
4358,1189,434
4359,1189,507
4360,1189,1136
4361,1189,358
4362,1189,1195
4363,1189,1181
4364,1189,1225
4365,1189,766
4366,1189,453
4367,1189,155
4368,1189,1109
4369,1189,867
4370,1189,1182
4371,158,769
4372,158,394
4373,158,1184
4374,158,1202
4375,158,337
4376,637,196
4377,637,864
4378,637,1203
4379,677,267
4380,677,1143
4381,677,1093
4382,677,919
4383,677,247
4384,677,85
4385,677,324
4386,677,544
4387,677,909
4388,677,137
4389,677,410
4390,677,112
4391,677,385
4392,677,1157
4393,677,768
4394,677,1179
4395,677,504
4396,677,1104
4397,677,169
4398,677,1064
4399,677,641
4400,677,667
4401,677,586
4402,677,475
4403,677,1029
4404,677,319
4405,677,531
4406,677,120
4407,677,1083
4408,677,715
4409,677,1086
4410,677,271
4411,677,47
4412,677,1192
4413,677,91
4414,677,344
4415,677,894
4416,677,688
4417,677,958
4418,677,200
4419,677,516
4420,677,943
4421,677,1098
4422,677,978
4423,677,66
4424,677,412
4425,677,438
4426,677,997
4427,677,951
4428,677,542
4429,677,369
4430,677,510
4431,677,1063
4432,677,103
4433,677,1066
4434,677,1067
4435,677,817
4436,677,599
4437,677,1084
4438,677,1203
4439,677,495
4440,677,292
4441,677,965
4442,677,642
4443,677,432
4444,677,415
4445,677,255
4446,677,376
4447,677,1177
4448,677,1006
4449,677,250
4450,677,270
4451,677,1085
4452,677,163
4453,677,150
4454,677,481
4455,677,847
4456,677,746
4457,677,635
4458,677,507
4459,677,766
4460,677,155
4461,677,1116
4462,677,865
4463,677,1117
4464,451,433
4465,451,897
4466,451,320
4467,1079,975
4468,1079,1087
4469,1079,1244
4470,1079,1202
4471,1079,715
4472,1079,894
4473,1079,1031
4474,1079,688
4475,1079,502
4476,1079,978
4477,1079,1213
4478,1079,1063
4479,1079,1066
4480,1079,917
4481,1079,642
4482,1079,250
4483,1079,706
4484,1079,746
4485,1079,507
4486,649,969
4487,649,471
4488,649,218
4489,649,67
4490,649,419
4491,649,1138
4492,649,306
4493,649,293
4494,649,715
4495,649,1139
4496,649,89
4497,649,741
4498,649,931
4499,649,500
4500,649,702
4501,649,96
4502,649,103
4503,649,1153
4504,649,495
4505,649,427
4506,649,964
4507,649,482
4508,649,250
4509,649,746
4510,649,1182
4511,156,267
4512,156,556
4513,156,424
4514,156,1002
4515,156,992
4516,156,1
4517,156,793
4518,156,1135
4519,156,405
4520,156,975
4521,156,178
4522,156,90
4523,156,401
4524,156,297
4525,156,406
4526,156,1143
4527,156,633
4528,156,769
4529,156,447
4530,156,1093
4531,156,919
4532,156,532
4533,156,247
4534,156,584
4535,156,837
4536,156,85
4537,156,610
4538,156,324
4539,156,710
4540,156,515
4541,156,612
4542,156,239
4543,156,1239
4544,156,979
4545,156,696
4546,156,17
4547,156,544
4548,156,127
4549,156,1047
4550,156,19
4551,156,354
4552,156,4
4553,156,730
4554,156,1068
4555,156,526
4556,156,795
4557,156,55
4558,156,812
4559,156,572
4560,156,763
4561,156,503
4562,156,404
4563,156,651
4564,156,615
4565,156,991
4566,156,1092
4567,156,901
4568,156,969
4569,156,690
4570,156,46
4571,156,137
4572,156,1123
4573,156,1012
4574,156,350
4575,156,410
4576,156,821
4577,156,927
4578,156,719
4579,156,139
4580,156,15
4581,156,872
4582,156,215
4583,156,940
4584,156,112
4585,156,863
4586,156,874
4587,156,221
4588,156,525
4589,156,744
4590,156,826
4591,156,290
4592,156,421
4593,156,656
4594,156,196
4595,156,276
4596,156,838
4597,156,832
4598,156,778
4599,156,394
4600,156,52
4601,156,425
4602,156,905
4603,156,693
4604,156,555
4605,156,300
4606,156,471
4607,156,895
4608,156,1073
4609,156,391
4610,156,952
4611,156,218
4612,156,666
4613,156,924
4614,156,385
4615,156,192
4616,156,113
4617,156,480
4618,156,214
4619,156,131
4620,156,878
4621,156,460
4622,156,604
4623,156,652
4624,156,1158
4625,156,614
4626,156,887
4627,156,1157
4628,156,165
4629,156,768
4630,156,197
4631,156,1088
4632,156,864
4633,156,1071
4634,156,504
4635,156,67
4636,156,657
4637,156,777
4638,156,923
4639,156,987
4640,156,185
4641,156,1056
4642,156,1082
4643,156,1104
4644,156,1033
4645,156,258
4646,156,423
4647,156,153
4648,156,551
4649,156,831
4650,156,440
4651,156,670
4652,156,541
4653,156,559
4654,156,208
4655,156,983
4656,156,2
4657,156,1064
4658,156,1141
4659,156,27
4660,156,1008
4661,156,161
4662,156,419
4663,156,1144
4664,156,216
4665,156,855
4666,156,10
4667,156,558
4668,156,563
4669,156,212
4670,156,315
4671,156,449
4672,156,790
4673,156,133
4674,156,472
4675,156,397
4676,156,339
4677,156,632
4678,156,794
4679,156,942
4680,156,295
4681,156,461
4682,156,462
4683,156,984
4684,156,455
4685,156,641
4686,156,682
4687,156,505
4688,156,11
4689,156,554
4690,156,667
4691,156,586
4692,156,475
4693,156,435
4694,156,1110
4695,156,372
4696,156,1241
4697,156,193
4698,156,312
4699,156,797
4700,156,524
4701,156,320
4702,156,191
4703,156,1244
4704,156,904
4705,156,1029
4706,156,1184
4707,156,961
4708,156,617
4709,156,245
4710,156,547
4711,156,72
4712,156,205
4713,156,383
4714,156,319
4715,156,938
4716,156,357
4717,156,758
4718,156,251
4719,156,786
4720,156,959
4721,156,694
4722,156,1072
4723,156,474
4724,156,77
4725,156,1202
4726,156,378
4727,156,1180
4728,156,490
4729,156,1236
4730,156,531
4731,156,6
4732,156,485
4733,156,521
4734,156,204
4735,156,1138
4736,156,306
4737,156,322
4738,156,341
4739,156,1059
4740,156,408
4741,156,946
4742,156,465
4743,156,136
4744,156,1090
4745,156,1164
4746,156,120
4747,156,25
4748,156,224
4749,156,54
4750,156,799
4751,156,416
4752,156,238
4753,156,446
4754,156,293
4755,156,553
4756,156,634
4757,156,444
4758,156,1083
4759,156,1107
4760,156,723
4761,156,806
4762,156,141
4763,156,107
4764,156,68
4765,156,625
4766,156,454
4767,156,619
4768,156,662
4769,156,450
4770,156,1194
4771,156,873
4772,156,676
4773,156,523
4774,156,659
4775,156,936
4776,156,935
4777,156,715
4778,156,711
4779,156,130
4780,156,1242
4781,156,1159
4782,156,79
4783,156,148
4784,156,698
4785,156,140
4786,156,1101
4787,156,968
4788,156,535
4789,156,1166
4790,156,782
4791,156,747
4792,156,400
4793,156,804
4794,156,566
4795,156,1074
4796,156,1086
4797,156,278
4798,156,1010
4799,156,591
4800,156,753
4801,156,1060
4802,156,271
4803,156,953
4804,156,114
4805,156,47
4806,156,1005
4807,156,643
4808,156,497
4809,156,142
4810,156,12
4811,156,260
4812,156,665
4813,156,829
4814,156,639
4815,156,36
4816,156,473
4817,156,1192
4818,156,308
4819,156,91
4820,156,70
4821,156,708
4822,156,379
4823,156,377
4824,156,122
4825,156,835
4826,156,344
4827,156,342
4828,156,389
4829,156,402
4830,156,894
4831,156,1031
4832,156,840
4833,156,1139
4834,156,721
4835,156,688
4836,156,724
4837,156,798
4838,156,499
4839,156,630
4840,156,842
4841,156,593
4842,156,48
4843,156,520
4844,156,848
4845,156,18
4846,156,223
4847,156,373
4848,156,89
4849,156,109
4850,156,21
4851,156,3
4852,156,910
4853,156,741
4854,156,439
4855,156,1094
4856,156,958
4857,156,200
4858,156,745
4859,156,581
4860,156,325
4861,156,729
4862,156,469
4863,156,361
4864,156,349
4865,156,468
4866,156,516
4867,156,810
4868,156,1034
4869,156,982
4870,156,880
4871,156,931
4872,156,1037
4873,156,562
4874,156,564
4875,156,422
4876,156,568
4877,156,960
4878,156,464
4879,156,654
4880,156,859
4881,156,574
4882,156,502
4883,156,930
4884,156,943
4885,156,1098
4886,156,146
4887,156,977
4888,156,253
4889,156,978
4890,156,1032
4891,156,726
4892,156,249
4893,156,501
4894,156,448
4895,156,66
4896,156,228
4897,156,755
4898,156,330
4899,156,980
4900,156,431
4901,156,976
4902,156,452
4903,156,143
4904,156,429
4905,156,1219
4906,156,62
4907,156,117
4908,156,899
4909,156,522
4910,156,420
4911,156,788
4912,156,850
4913,156,852
4914,156,477
4915,156,213
4916,156,305
4917,156,913
4918,156,500
4919,156,836
4920,156,1154
4921,156,1198
4922,156,246
4923,156,413
4924,156,920
4925,156,412
4926,156,1058
4927,156,438
4928,156,60
4929,156,743
4930,156,653
4931,156,585
4932,156,951
4933,156,1213
4934,156,387
4935,156,57
4936,156,945
4937,156,340
4938,156,851
4939,156,578
4940,156,273
4941,156,1075
4942,156,939
4943,156,347
4944,156,545
4945,156,542
4946,156,528
4947,156,702
4948,156,1161
4949,156,538
4950,156,151
4951,156,981
4952,156,998
4953,156,1015
4954,156,206
4955,156,921
4956,156,1070
4957,156,776
4958,156,970
4959,156,644
4960,156,369
4961,156,1048
4962,156,83
4963,156,814
4964,156,893
4965,156,650
4966,156,645
4967,156,1231
4968,156,561
4969,156,234
4970,156,675
4971,156,7
4972,156,510
4973,156,517
4974,156,1063
4975,156,875
4976,156,1128
4977,156,227
4978,156,29
4979,156,110
4980,156,96
4981,156,103
4982,156,102
4983,156,101
4984,156,99
4985,156,1108
4986,156,1145
4987,156,602
4988,156,149
4989,156,1153
4990,156,957
4991,156,478
4992,156,418
4993,156,177
4994,156,1066
4995,156,1067
4996,156,88
4997,156,395
4998,156,543
4999,156,817
5000,156,254
5001,156,518
5002,156,599
5003,156,569
5004,156,1146
5005,156,118
5006,156,1243
5007,156,990
5008,156,1170
5009,156,1084
5010,156,638
5011,156,1230
5012,156,1203
5013,156,219
5014,156,1211
5015,156,974
5016,156,188
5017,156,495
5018,156,918
5019,156,152
5020,156,292
5021,156,886
5022,156,856
5023,156,336
5024,156,695
5025,156,888
5026,156,162
5027,156,917
5028,156,135
5029,156,34
5030,156,906
5031,156,944
5032,156,323
5033,156,841
5034,156,1125
5035,156,269
5036,156,757
5037,156,689
5038,156,427
5039,156,965
5040,156,494
5041,156,964
5042,156,539
5043,156,833
5044,156,482
5045,156,337
5046,156,207
5047,156,828
5048,156,1030
5049,156,1168
5050,156,548
5051,156,488
5052,156,1208
5053,156,642
5054,156,950
5055,156,613
5056,156,432
5057,156,366
5058,156,415
5059,156,765
5060,156,255
5061,156,376
5062,156,1167
5063,156,428
5064,156,1099
5065,156,1177
5066,156,1131
5067,156,1006
5068,156,967
5069,156,775
5070,156,1007
5071,156,922
5072,156,824
5073,156,250
5074,156,966
5075,156,426
5076,156,270
5077,156,1085
5078,156,163
5079,156,180
5080,156,854
5081,156,560
5082,156,263
5083,156,1038
5084,156,999
5085,156,1207
5086,156,42
5087,156,1043
5088,156,737
5089,156,686
5090,156,266
5091,156,628
5092,156,351
5093,156,783
5094,156,150
5095,156,519
5096,156,244
5097,156,846
5098,156,742
5099,156,672
5100,156,962
5101,156,1174
5102,156,1224
5103,156,847
5104,156,1187
5105,156,706
5106,156,346
5107,156,1196
5108,156,860
5109,156,514
5110,156,1020
5111,156,1057
5112,156,746
5113,156,635
5114,156,288
5115,156,119
5116,156,313
5117,156,434
5118,156,507
5119,156,1095
5120,156,1136
5121,156,789
5122,156,358
5123,156,660
5124,156,1195
5125,156,622
5126,156,1181
5127,156,1225
5128,156,16
5129,156,636
5130,156,298
5131,156,157
5132,156,352
5133,156,1226
5134,156,674
5135,156,766
5136,156,1077
5137,156,722
5138,156,1016
5139,156,155
5140,156,1116
5141,156,1017
5142,156,1109
5143,156,1050
5144,156,867
5145,156,866
5146,156,865
5147,156,1111
5148,156,1051
5149,156,1026
5150,156,1119
5151,156,1182
5152,156,576
5153,156,1216
5154,781,417
5155,781,793
5156,781,1135
5157,781,90
5158,781,297
5159,781,406
5160,781,1143
5161,781,633
5162,781,769
5163,781,919
5164,781,902
5165,781,897
5166,781,532
5167,781,837
5168,781,324
5169,781,979
5170,781,696
5171,781,354
5172,781,909
5173,781,526
5174,781,795
5175,781,812
5176,781,572
5177,781,763
5178,781,853
5179,781,969
5180,781,215
5181,781,236
5182,781,826
5183,781,905
5184,781,471
5185,781,1073
5186,781,391
5187,781,594
5188,781,952
5189,781,187
5190,781,218
5191,781,666
5192,781,192
5193,781,214
5194,781,131
5195,781,460
5196,781,652
5197,781,1157
5198,781,165
5199,781,768
5200,781,1179
5201,781,504
5202,781,67
5203,781,923
5204,781,987
5205,781,670
5206,781,10
5207,781,558
5208,781,315
5209,781,1065
5210,781,475
5211,781,33
5212,781,648
5213,781,435
5214,781,372
5215,781,312
5216,781,524
5217,781,184
5218,781,319
5219,781,786
5220,781,694
5221,781,1202
5222,781,1180
5223,781,490
5224,781,6
5225,781,521
5226,781,204
5227,781,367
5228,781,306
5229,781,322
5230,781,611
5231,781,136
5232,781,799
5233,781,416
5234,781,238
5235,781,446
5236,781,293
5237,781,634
5238,781,444
5239,781,1083
5240,781,141
5241,781,619
5242,781,873
5243,781,523
5244,781,935
5245,781,713
5246,781,715
5247,781,64
5248,781,1159
5249,781,698
5250,781,140
5251,781,1166
5252,781,749
5253,781,566
5254,781,278
5255,781,591
5256,781,753
5257,781,829
5258,781,1221
5259,781,583
5260,781,91
5261,781,835
5262,781,344
5263,781,894
5264,781,18
5265,781,223
5266,781,89
5267,781,325
5268,781,527
5269,781,516
5270,781,557
5271,781,973
5272,781,931
5273,781,1037
5274,781,464
5275,781,859
5276,781,930
5277,781,1127
5278,781,249
5279,781,1235
5280,781,429
5281,781,949
5282,781,500
5283,781,246
5284,781,1058
5285,781,57
5286,781,945
5287,781,578
5288,781,273
5289,781,939
5290,781,528
5291,781,702
5292,781,998
5293,781,206
5294,781,466
5295,781,83
5296,781,650
5297,781,7
5298,781,1063
5299,781,1080
5300,781,103
5301,781,102
5302,781,99
5303,781,1108
5304,781,1124
5305,781,478
5306,781,739
5307,781,241
5308,781,752
5309,781,1066
5310,781,395
5311,781,817
5312,781,254
5313,781,569
5314,781,1146
5315,781,198
5316,781,1160
5317,781,1084
5318,781,974
5319,781,188
5320,781,292
5321,781,886
5322,781,336
5323,781,841
5324,781,269
5325,781,757
5326,781,427
5327,781,965
5328,781,964
5329,781,540
5330,781,539
5331,781,482
5332,781,488
5333,781,642
5334,781,955
5335,781,1167
5336,781,428
5337,781,1006
5338,781,1007
5339,781,250
5340,781,1085
5341,781,266
5342,781,628
5343,781,129
5344,781,150
5345,781,1011
5346,781,514
5347,781,746
5348,781,313
5349,781,442
5350,781,23
5351,781,622
5352,781,1225
5353,781,766
5354,781,1096
5355,781,867
5356,781,1182
5357,1130,793
5358,1130,1135
5359,1130,405
5360,1130,975
5361,1130,598
5362,1130,90
5363,1130,297
5364,1130,406
5365,1130,1143
5366,1130,633
5367,1130,769
5368,1130,447
5369,1130,20
5370,1130,1093
5371,1130,919
5372,1130,532
5373,1130,247
5374,1130,584
5375,1130,85
5376,1130,324
5377,1130,612
5378,1130,696
5379,1130,17
5380,1130,354
5381,1130,4
5382,1130,909
5383,1130,526
5384,1130,795
5385,1130,1237
5386,1130,572
5387,1130,763
5388,1130,853
5389,1130,969
5390,1130,137
5391,1130,350
5392,1130,410
5393,1130,821
5394,1130,719
5395,1130,15
5396,1130,215
5397,1130,826
5398,1130,421
5399,1130,832
5400,1130,394
5401,1130,905
5402,1130,300
5403,1130,471
5404,1130,895
5405,1130,1073
5406,1130,952
5407,1130,187
5408,1130,218
5409,1130,666
5410,1130,192
5411,1130,480
5412,1130,380
5413,1130,618
5414,1130,131
5415,1130,604
5416,1130,652
5417,1130,1157
5418,1130,165
5419,1130,1088
5420,1130,864
5421,1130,1179
5422,1130,1071
5423,1130,504
5424,1130,67
5425,1130,987
5426,1130,185
5427,1130,1082
5428,1130,1104
5429,1130,423
5430,1130,440
5431,1130,670
5432,1130,208
5433,1130,983
5434,1130,1064
5435,1130,1193
5436,1130,10
5437,1130,558
5438,1130,397
5439,1130,641
5440,1130,586
5441,1130,475
5442,1130,648
5443,1130,435
5444,1130,312
5445,1130,963
5446,1130,524
5447,1130,191
5448,1130,386
5449,1130,617
5450,1130,184
5451,1130,547
5452,1130,383
5453,1130,319
5454,1130,357
5455,1130,786
5456,1130,694
5457,1130,1072
5458,1130,474
5459,1130,382
5460,1130,1202
5461,1130,378
5462,1130,6
5463,1130,204
5464,1130,1138
5465,1130,306
5466,1130,1059
5467,1130,720
5468,1130,611
5469,1130,465
5470,1130,136
5471,1130,799
5472,1130,416
5473,1130,238
5474,1130,116
5475,1130,293
5476,1130,634
5477,1130,444
5478,1130,1083
5479,1130,141
5480,1130,68
5481,1130,619
5482,1130,1194
5483,1130,873
5484,1130,523
5485,1130,659
5486,1130,935
5487,1130,713
5488,1130,715
5489,1130,711
5490,1130,1055
5491,1130,64
5492,1130,130
5493,1130,1159
5494,1130,148
5495,1130,698
5496,1130,140
5497,1130,1166
5498,1130,749
5499,1130,566
5500,1130,278
5501,1130,591
5502,1130,753
5503,1130,953
5504,1130,356
5505,1130,142
5506,1130,829
5507,1130,708
5508,1130,835
5509,1130,734
5510,1130,630
5511,1130,520
5512,1130,18
5513,1130,223
5514,1130,89
5515,1130,109
5516,1130,200
5517,1130,581
5518,1130,729
5519,1130,577
5520,1130,516
5521,1130,557
5522,1130,931
5523,1130,1037
5524,1130,562
5525,1130,568
5526,1130,464
5527,1130,859
5528,1130,930
5529,1130,66
5530,1130,332
5531,1130,335
5532,1130,143
5533,1130,899
5534,1130,411
5535,1130,949
5536,1130,1185
5537,1130,305
5538,1130,500
5539,1130,836
5540,1130,1154
5541,1130,217
5542,1130,412
5543,1130,1058
5544,1130,438
5545,1130,585
5546,1130,57
5547,1130,945
5548,1130,362
5549,1130,578
5550,1130,273
5551,1130,939
5552,1130,702
5553,1130,870
5554,1130,998
5555,1130,1015
5556,1130,206
5557,1130,1070
5558,1130,776
5559,1130,466
5560,1130,369
5561,1130,83
5562,1130,95
5563,1130,510
5564,1130,1128
5565,1130,1080
5566,1130,96
5567,1130,103
5568,1130,374
5569,1130,1108
5570,1130,1124
5571,1130,1153
5572,1130,478
5573,1130,418
5574,1130,311
5575,1130,752
5576,1130,1066
5577,1130,1067
5578,1130,395
5579,1130,817
5580,1130,254
5581,1130,569
5582,1130,1146
5583,1130,198
5584,1130,1160
5585,1130,1084
5586,1130,1230
5587,1130,188
5588,1130,495
5589,1130,886
5590,1130,162
5591,1130,917
5592,1130,759
5593,1130,760
5594,1130,841
5595,1130,1125
5596,1130,757
5597,1130,427
5598,1130,965
5599,1130,494
5600,1130,964
5601,1130,540
5602,1130,539
5603,1130,482
5604,1130,548
5605,1130,488
5606,1130,950
5607,1130,613
5608,1130,955
5609,1130,176
5610,1130,1167
5611,1130,1131
5612,1130,1006
5613,1130,1007
5614,1130,250
5615,1130,966
5616,1130,1085
5617,1130,163
5618,1130,854
5619,1130,999
5620,1130,266
5621,1130,628
5622,1130,129
5623,1130,783
5624,1130,150
5625,1130,672
5626,1130,847
5627,1130,1011
5628,1130,1196
5629,1130,514
5630,1130,746
5631,1130,30
5632,1130,288
5633,1130,313
5634,1130,507
5635,1130,705
5636,1130,660
5637,1130,442
5638,1130,23
5639,1130,1195
5640,1130,622
5641,1130,381
5642,1130,722
5643,1130,1109
5644,1130,1096
5645,1130,867
5646,1130,1118
5647,345,532
5648,345,979
5649,345,905
5650,345,192
5651,345,652
5652,345,67
5653,345,987
5654,345,397
5655,345,306
5656,345,659
5657,345,1185
5658,345,1213
5659,345,103
5660,345,478
5661,345,1203
5662,345,495
5663,345,841
5664,345,427
5665,345,482
5666,345,1168
5667,345,180
5668,684,405
5669,684,204
5670,684,597
5671,1140,1093
5672,1140,979
5673,1140,948
5674,1140,978
5675,1140,1058
5676,1140,1213
5677,1140,1063
5678,1140,495
5679,1140,917
5680,1165,178
5681,1165,297
5682,1165,406
5683,1165,447
5684,1165,1093
5685,1165,919
5686,1165,532
5687,1165,85
5688,1165,324
5689,1165,1239
5690,1165,979
5691,1165,696
5692,1165,544
5693,1165,1068
5694,1165,1237
5695,1165,969
5696,1165,46
5697,1165,410
5698,1165,525
5699,1165,646
5700,1165,421
5701,1165,838
5702,1165,471
5703,1165,895
5704,1165,218
5705,1165,131
5706,1165,1179
5707,1165,1071
5708,1165,504
5709,1165,67
5710,1165,987
5711,1165,1104
5712,1165,258
5713,1165,440
5714,1165,670
5715,1165,208
5716,1165,2
5717,1165,1008
5718,1165,10
5719,1165,212
5720,1165,641
5721,1165,372
5722,1165,1244
5723,1165,904
5724,1165,694
5725,1165,1202
5726,1165,1236
5727,1165,485
5728,1165,204
5729,1165,1138
5730,1165,306
5731,1165,341
5732,1165,1019
5733,1165,293
5734,1165,1083
5735,1165,1107
5736,1165,873
5737,1165,715
5738,1165,698
5739,1165,1101
5740,1165,47
5741,1165,829
5742,1165,1192
5743,1165,308
5744,1165,708
5745,1165,894
5746,1165,688
5747,1165,89
5748,1165,200
5749,1165,581
5750,1165,469
5751,1165,516
5752,1165,1037
5753,1165,960
5754,1165,654
5755,1165,1098
5756,1165,146
5757,1165,66
5758,1165,755
5759,1165,431
5760,1165,452
5761,1165,143
5762,1165,1218
5763,1165,213
5764,1165,500
5765,1165,1198
5766,1165,412
5767,1165,1058
5768,1165,438
5769,1165,997
5770,1165,743
5771,1165,951
5772,1165,578
5773,1165,1075
5774,1165,939
5775,1165,151
5776,1165,921
5777,1165,650
5778,1165,675
5779,1165,1128
5780,1165,96
5781,1165,418
5782,1165,395
5783,1165,543
5784,1165,817
5785,1165,1084
5786,1165,1203
5787,1165,974
5788,1165,495
5789,1165,494
5790,1165,964
5791,1165,1030
5792,1165,548
5793,1165,488
5794,1165,432
5795,1165,415
5796,1165,862
5797,1165,255
5798,1165,250
5799,1165,266
5800,1165,706
5801,1165,514
5802,1165,225
5803,1165,1057
5804,1165,746
5805,1165,635
5806,1165,119
5807,1165,507
5808,1165,16
5809,1165,636
5810,1165,766
5811,1165,26
5812,1165,155
5813,1165,1117
5814,1165,1097
5815,567,992
5816,567,297
5817,567,406
5818,567,633
5819,567,447
5820,567,919
5821,567,532
5822,567,247
5823,567,85
5824,567,979
5825,567,544
5826,567,909
5827,567,730
5828,567,1068
5829,567,821
5830,567,394
5831,567,905
5832,567,471
5833,567,895
5834,567,666
5835,567,385
5836,567,214
5837,567,131
5838,567,197
5839,567,67
5840,567,258
5841,567,10
5842,567,1110
5843,567,372
5844,567,904
5845,567,786
5846,567,694
5847,567,474
5848,567,490
5849,567,204
5850,567,1138
5851,567,306
5852,567,341
5853,567,1059
5854,567,416
5855,567,238
5856,567,293
5857,567,68
5858,567,873
5859,567,715
5860,567,698
5861,567,1101
5862,567,953
5863,567,1005
5864,567,829
5865,567,377
5866,567,1031
5867,567,1139
5868,567,373
5869,567,439
5870,567,516
5871,567,880
5872,567,931
5873,567,1037
5874,567,568
5875,567,755
5876,567,500
5877,567,1058
5878,567,743
5879,567,951
5880,567,57
5881,567,340
5882,567,1075
5883,567,939
5884,567,528
5885,567,702
5886,567,650
5887,567,1063
5888,567,96
5889,567,103
5890,567,99
5891,567,1067
5892,567,395
5893,567,254
5894,567,1084
5895,567,495
5896,567,292
5897,567,886
5898,567,34
5899,567,841
5900,567,757
5901,567,427
5902,567,539
5903,567,482
5904,567,828
5905,567,488
5906,567,255
5907,567,1006
5908,567,775
5909,567,824
5910,567,250
5911,567,933
5912,567,847
5913,567,860
5914,567,746
5915,567,358
5916,567,722
5917,567,1050
5918,459,792
5919,459,1143
5920,459,447
5921,459,1093
5922,459,324
5923,459,979
5924,459,525
5925,459,646
5926,459,805
5927,459,1106
5928,459,385
5929,459,887
5930,459,504
5931,459,987
5932,459,1056
5933,459,1008
5934,459,1087
5935,459,984
5936,459,331
5937,459,232
5938,459,1244
5939,459,904
5940,459,989
5941,459,1072
5942,459,1202
5943,459,1053
5944,459,1138
5945,459,306
5946,459,341
5947,459,1059
5948,459,1083
5949,459,1212
5950,459,201
5951,459,662
5952,459,873
5953,459,935
5954,459,715
5955,459,1101
5956,459,953
5957,459,142
5958,459,344
5959,459,1031
5960,459,688
5961,459,520
5962,459,1122
5963,459,393
5964,459,516
5965,459,810
5966,459,564
5967,459,1091
5968,459,574
5969,459,943
5970,459,1098
5971,459,146
5972,459,168
5973,459,980
5974,459,1058
5975,459,57
5976,459,939
5977,459,528
5978,459,893
5979,459,7
5980,459,1063
5981,459,1080
5982,459,374
5983,459,149
5984,459,1153
5985,459,1066
5986,459,1067
5987,459,254
5988,459,990
5989,459,1084
5990,459,770
5991,459,219
5992,459,1211
5993,459,974
5994,459,53
5995,459,993
5996,459,917
5997,459,34
5998,459,476
5999,459,964
6000,459,415
6001,459,775
6002,459,824
6003,459,250
6004,459,270
6005,459,1085
6006,459,686
6007,459,266
6008,459,628
6009,459,150
6010,459,225
6011,459,119
6012,459,507
6013,459,358
6014,459,1181
6015,459,157
6016,459,766
6017,459,865
6018,390,1143
6019,390,127
6020,390,802
6021,390,212
6022,390,1083
6023,390,469
6024,390,654
6025,390,974
6026,8,919
6027,8,969
6028,8,1012
6029,8,394
6030,8,905
6031,8,192
6032,8,1157
6033,8,67
6034,8,10
6035,8,372
6036,8,547
6037,8,694
6038,8,474
6039,8,1138
6040,8,306
6041,8,341
6042,8,293
6043,8,523
6044,8,715
6045,8,835
6046,8,1139
6047,8,89
6048,8,899
6049,8,500
6050,8,188
6051,8,495
6052,8,292
6053,8,162
6054,8,841
6055,8,427
6056,8,964
6057,8,482
6058,8,488
6059,8,250
6060,8,628
6061,8,746
6062,8,1181
6063,8,867
6064,51,979
6065,51,10
6066,51,502
6067,51,978
6068,51,1058
6069,51,207
6070,51,746
6071,785,793
6072,785,1093
6073,785,544
6074,785,1068
6075,785,1088
6076,785,1179
6077,785,419
6078,785,10
6079,785,455
6080,785,312
6081,785,1202
6082,785,873
6083,785,1010
6084,785,953
6085,785,473
6086,785,379
6087,785,89
6088,785,439
6089,785,931
6090,785,464
6091,785,978
6092,785,913
6093,785,653
6094,785,585
6095,785,545
6096,785,776
6097,785,96
6098,785,917
6099,785,427
6100,785,337
6101,733,975
6102,733,1064
6103,733,1202
6104,733,1138
6105,733,715
6106,733,1031
6107,733,1213
6108,733,1063
6109,733,1067
6110,733,1230
6111,733,917
6112,733,642
6113,733,255
6114,733,180
6115,733,706
6116,1186,544
6117,1186,1202
6118,1186,68
6119,1186,953
6120,1186,829
6121,1186,1031
6122,1186,960
6123,1186,654
6124,1186,978
6125,1186,1058
6126,1186,776
6127,1186,675
6128,1186,917
6129,1186,207
6130,1186,865
6131,409,975
6132,409,979
6133,409,1157
6134,409,1087
6135,409,1244
6136,409,904
6137,409,1202
6138,409,908
6139,409,1138
6140,409,715
6141,409,1101
6142,409,829
6143,409,1031
6144,409,978
6145,409,1058
6146,409,1063
6147,409,1067
6148,409,1125
6149,409,207
6150,409,255
6151,409,1099
6152,409,706
6153,409,746
6154,409,507
6155,948,919
6156,948,979
6157,948,137
6158,948,831
6159,948,397
6160,948,1138
6161,948,377
6162,948,349
6163,948,502
6164,948,978
6165,948,1213
6166,948,103
6167,948,207
6168,946,979
6169,946,471
6170,946,551
6171,946,1064
6172,946,984
6173,946,319
6174,946,1202
6175,946,204
6176,946,1138
6177,946,1059
6178,946,68
6179,946,1242
6180,946,1101
6181,946,804
6182,946,36
6183,946,349
6184,946,502
6185,946,1098
6186,946,978
6187,946,1213
6188,946,1063
6189,946,103
6190,946,886
6191,946,917
6192,946,207
6193,946,1168
6194,946,642
6195,946,163
6196,946,180
6197,946,746
6198,317,1025
6199,317,1135
6200,317,975
6201,317,655
6202,317,363
6203,317,447
6204,317,902
6205,317,123
6206,317,537
6207,317,584
6208,317,763
6209,317,901
6210,317,350
6211,317,394
6212,317,693
6213,317,555
6214,317,937
6215,317,339
6216,317,71
6217,317,929
6218,317,492
6219,317,353
6220,317,322
6221,317,1059
6222,317,720
6223,317,416
6224,317,293
6225,317,601
6226,317,698
6227,317,968
6228,317,583
6229,317,91
6230,317,630
6231,317,89
6232,317,439
6233,317,468
6234,317,871
6235,317,516
6236,317,931
6237,317,348
6238,317,145
6239,317,146
6240,317,501
6241,317,755
6242,317,522
6243,317,1218
6244,317,213
6245,317,578
6246,317,773
6247,317,347
6248,317,1066
6249,317,118
6250,317,638
6251,317,965
6252,317,775
6253,317,933
6254,317,172
6255,317,609
6256,317,222
6257,317,119
6258,317,352
6259,317,766
6260,317,1109
6261,68,194
6262,68,267
6263,68,556
6264,68,671
6265,68,424
6266,68,1002
6267,68,992
6268,68,1
6269,68,793
6270,68,1135
6271,68,405
6272,68,975
6273,68,178
6274,68,256
6275,68,655
6276,68,90
6277,68,401
6278,68,596
6279,68,297
6280,68,363
6281,68,406
6282,68,1143
6283,68,633
6284,68,769
6285,68,447
6286,68,1093
6287,68,919
6288,68,532
6289,68,247
6290,68,584
6291,68,837
6292,68,771
6293,68,85
6294,68,610
6295,68,324
6296,68,1234
6297,68,710
6298,68,515
6299,68,612
6300,68,239
6301,68,1239
6302,68,979
6303,68,17
6304,68,1201
6305,68,1173
6306,68,1205
6307,68,544
6308,68,195
6309,68,127
6310,68,1047
6311,68,19
6312,68,4
6313,68,909
6314,68,730
6315,68,1068
6316,68,526
6317,68,1188
6318,68,1237
6319,68,801
6320,68,55
6321,68,812
6322,68,572
6323,68,503
6324,68,404
6325,68,651
6326,68,582
6327,68,991
6328,68,1092
6329,68,901
6330,68,707
6331,68,969
6332,68,690
6333,68,46
6334,68,137
6335,68,1123
6336,68,820
6337,68,1012
6338,68,226
6339,68,350
6340,68,410
6341,68,821
6342,68,927
6343,68,719
6344,68,139
6345,68,15
6346,68,779
6347,68,872
6348,68,182
6349,68,843
6350,68,272
6351,68,215
6352,68,309
6353,68,940
6354,68,112
6355,68,863
6356,68,307
6357,68,874
6358,68,525
6359,68,744
6360,68,607
6361,68,748
6362,68,826
6363,68,290
6364,68,646
6365,68,421
6366,68,656
6367,68,196
6368,68,276
6369,68,838
6370,68,832
6371,68,778
6372,68,394
6373,68,52
6374,68,805
6375,68,425
6376,68,905
6377,68,882
6378,68,300
6379,68,471
6380,68,895
6381,68,1073
6382,68,952
6383,68,187
6384,68,218
6385,68,666
6386,68,924
6387,68,1106
6388,68,385
6389,68,192
6390,68,113
6391,68,480
6392,68,214
6393,68,131
6394,68,1133
6395,68,878
6396,68,460
6397,68,604
6398,68,652
6399,68,1158
6400,68,1014
6401,68,887
6402,68,1157
6403,68,165
6404,68,768
6405,68,197
6406,68,890
6407,68,1088
6408,68,864
6409,68,1179
6410,68,1071
6411,68,80
6412,68,504
6413,68,268
6414,68,67
6415,68,657
6416,68,777
6417,68,923
6418,68,802
6419,68,987
6420,68,185
6421,68,1056
6422,68,1082
6423,68,1104
6424,68,1033
6425,68,258
6426,68,423
6427,68,551
6428,68,831
6429,68,891
6430,68,440
6431,68,670
6432,68,541
6433,68,559
6434,68,208
6435,68,983
6436,68,229
6437,68,2
6438,68,1064
6439,68,1141
6440,68,27
6441,68,1008
6442,68,161
6443,68,647
6444,68,419
6445,68,1144
6446,68,216
6447,68,855
6448,68,10
6449,68,558
6450,68,563
6451,68,212
6452,68,315
6453,68,449
6454,68,78
6455,68,790
6456,68,133
6457,68,472
6458,68,397
6459,68,339
6460,68,632
6461,68,794
6462,68,942
6463,68,295
6464,68,1087
6465,68,461
6466,68,462
6467,68,984
6468,68,455
6469,68,641
6470,68,682
6471,68,505
6472,68,11
6473,68,167
6474,68,554
6475,68,1065
6476,68,331
6477,68,667
6478,68,586
6479,68,475
6480,68,49
6481,68,435
6482,68,1110
6483,68,372
6484,68,1041
6485,68,1241
6486,68,343
6487,68,193
6488,68,40
6489,68,312
6490,68,797
6491,68,524
6492,68,320
6493,68,28
6494,68,191
6495,68,1244
6496,68,904
6497,68,1029
6498,68,1184
6499,68,961
6500,68,617
6501,68,1000
6502,68,245
6503,68,205
6504,68,383
6505,68,319
6506,68,938
6507,68,231
6508,68,845
6509,68,357
6510,68,32
6511,68,233
6512,68,786
6513,68,694
6514,68,1072
6515,68,474
6516,68,77
6517,68,1202
6518,68,378
6519,68,1180
6520,68,661
6521,68,490
6522,68,1236
6523,68,531
6524,68,56
6525,68,0
6526,68,6
6527,68,908
6528,68,392
6529,68,784
6530,68,521
6531,68,204
6532,68,353
6533,68,1138
6534,68,384
6535,68,306
6536,68,322
6537,68,341
6538,68,1059
6539,68,720
6540,68,408
6541,68,948
6542,68,946
6543,68,465
6544,68,136
6545,68,1090
6546,68,1164
6547,68,359
6548,68,120
6549,68,25
6550,68,224
6551,68,54
6552,68,669
6553,68,799
6554,68,822
6555,68,416
6556,68,238
6557,68,116
6558,68,446
6559,68,293
6560,68,553
6561,68,634
6562,68,444
6563,68,1083
6564,68,601
6565,68,1107
6566,68,141
6567,68,107
6568,68,68
6569,68,14
6570,68,625
6571,68,454
6572,68,619
6573,68,662
6574,68,450
6575,68,1194
6576,68,873
6577,68,676
6578,68,523
6579,68,659
6580,68,936
6581,68,935
6582,68,715
6583,68,711
6584,68,1055
6585,68,64
6586,68,130
6587,68,1242
6588,68,1159
6589,68,220
6590,68,79
6591,68,148
6592,68,698
6593,68,883
6594,68,1101
6595,68,968
6596,68,467
6597,68,956
6598,68,1166
6599,68,751
6600,68,747
6601,68,400
6602,68,804
6603,68,147
6604,68,1074
6605,68,1199
6606,68,1086
6607,68,278
6608,68,1010
6609,68,316
6610,68,827
6611,68,591
6612,68,1060
6613,68,271
6614,68,509
6615,68,953
6616,68,114
6617,68,47
6618,68,1005
6619,68,1171
6620,68,356
6621,68,643
6622,68,497
6623,68,142
6624,68,12
6625,68,260
6626,68,665
6627,68,829
6628,68,1221
6629,68,639
6630,68,1197
6631,68,39
6632,68,36
6633,68,252
6634,68,473
6635,68,1192
6636,68,308
6637,68,91
6638,68,70
6639,68,708
6640,68,379
6641,68,377
6642,68,122
6643,68,835
6644,68,344
6645,68,342
6646,68,389
6647,68,402
6648,68,894
6649,68,1031
6650,68,1139
6651,68,721
6652,68,597
6653,68,734
6654,68,688
6655,68,724
6656,68,798
6657,68,499
6658,68,630
6659,68,842
6660,68,593
6661,68,48
6662,68,520
6663,68,848
6664,68,18
6665,68,223
6666,68,373
6667,68,89
6668,68,109
6669,68,21
6670,68,741
6671,68,1122
6672,68,1240
6673,68,439
6674,68,1094
6675,68,958
6676,68,200
6677,68,745
6678,68,581
6679,68,325
6680,68,729
6681,68,469
6682,68,361
6683,68,349
6684,68,527
6685,68,468
6686,68,871
6687,68,516
6688,68,810
6689,68,1034
6690,68,982
6691,68,849
6692,68,557
6693,68,973
6694,68,880
6695,68,931
6696,68,1045
6697,68,1037
6698,68,562
6699,68,564
6700,68,422
6701,68,568
6702,68,960
6703,68,230
6704,68,1091
6705,68,1089
6706,68,834
6707,68,464
6708,68,654
6709,68,859
6710,68,574
6711,68,502
6712,68,930
6713,68,943
6714,68,1098
6715,68,146
6716,68,977
6717,68,253
6718,68,978
6719,68,726
6720,68,249
6721,68,501
6722,68,448
6723,68,66
6724,68,228
6725,68,755
6726,68,330
6727,68,168
6728,68,980
6729,68,431
6730,68,976
6731,68,452
6732,68,143
6733,68,429
6734,68,1219
6735,68,62
6736,68,117
6737,68,899
6738,68,522
6739,68,949
6740,68,788
6741,68,1185
6742,68,1218
6743,68,850
6744,68,852
6745,68,213
6746,68,913
6747,68,500
6748,68,836
6749,68,1154
6750,68,217
6751,68,1198
6752,68,246
6753,68,1169
6754,68,413
6755,68,920
6756,68,412
6757,68,1058
6758,68,438
6759,68,603
6760,68,997
6761,68,60
6762,68,743
6763,68,653
6764,68,585
6765,68,951
6766,68,1213
6767,68,57
6768,68,1172
6769,68,945
6770,68,340
6771,68,445
6772,68,851
6773,68,578
6774,68,1075
6775,68,365
6776,68,939
6777,68,773
6778,68,347
6779,68,545
6780,68,542
6781,68,528
6782,68,702
6783,68,1161
6784,68,538
6785,68,151
6786,68,1142
6787,68,981
6788,68,998
6789,68,1015
6790,68,206
6791,68,921
6792,68,1023
6793,68,1070
6794,68,776
6795,68,22
6796,68,811
6797,68,926
6798,68,970
6799,68,508
6800,68,466
6801,68,644
6802,68,369
6803,68,124
6804,68,1162
6805,68,1048
6806,68,83
6807,68,814
6808,68,893
6809,68,650
6810,68,645
6811,68,1231
6812,68,561
6813,68,234
6814,68,675
6815,68,7
6816,68,510
6817,68,517
6818,68,1063
6819,68,844
6820,68,1128
6821,68,227
6822,68,1080
6823,68,29
6824,68,110
6825,68,96
6826,68,103
6827,68,102
6828,68,101
6829,68,99
6830,68,767
6831,68,374
6832,68,1108
6833,68,1145
6834,68,673
6835,68,1200
6836,68,602
6837,68,149
6838,68,37
6839,68,1153
6840,68,957
6841,68,478
6842,68,418
6843,68,177
6844,68,93
6845,68,311
6846,68,1066
6847,68,1067
6848,68,88
6849,68,395
6850,68,543
6851,68,108
6852,68,817
6853,68,254
6854,68,518
6855,68,599
6856,68,569
6857,68,1243
6858,68,299
6859,68,198
6860,68,1170
6861,68,1084
6862,68,638
6863,68,770
6864,68,1230
6865,68,1203
6866,68,219
6867,68,549
6868,68,1211
6869,68,974
6870,68,106
6871,68,506
6872,68,188
6873,68,495
6874,68,918
6875,68,152
6876,68,292
6877,68,886
6878,68,856
6879,68,336
6880,68,1148
6881,68,162
6882,68,917
6883,68,135
6884,68,476
6885,68,759
6886,68,944
6887,68,716
6888,68,323
6889,68,841
6890,68,1125
6891,68,269
6892,68,757
6893,68,689
6894,68,427
6895,68,965
6896,68,494
6897,68,964
6898,68,539
6899,68,833
6900,68,482
6901,68,337
6902,68,207
6903,68,828
6904,68,1030
6905,68,1168
6906,68,548
6907,68,488
6908,68,1208
6909,68,75
6910,68,642
6911,68,950
6912,68,613
6913,68,432
6914,68,366
6915,68,183
6916,68,415
6917,68,862
6918,68,765
6919,68,255
6920,68,376
6921,68,428
6922,68,1099
6923,68,796
6924,68,1177
6925,68,1131
6926,68,1006
6927,68,967
6928,68,775
6929,68,1007
6930,68,922
6931,68,824
6932,68,250
6933,68,966
6934,68,426
6935,68,270
6936,68,1085
6937,68,163
6938,68,180
6939,68,854
6940,68,35
6941,68,560
6942,68,1024
6943,68,1038
6944,68,999
6945,68,1207
6946,68,42
6947,68,1043
6948,68,737
6949,68,686
6950,68,266
6951,68,628
6952,68,933
6953,68,351
6954,68,783
6955,68,932
6956,68,150
6957,68,519
6958,68,244
6959,68,172
6960,68,481
6961,68,742
6962,68,608
6963,68,672
6964,68,962
6965,68,609
6966,68,1174
6967,68,1224
6968,68,486
6969,68,847
6970,68,1187
6971,68,706
6972,68,346
6973,68,1011
6974,68,1196
6975,68,860
6976,68,514
6977,68,225
6978,68,1020
6979,68,1057
6980,68,746
6981,68,1121
6982,68,635
6983,68,30
6984,68,119
6985,68,313
6986,68,434
6987,68,507
6988,68,1095
6989,68,1136
6990,68,789
6991,68,358
6992,68,82
6993,68,1027
6994,68,456
6995,68,705
6996,68,660
6997,68,1195
6998,68,622
6999,68,1181
7000,68,381
7001,68,16
7002,68,636
7003,68,298
7004,68,157
7005,68,1113
7006,68,1226
7007,68,565
7008,68,674
7009,68,766
7010,68,1077
7011,68,1016
7012,68,26
7013,68,453
7014,68,155
7015,68,274
7016,68,1116
7017,68,1017
7018,68,1109
7019,68,1050
7020,68,1115
7021,68,867
7022,68,866
7023,68,865
7024,68,1111
7025,68,1051
7026,68,1026
7027,68,1119
7028,68,1182
7029,68,576
7030,68,1216
7031,1028,424
7032,1028,405
7033,1028,975
7034,1028,90
7035,1028,297
7036,1028,406
7037,1028,1143
7038,1028,633
7039,1028,769
7040,1028,447
7041,1028,1093
7042,1028,919
7043,1028,532
7044,1028,584
7045,1028,837
7046,1028,85
7047,1028,324
7048,1028,515
7049,1028,612
7050,1028,239
7051,1028,979
7052,1028,696
7053,1028,544
7054,1028,4
7055,1028,730
7056,1028,1068
7057,1028,795
7058,1028,812
7059,1028,572
7060,1028,404
7061,1028,615
7062,1028,1092
7063,1028,901
7064,1028,969
7065,1028,46
7066,1028,137
7067,1028,1012
7068,1028,410
7069,1028,821
7070,1028,215
7071,1028,863
7072,1028,874
7073,1028,276
7074,1028,838
7075,1028,394
7076,1028,905
7077,1028,693
7078,1028,471
7079,1028,895
7080,1028,1073
7081,1028,952
7082,1028,218
7083,1028,192
7084,1028,113
7085,1028,480
7086,1028,214
7087,1028,131
7088,1028,1133
7089,1028,1157
7090,1028,197
7091,1028,504
7092,1028,67
7093,1028,777
7094,1028,923
7095,1028,987
7096,1028,1056
7097,1028,1082
7098,1028,1033
7099,1028,551
7100,1028,440
7101,1028,208
7102,1028,983
7103,1028,2
7104,1028,1064
7105,1028,1008
7106,1028,419
7107,1028,10
7108,1028,563
7109,1028,212
7110,1028,472
7111,1028,397
7112,1028,632
7113,1028,942
7114,1028,984
7115,1028,505
7116,1028,586
7117,1028,372
7118,1028,1241
7119,1028,193
7120,1028,524
7121,1028,191
7122,1028,904
7123,1028,1184
7124,1028,617
7125,1028,72
7126,1028,383
7127,1028,319
7128,1028,694
7129,1028,1072
7130,1028,474
7131,1028,1202
7132,1028,378
7133,1028,1180
7134,1028,1236
7135,1028,6
7136,1028,204
7137,1028,1138
7138,1028,306
7139,1028,322
7140,1028,341
7141,1028,1059
7142,1028,948
7143,1028,465
7144,1028,136
7145,1028,1090
7146,1028,120
7147,1028,416
7148,1028,446
7149,1028,293
7150,1028,553
7151,1028,634
7152,1028,444
7153,1028,68
7154,1028,1194
7155,1028,873
7156,1028,523
7157,1028,935
7158,1028,715
7159,1028,130
7160,1028,1242
7161,1028,1159
7162,1028,1166
7163,1028,278
7164,1028,591
7165,1028,953
7166,1028,47
7167,1028,643
7168,1028,497
7169,1028,142
7170,1028,260
7171,1028,665
7172,1028,829
7173,1028,1192
7174,1028,91
7175,1028,377
7176,1028,122
7177,1028,835
7178,1028,344
7179,1028,402
7180,1028,894
7181,1028,1031
7182,1028,1139
7183,1028,721
7184,1028,724
7185,1028,630
7186,1028,48
7187,1028,520
7188,1028,18
7189,1028,223
7190,1028,373
7191,1028,89
7192,1028,109
7193,1028,741
7194,1028,439
7195,1028,581
7196,1028,349
7197,1028,516
7198,1028,810
7199,1028,982
7200,1028,931
7201,1028,1037
7202,1028,564
7203,1028,960
7204,1028,464
7205,1028,943
7206,1028,978
7207,1028,501
7208,1028,431
7209,1028,522
7210,1028,788
7211,1028,213
7212,1028,913
7213,1028,500
7214,1028,1198
7215,1028,1058
7216,1028,438
7217,1028,653
7218,1028,585
7219,1028,945
7220,1028,340
7221,1028,851
7222,1028,578
7223,1028,1075
7224,1028,545
7225,1028,528
7226,1028,702
7227,1028,981
7228,1028,998
7229,1028,206
7230,1028,921
7231,1028,1070
7232,1028,776
7233,1028,893
7234,1028,650
7235,1028,645
7236,1028,675
7237,1028,7
7238,1028,1063
7239,1028,29
7240,1028,96
7241,1028,103
7242,1028,102
7243,1028,99
7244,1028,1145
7245,1028,602
7246,1028,149
7247,1028,1153
7248,1028,478
7249,1028,1066
7250,1028,1067
7251,1028,395
7252,1028,518
7253,1028,569
7254,1028,1243
7255,1028,299
7256,1028,1084
7257,1028,638
7258,1028,974
7259,1028,106
7260,1028,495
7261,1028,918
7262,1028,152
7263,1028,292
7264,1028,886
7265,1028,336
7266,1028,888
7267,1028,162
7268,1028,917
7269,1028,944
7270,1028,841
7271,1028,757
7272,1028,689
7273,1028,427
7274,1028,964
7275,1028,482
7276,1028,337
7277,1028,828
7278,1028,548
7279,1028,488
7280,1028,1208
7281,1028,642
7282,1028,613
7283,1028,255
7284,1028,428
7285,1028,1131
7286,1028,967
7287,1028,775
7288,1028,824
7289,1028,250
7290,1028,163
7291,1028,180
7292,1028,1038
7293,1028,686
7294,1028,628
7295,1028,150
7296,1028,672
7297,1028,962
7298,1028,1174
7299,1028,847
7300,1028,1187
7301,1028,860
7302,1028,746
7303,1028,434
7304,1028,507
7305,1028,1095
7306,1028,1136
7307,1028,358
7308,1028,1181
7309,1028,16
7310,1028,157
7311,1028,766
7312,1028,1016
7313,1028,1109
7314,1028,867
7315,1028,865
7316,1028,1119
7317,1028,1182
7318,1040,405
7319,1040,975
7320,1040,90
7321,1040,297
7322,1040,406
7323,1040,633
7324,1040,769
7325,1040,447
7326,1040,1093
7327,1040,919
7328,1040,532
7329,1040,324
7330,1040,612
7331,1040,17
7332,1040,544
7333,1040,1047
7334,1040,4
7335,1040,909
7336,1040,812
7337,1040,404
7338,1040,901
7339,1040,969
7340,1040,46
7341,1040,1123
7342,1040,821
7343,1040,779
7344,1040,112
7345,1040,525
7346,1040,826
7347,1040,290
7348,1040,646
7349,1040,276
7350,1040,394
7351,1040,471
7352,1040,895
7353,1040,218
7354,1040,192
7355,1040,113
7356,1040,214
7357,1040,131
7358,1040,878
7359,1040,460
7360,1040,197
7361,1040,1088
7362,1040,864
7363,1040,1071
7364,1040,504
7365,1040,67
7366,1040,987
7367,1040,1104
7368,1040,551
7369,1040,440
7370,1040,559
7371,1040,2
7372,1040,1064
7373,1040,419
7374,1040,1144
7375,1040,10
7376,1040,455
7377,1040,667
7378,1040,586
7379,1040,435
7380,1040,372
7381,1040,1241
7382,1040,524
7383,1040,904
7384,1040,1029
7385,1040,383
7386,1040,694
7387,1040,1072
7388,1040,474
7389,1040,1202
7390,1040,531
7391,1040,204
7392,1040,1138
7393,1040,306
7394,1040,341
7395,1040,1059
7396,1040,238
7397,1040,293
7398,1040,1083
7399,1040,601
7400,1040,68
7401,1040,619
7402,1040,662
7403,1040,873
7404,1040,935
7405,1040,715
7406,1040,130
7407,1040,1159
7408,1040,698
7409,1040,1166
7410,1040,749
7411,1040,804
7412,1040,591
7413,1040,953
7414,1040,47
7415,1040,1005
7416,1040,643
7417,1040,665
7418,1040,829
7419,1040,1192
7420,1040,91
7421,1040,708
7422,1040,342
7423,1040,402
7424,1040,894
7425,1040,1031
7426,1040,688
7427,1040,223
7428,1040,373
7429,1040,89
7430,1040,741
7431,1040,1122
7432,1040,439
7433,1040,958
7434,1040,810
7435,1040,931
7436,1040,1037
7437,1040,464
7438,1040,930
7439,1040,943
7440,1040,146
7441,1040,978
7442,1040,755
7443,1040,452
7444,1040,788
7445,1040,913
7446,1040,500
7447,1040,1198
7448,1040,413
7449,1040,412
7450,1040,1058
7451,1040,438
7452,1040,585
7453,1040,951
7454,1040,1213
7455,1040,57
7456,1040,340
7457,1040,851
7458,1040,578
7459,1040,1075
7460,1040,773
7461,1040,347
7462,1040,702
7463,1040,1161
7464,1040,538
7465,1040,921
7466,1040,776
7467,1040,893
7468,1040,650
7469,1040,645
7470,1040,234
7471,1040,7
7472,1040,510
7473,1040,1063
7474,1040,96
7475,1040,103
7476,1040,102
7477,1040,1200
7478,1040,1153
7479,1040,418
7480,1040,1066
7481,1040,817
7482,1040,254
7483,1040,1084
7484,1040,1203
7485,1040,1211
7486,1040,495
7487,1040,918
7488,1040,886
7489,1040,917
7490,1040,944
7491,1040,841
7492,1040,757
7493,1040,427
7494,1040,482
7495,1040,488
7496,1040,1208
7497,1040,642
7498,1040,613
7499,1040,432
7500,1040,1006
7501,1040,775
7502,1040,1007
7503,1040,824
7504,1040,250
7505,1040,180
7506,1040,686
7507,1040,783
7508,1040,150
7509,1040,519
7510,1040,481
7511,1040,672
7512,1040,962
7513,1040,706
7514,1040,225
7515,1040,746
7516,1040,635
7517,1040,789
7518,1040,358
7519,1040,16
7520,1040,636
7521,1040,157
7522,1040,766
7523,1040,1109
7524,1040,865
7525,1040,1119
7526,1040,1182
7527,24,1202
7528,24,1083
7529,24,1107
7530,24,654
7531,24,1098
7532,24,951
7533,24,543
7534,24,974
7535,24,862
7536,24,1007
7537,681,1143
7538,681,544
7539,681,127
7540,681,4
7541,681,909
7542,681,290
7543,681,952
7544,681,423
7545,681,208
7546,681,2
7547,681,455
7548,681,904
7549,681,319
7550,681,322
7551,681,1010
7552,681,1005
7553,681,829
7554,681,48
7555,681,200
7556,681,325
7557,681,361
7558,681,568
7559,681,960
7560,681,438
7561,681,1161
7562,681,1145
7563,681,395
7564,681,599
7565,681,1211
7566,681,432
7567,681,415
7568,681,932
7569,681,847
7570,681,860
7571,681,635
7572,681,381
7573,681,1119
7574,681,576
7575,403,259
7576,403,700
7577,403,992
7578,403,596
7579,403,363
7580,403,406
7581,403,1143
7582,403,447
7583,403,1093
7584,403,919
7585,403,532
7586,403,600
7587,403,127
7588,403,126
7589,403,730
7590,403,572
7591,403,763
7592,403,46
7593,403,15
7594,403,607
7595,403,290
7596,403,52
7597,403,425
7598,403,693
7599,403,471
7600,403,218
7601,403,666
7602,403,380
7603,403,165
7604,403,768
7605,403,1088
7606,403,1071
7607,403,772
7608,403,937
7609,403,987
7610,403,1033
7611,403,891
7612,403,1064
7613,403,27
7614,403,1008
7615,403,10
7616,403,632
7617,403,942
7618,403,573
7619,403,1087
7620,403,461
7621,403,586
7622,403,312
7623,403,904
7624,403,44
7625,403,786
7626,403,929
7627,403,694
7628,403,1072
7629,403,474
7630,403,382
7631,403,1202
7632,403,531
7633,403,485
7634,403,364
7635,403,1138
7636,403,341
7637,403,199
7638,403,238
7639,403,444
7640,403,1107
7641,403,68
7642,403,14
7643,403,662
7644,403,450
7645,403,1100
7646,403,1159
7647,403,1166
7648,403,827
7649,403,753
7650,403,142
7651,403,1054
7652,403,1197
7653,403,377
7654,403,122
7655,403,389
7656,403,894
7657,403,721
7658,403,160
7659,403,631
7660,403,848
7661,403,3
7662,403,1240
7663,403,931
7664,403,568
7665,403,253
7666,403,448
7667,403,1185
7668,403,1218
7669,403,500
7670,403,1198
7671,403,881
7672,403,57
7673,403,945
7674,403,340
7675,403,528
7676,403,1015
7677,403,776
7678,403,624
7679,403,242
7680,403,103
7681,403,1145
7682,403,1200
7683,403,241
7684,403,108
7685,403,817
7686,403,569
7687,403,1146
7688,403,1084
7689,403,495
7690,403,918
7691,403,679
7692,403,321
7693,403,1129
7694,403,841
7695,403,965
7696,403,337
7697,403,488
7698,403,432
7699,403,415
7700,403,862
7701,403,985
7702,403,428
7703,403,250
7704,403,163
7705,403,263
7706,403,1038
7707,403,933
7708,403,244
7709,403,962
7710,403,1224
7711,403,774
7712,403,1020
7713,403,746
7714,403,635
7715,403,1114
7716,403,766
7717,403,1182
7718,787,267
7719,787,556
7720,787,424
7721,787,433
7722,787,1135
7723,787,405
7724,787,975
7725,787,90
7726,787,401
7727,787,596
7728,787,363
7729,787,1143
7730,787,633
7731,787,769
7732,787,447
7733,787,1093
7734,787,919
7735,787,532
7736,787,247
7737,787,175
7738,787,85
7739,787,610
7740,787,324
7741,787,1234
7742,787,515
7743,787,612
7744,787,239
7745,787,1239
7746,787,17
7747,787,1173
7748,787,1205
7749,787,544
7750,787,195
7751,787,1047
7752,787,909
7753,787,1068
7754,787,1188
7755,787,1237
7756,787,812
7757,787,189
7758,787,404
7759,787,1092
7760,787,901
7761,787,969
7762,787,690
7763,787,46
7764,787,1123
7765,787,820
7766,787,410
7767,787,821
7768,787,927
7769,787,719
7770,787,272
7771,787,309
7772,787,307
7773,787,889
7774,787,525
7775,787,607
7776,787,1021
7777,787,748
7778,787,826
7779,787,646
7780,787,421
7781,787,656
7782,787,196
7783,787,838
7784,787,832
7785,787,394
7786,787,52
7787,787,805
7788,787,425
7789,787,905
7790,787,300
7791,787,471
7792,787,895
7793,787,952
7794,787,218
7795,787,1106
7796,787,385
7797,787,192
7798,787,480
7799,787,214
7800,787,131
7801,787,1133
7802,787,878
7803,787,460
7804,787,604
7805,787,652
7806,787,1157
7807,787,165
7808,787,768
7809,787,197
7810,787,890
7811,787,1088
7812,787,864
7813,787,1179
7814,787,1071
7815,787,80
7816,787,1178
7817,787,504
7818,787,67
7819,787,777
7820,787,923
7821,787,802
7822,787,185
7823,787,1082
7824,787,1104
7825,787,1033
7826,787,551
7827,787,440
7828,787,670
7829,787,559
7830,787,208
7831,787,983
7832,787,229
7833,787,2
7834,787,1064
7835,787,27
7836,787,1008
7837,787,161
7838,787,419
7839,787,1144
7840,787,216
7841,787,855
7842,787,10
7843,787,212
7844,787,315
7845,787,449
7846,787,790
7847,787,472
7848,787,397
7849,787,339
7850,787,461
7851,787,462
7852,787,984
7853,787,641
7854,787,682
7855,787,505
7856,787,475
7857,787,648
7858,787,435
7859,787,372
7860,787,1241
7861,787,524
7862,787,320
7863,787,28
7864,787,191
7865,787,1244
7866,787,904
7867,787,1029
7868,787,1184
7869,787,961
7870,787,617
7871,787,245
7872,787,205
7873,787,383
7874,787,319
7875,787,845
7876,787,357
7877,787,959
7878,787,694
7879,787,1072
7880,787,474
7881,787,77
7882,787,1202
7883,787,661
7884,787,490
7885,787,1236
7886,787,56
7887,787,0
7888,787,908
7889,787,485
7890,787,204
7891,787,367
7892,787,306
7893,787,322
7894,787,341
7895,787,1059
7896,787,720
7897,787,947
7898,787,41
7899,787,465
7900,787,1090
7901,787,120
7902,787,54
7903,787,822
7904,787,416
7905,787,238
7906,787,116
7907,787,446
7908,787,293
7909,787,553
7910,787,444
7911,787,1083
7912,787,1107
7913,787,806
7914,787,107
7915,787,68
7916,787,619
7917,787,873
7918,787,676
7919,787,523
7920,787,659
7921,787,935
7922,787,715
7923,787,130
7924,787,1159
7925,787,220
7926,787,698
7927,787,1101
7928,787,968
7929,787,956
7930,787,1166
7931,787,747
7932,787,749
7933,787,804
7934,787,1010
7935,787,827
7936,787,591
7937,787,953
7938,787,114
7939,787,1005
7940,787,356
7941,787,643
7942,787,497
7943,787,12
7944,787,260
7945,787,829
7946,787,718
7947,787,1197
7948,787,36
7949,787,1192
7950,787,308
7951,787,708
7952,787,379
7953,787,122
7954,787,835
7955,787,344
7956,787,342
7957,787,389
7958,787,894
7959,787,1031
7960,787,597
7961,787,499
7962,787,48
7963,787,848
7964,787,18
7965,787,223
7966,787,373
7967,787,89
7968,787,1122
7969,787,1240
7970,787,1094
7971,787,958
7972,787,200
7973,787,745
7974,787,729
7975,787,469
7976,787,349
7977,787,468
7978,787,516
7979,787,1034
7980,787,982
7981,787,557
7982,787,973
7983,787,880
7984,787,931
7985,787,562
7986,787,568
7987,787,960
7988,787,1089
7989,787,834
7990,787,145
7991,787,464
7992,787,654
7993,787,574
7994,787,1098
7995,787,146
7996,787,977
7997,787,978
7998,787,726
7999,787,249
8000,787,448
8001,787,980
8002,787,431
8003,787,452
8004,787,143
8005,787,62
8006,787,117
8007,787,522
8008,787,788
8009,787,1185
8010,787,852
8011,787,213
8012,787,913
8013,787,500
8014,787,1198
8015,787,1169
8016,787,413
8017,787,412
8018,787,1058
8019,787,438
8020,787,997
8021,787,60
8022,787,743
8023,787,653
8024,787,585
8025,787,166
8026,787,1213
8027,787,387
8028,787,340
8029,787,445
8030,787,578
8031,787,1075
8032,787,939
8033,787,347
8034,787,545
8035,787,528
8036,787,702
8037,787,1161
8038,787,538
8039,787,1142
8040,787,981
8041,787,998
8042,787,1070
8043,787,776
8044,787,970
8045,787,466
8046,787,369
8047,787,1162
8048,787,1048
8049,787,83
8050,787,893
8051,787,650
8052,787,645
8053,787,561
8054,787,234
8055,787,675
8056,787,242
8057,787,95
8058,787,510
8059,787,1063
8060,787,844
8061,787,1128
8062,787,1080
8063,787,96
8064,787,103
8065,787,102
8066,787,101
8067,787,99
8068,787,1145
8069,787,673
8070,787,1200
8071,787,149
8072,787,1153
8073,787,418
8074,787,177
8075,787,241
8076,787,311
8077,787,1066
8078,787,1067
8079,787,395
8080,787,543
8081,787,817
8082,787,254
8083,787,518
8084,787,599
8085,787,1243
8086,787,299
8087,787,198
8088,787,1170
8089,787,1084
8090,787,1230
8091,787,1203
8092,787,219
8093,787,1211
8094,787,106
8095,787,506
8096,787,188
8097,787,495
8098,787,292
8099,787,886
8100,787,336
8101,787,888
8102,787,338
8103,787,917
8104,787,944
8105,787,716
8106,787,323
8107,787,841
8108,787,1125
8109,787,757
8110,787,427
8111,787,965
8112,787,494
8113,787,540
8114,787,833
8115,787,482
8116,787,337
8117,787,207
8118,787,828
8119,787,1030
8120,787,488
8121,787,1208
8122,787,75
8123,787,642
8124,787,950
8125,787,613
8126,787,183
8127,787,415
8128,787,862
8129,787,255
8130,787,376
8131,787,428
8132,787,796
8133,787,1006
8134,787,967
8135,787,775
8136,787,824
8137,787,966
8138,787,270
8139,787,163
8140,787,180
8141,787,854
8142,787,35
8143,787,1024
8144,787,999
8145,787,42
8146,787,1043
8147,787,737
8148,787,686
8149,787,266
8150,787,1103
8151,787,351
8152,787,783
8153,787,932
8154,787,150
8155,787,519
8156,787,244
8157,787,172
8158,787,481
8159,787,962
8160,787,1224
8161,787,486
8162,787,847
8163,787,1187
8164,787,706
8165,787,1011
8166,787,1196
8167,787,514
8168,787,1057
8169,787,746
8170,787,30
8171,787,434
8172,787,507
8173,787,1095
8174,787,1136
8175,787,358
8176,787,732
8177,787,1195
8178,787,622
8179,787,1225
8180,787,16
8181,787,636
8182,787,298
8183,787,1226
8184,787,766
8185,787,1077
8186,787,722
8187,787,1016
8188,787,453
8189,787,155
8190,787,274
8191,787,1109
8192,787,867
8193,787,865
8194,787,1111
8195,787,1051
8196,787,1026
8197,787,1117
8198,787,1097
8199,787,576
8200,787,1216
8201,861,1002
8202,861,405
8203,861,57
8204,861,917
8205,928,405
8206,928,297
8207,928,633
8208,928,769
8209,928,447
8210,928,919
8211,928,532
8212,928,837
8213,928,324
8214,928,239
8215,928,4
8216,928,969
8217,928,350
8218,928,874
8219,928,905
8220,928,471
8221,928,385
8222,928,192
8223,928,131
8224,928,1157
8225,928,197
8226,928,504
8227,928,67
8228,928,987
8229,928,551
8230,928,208
8231,928,983
8232,928,2
8233,928,1064
8234,928,10
8235,928,558
8236,928,133
8237,928,984
8238,928,667
8239,928,372
8240,928,524
8241,928,383
8242,928,694
8243,928,1202
8244,928,1180
8245,928,204
8246,928,1138
8247,928,341
8248,928,1059
8249,928,465
8250,928,136
8251,928,416
8252,928,293
8253,928,634
8254,928,141
8255,928,873
8256,928,523
8257,928,715
8258,928,130
8259,928,1159
8260,928,698
8261,928,1166
8262,928,749
8263,928,804
8264,928,953
8265,928,665
8266,928,829
8267,928,1192
8268,928,91
8269,928,708
8270,928,377
8271,928,835
8272,928,344
8273,928,1139
8274,928,688
8275,928,630
8276,928,48
8277,928,18
8278,928,109
8279,928,439
8280,928,958
8281,928,931
8282,928,568
8283,928,960
8284,928,943
8285,928,978
8286,928,452
8287,928,143
8288,928,899
8289,928,500
8290,928,1058
8291,928,438
8292,928,951
8293,928,57
8294,928,945
8295,928,851
8296,928,528
8297,928,1015
8298,928,970
8299,928,675
8300,928,7
8301,928,1063
8302,928,96
8303,928,103
8304,928,102
8305,928,99
8306,928,374
8307,928,418
8308,928,1066
8309,928,1067
8310,928,817
8311,928,569
8312,928,495
8313,928,292
8314,928,886
8315,928,917
8316,928,841
8317,928,689
8318,928,427
8319,928,965
8320,928,964
8321,928,482
8322,928,828
8323,928,488
8324,928,642
8325,928,432
8326,928,1131
8327,928,824
8328,928,250
8329,928,163
8330,928,686
8331,928,150
8332,928,672
8333,928,1174
8334,928,860
8335,928,746
8336,928,119
8337,928,507
8338,928,1109
8339,928,865
8340,928,1119
8341,928,1182
8342,815,433
8343,815,1135
8344,815,405
8345,815,297
8346,815,363
8347,815,1143
8348,815,447
8349,815,919
8350,815,532
8351,815,247
8352,815,771
8353,815,85
8354,815,324
8355,815,612
8356,815,979
8357,815,127
8358,815,909
8359,815,1068
8360,815,55
8361,815,503
8362,815,404
8363,815,1092
8364,815,137
8365,815,1123
8366,815,820
8367,815,410
8368,815,821
8369,815,215
8370,815,309
8371,815,112
8372,815,889
8373,815,826
8374,815,421
8375,815,196
8376,815,394
8377,815,895
8378,815,1073
8379,815,652
8380,815,1157
8381,815,197
8382,815,1088
8383,815,864
8384,815,67
8385,815,657
8386,815,1104
8387,815,1033
8388,815,423
8389,815,551
8390,815,831
8391,815,440
8392,815,559
8393,815,229
8394,815,1064
8395,815,1141
8396,815,27
8397,815,1008
8398,815,216
8399,815,855
8400,815,10
8401,815,397
8402,815,339
8403,815,794
8404,815,295
8405,815,461
8406,815,462
8407,815,984
8408,815,1065
8409,815,586
8410,815,312
8411,815,547
8412,815,205
8413,815,383
8414,815,319
8415,815,786
8416,815,1072
8417,815,474
8418,815,1202
8419,815,1138
8420,815,306
8421,815,322
8422,815,341
8423,815,1059
8424,815,408
8425,815,465
8426,815,1107
8427,815,873
8428,815,523
8429,815,659
8430,815,1242
8431,815,698
8432,815,1101
8433,815,1166
8434,815,747
8435,815,400
8436,815,1010
8437,815,953
8438,815,47
8439,815,1171
8440,815,829
8441,815,36
8442,815,344
8443,815,1139
8444,815,630
8445,815,48
8446,815,373
8447,815,3
8448,815,1122
8449,815,439
8450,815,958
8451,815,200
8452,815,325
8453,815,349
8454,815,871
8455,815,516
8456,815,931
8457,815,562
8458,815,654
8459,815,977
8460,815,978
8461,815,448
8462,815,755
8463,815,452
8464,815,143
8465,815,1185
8466,815,913
8467,815,500
8468,815,413
8469,815,412
8470,815,1058
8471,815,438
8472,815,997
8473,815,585
8474,815,1213
8475,815,340
8476,815,1075
8477,815,702
8478,815,1161
8479,815,538
8480,815,151
8481,815,981
8482,815,776
8483,815,811
8484,815,124
8485,815,83
8486,815,650
8487,815,513
8488,815,675
8489,815,7
8490,815,1063
8491,815,96
8492,815,103
8493,815,374
8494,815,418
8495,815,1066
8496,815,1067
8497,815,395
8498,815,254
8499,815,518
8500,815,569
8501,815,1084
8502,815,1230
8503,815,1203
8504,815,549
8505,815,152
8506,815,292
8507,815,886
8508,815,917
8509,815,841
8510,815,427
8511,815,494
8512,815,540
8513,815,482
8514,815,207
8515,815,548
8516,815,415
8517,815,1131
8518,815,775
8519,815,824
8520,815,163
8521,815,180
8522,815,737
8523,815,933
8524,815,783
8525,815,519
8526,815,244
8527,815,481
8528,815,962
8529,815,609
8530,815,1174
8531,815,486
8532,815,706
8533,815,225
8534,815,1020
8535,815,746
8536,815,30
8537,815,507
8538,815,1095
8539,815,1226
8540,815,674
8541,815,766
8542,815,1077
8543,815,1116
8544,815,1051
8545,815,1119
8546,815,1216
8547,1151,290
8548,1151,204
8549,1151,715
8550,1151,737
8551,1151,932
8552,1151,746
8553,491,194
8554,491,1025
8555,491,975
8556,491,406
8557,491,407
8558,491,1143
8559,491,447
8560,491,919
8561,491,532
8562,491,1228
8563,491,247
8564,491,175
8565,491,584
8566,491,515
8567,491,979
8568,491,696
8569,491,544
8570,491,616
8571,491,909
8572,491,1188
8573,491,801
8574,491,55
8575,491,812
8576,491,503
8577,491,589
8578,491,1092
8579,491,707
8580,491,969
8581,491,46
8582,491,1123
8583,491,1012
8584,491,226
8585,491,243
8586,491,350
8587,491,410
8588,491,821
8589,491,719
8590,491,15
8591,491,872
8592,491,525
8593,491,607
8594,491,290
8595,491,421
8596,491,276
8597,491,832
8598,491,394
8599,491,425
8600,491,1013
8601,491,300
8602,491,895
8603,491,192
8604,491,480
8605,491,1134
8606,491,878
8607,491,284
8608,491,165
8609,491,164
8610,491,864
8611,491,1071
8612,491,80
8613,491,923
8614,491,430
8615,491,1104
8616,491,1033
8617,491,551
8618,491,831
8619,491,440
8620,491,670
8621,491,559
8622,491,983
8623,491,1064
8624,491,27
8625,491,1008
8626,491,216
8627,491,855
8628,491,10
8629,491,78
8630,491,133
8631,491,339
8632,491,709
8633,491,461
8634,491,462
8635,491,984
8636,491,641
8637,491,1065
8638,491,331
8639,491,586
8640,491,33
8641,491,435
8642,491,372
8643,491,232
8644,491,1244
8645,491,277
8646,491,1184
8647,491,617
8648,491,184
8649,491,71
8650,491,383
8651,491,44
8652,491,470
8653,491,1102
8654,491,1072
8655,491,474
8656,491,1202
8657,491,661
8658,491,490
8659,491,38
8660,491,531
8661,491,56
8662,491,1059
8663,491,720
8664,491,408
8665,491,822
8666,491,116
8667,491,858
8668,491,293
8669,491,634
8670,491,1083
8671,491,1107
8672,491,141
8673,491,14
8674,491,995
8675,491,454
8676,491,662
8677,491,1147
8678,491,676
8679,491,934
8680,491,715
8681,491,1242
8682,491,698
8683,491,1101
8684,491,756
8685,491,754
8686,491,751
8687,491,1010
8688,491,1060
8689,491,953
8690,491,114
8691,491,237
8692,491,1005
8693,491,355
8694,491,1069
8695,491,142
8696,491,1054
8697,491,829
8698,491,36
8699,491,70
8700,491,708
8701,491,835
8702,491,344
8703,491,894
8704,491,265
8705,491,463
8706,491,734
8707,491,48
8708,491,579
8709,491,373
8710,491,74
8711,491,1122
8712,491,1094
8713,491,86
8714,491,200
8715,491,469
8716,491,871
8717,491,516
8718,491,982
8719,491,880
8720,491,931
8721,491,1037
8722,491,683
8723,491,348
8724,491,568
8725,491,960
8726,491,574
8727,491,808
8728,491,146
8729,491,1127
8730,491,977
8731,491,978
8732,491,533
8733,491,452
8734,491,143
8735,491,62
8736,491,522
8737,491,949
8738,491,483
8739,491,1218
8740,491,852
8741,491,697
8742,491,913
8743,491,500
8744,491,217
8745,491,1198
8746,491,413
8747,491,412
8748,491,1058
8749,491,997
8750,491,764
8751,491,951
8752,491,1213
8753,491,340
8754,491,445
8755,491,851
8756,491,1075
8757,491,542
8758,491,702
8759,491,1161
8760,491,151
8761,491,981
8762,491,22
8763,491,970
8764,491,691
8765,491,124
8766,491,83
8767,491,814
8768,491,893
8769,491,1152
8770,491,650
8771,491,513
8772,491,234
8773,491,675
8774,491,95
8775,491,7
8776,491,1063
8777,491,227
8778,491,1080
8779,491,104
8780,491,103
8781,491,296
8782,491,1124
8783,491,37
8784,491,418
8785,491,739
8786,491,241
8787,491,311
8788,491,994
8789,491,1066
8790,491,1067
8791,491,173
8792,491,543
8793,491,254
8794,491,518
8795,491,569
8796,491,198
8797,491,1170
8798,491,1084
8799,491,1230
8800,491,1203
8801,491,188
8802,491,495
8803,491,529
8804,491,152
8805,491,301
8806,491,886
8807,491,321
8808,491,629
8809,491,760
8810,491,458
8811,491,716
8812,491,323
8813,491,436
8814,491,1125
8815,491,689
8816,491,427
8817,491,965
8818,491,494
8819,491,964
8820,491,441
8821,491,281
8822,491,337
8823,491,207
8824,491,828
8825,491,1030
8826,491,548
8827,491,87
8828,491,488
8829,491,738
8830,491,75
8831,491,950
8832,491,183
8833,491,415
8834,491,796
8835,491,1006
8836,491,775
8837,491,824
8838,491,250
8839,491,270
8840,491,180
8841,491,1207
8842,491,571
8843,491,134
8844,491,686
8845,491,266
8846,491,351
8847,491,150
8848,491,244
8849,491,481
8850,491,235
8851,491,609
8852,491,896
8853,491,486
8854,491,346
8855,491,1011
8856,491,860
8857,491,635
8858,491,313
8859,491,434
8860,491,82
8861,491,660
8862,491,442
8863,491,622
8864,491,1181
8865,491,157
8866,491,1226
8867,491,45
8868,491,766
8869,491,900
8870,491,722
8871,491,1016
8872,491,453
8873,491,1017
8874,491,865
8875,491,1119
8876,491,576
8877,911,793
8878,911,1025
8879,911,1135
8880,911,596
8881,911,1143
8882,911,398
8883,911,447
8884,911,20
8885,911,902
8886,911,730
8887,911,763
8888,911,189
8889,911,853
8890,911,707
8891,911,627
8892,911,410
8893,911,58
8894,911,826
8895,911,1209
8896,911,838
8897,911,832
8898,911,425
8899,911,924
8900,911,113
8901,911,480
8902,911,214
8903,911,131
8904,911,614
8905,911,1157
8906,911,587
8907,911,197
8908,911,1071
8909,911,80
8910,911,657
8911,911,777
8912,911,923
8913,911,1033
8914,911,423
8915,911,153
8916,911,440
8917,911,208
8918,911,1064
8919,911,27
8920,911,212
8921,911,315
8922,911,449
8923,911,472
8924,911,942
8925,911,462
8926,911,692
8927,911,1204
8928,911,11
8929,911,167
8930,911,443
8931,911,475
8932,911,49
8933,911,1110
8934,911,372
8935,911,312
8936,911,797
8937,911,320
8938,911,28
8939,911,184
8940,911,547
8941,911,383
8942,911,319
8943,911,50
8944,911,77
8945,911,1202
8946,911,490
8947,911,531
8948,911,485
8949,911,392
8950,911,204
8951,911,306
8952,911,341
8953,911,1059
8954,911,720
8955,911,947
8956,911,120
8957,911,669
8958,911,238
8959,911,116
8960,911,293
8961,911,444
8962,911,1083
8963,911,723
8964,911,68
8965,911,14
8966,911,1212
8967,911,454
8968,911,699
8969,911,676
8970,911,659
8971,911,715
8972,911,711
8973,911,988
8974,911,1126
8975,911,467
8976,911,535
8977,911,1074
8978,911,591
8979,911,1229
8980,911,643
8981,911,142
8982,911,1054
8983,911,308
8984,911,91
8985,911,377
8986,911,344
8987,911,688
8988,911,798
8989,911,520
8990,911,18
8991,911,373
8992,911,109
8993,911,439
8994,911,86
8995,911,200
8996,911,809
8997,911,527
8998,911,468
8999,911,871
9000,911,577
9001,911,683
9002,911,422
9003,911,960
9004,911,1091
9005,911,1089
9006,911,574
9007,911,146
9008,911,253
9009,911,978
9010,911,448
9011,911,332
9012,911,327
9013,911,452
9014,911,143
9015,911,949
9016,911,213
9017,911,500
9018,911,1154
9019,911,438
9020,911,951
9021,911,57
9022,911,1075
9023,911,702
9024,911,1150
9025,911,981
9026,911,921
9027,911,124
9028,911,83
9029,911,1152
9030,911,234
9031,911,675
9032,911,242
9033,911,875
9034,911,1128
9035,911,96
9036,911,1145
9037,911,1153
9038,911,418
9039,911,241
9040,911,93
9041,911,1067
9042,911,254
9043,911,569
9044,911,493
9045,911,198
9046,911,1084
9047,911,638
9048,911,770
9049,911,1230
9050,911,301
9051,911,476
9052,911,759
9053,911,944
9054,911,841
9055,911,494
9056,911,1168
9057,911,548
9058,911,488
9059,911,738
9060,911,1208
9061,911,75
9062,911,704
9063,911,955
9064,911,1227
9065,911,376
9066,911,1131
9067,911,824
9068,911,1085
9069,911,628
9070,911,783
9071,911,150
9072,911,620
9073,911,481
9074,911,672
9075,911,1224
9076,911,486
9077,911,1046
9078,911,1011
9079,911,746
9080,911,210
9081,911,635
9082,911,154
9083,911,1136
9084,911,732
9085,911,705
9086,911,352
9087,911,900
9088,911,155
9089,911,1109
9090,911,865
9091,911,1051
9092,911,1026
9093,911,1118
9094,186,259
9095,186,447
9096,186,919
9097,186,532
9098,186,979
9099,186,425
9100,186,218
9101,186,987
9102,186,10
9103,186,524
9104,186,383
9105,186,786
9106,186,474
9107,186,1138
9108,186,454
9109,186,619
9110,186,377
9111,186,894
9112,186,429
9113,186,500
9114,186,57
9115,186,528
9116,186,1231
9117,186,817
9118,186,1084
9119,186,292
9120,186,841
9121,186,965
9122,186,250
9123,186,163
9124,186,5
9125,186,746
9126,186,766
9127,186,1182
9128,304,447
9129,304,4
9130,304,131
9131,304,987
9132,304,904
9133,304,319
9134,304,1202
9135,304,1180
9136,304,1059
9137,304,873
9138,304,715
9139,304,953
9140,304,497
9141,304,829
9142,304,978
9143,304,1058
9144,304,103
9145,304,917
9146,304,642
9147,304,415
9148,304,824
9149,304,847
9150,304,766
9151,780,671
9152,780,433
9153,780,1135
9154,780,655
9155,780,90
9156,780,363
9157,780,1143
9158,780,633
9159,780,769
9160,780,447
9161,780,1093
9162,780,919
9163,780,532
9164,780,584
9165,780,771
9166,780,324
9167,780,710
9168,780,515
9169,780,612
9170,780,696
9171,780,544
9172,780,195
9173,780,127
9174,780,354
9175,780,909
9176,780,1068
9177,780,795
9178,780,763
9179,780,615
9180,780,969
9181,780,690
9182,780,410
9183,780,821
9184,780,139
9185,780,15
9186,780,309
9187,780,112
9188,780,290
9189,780,81
9190,780,276
9191,780,832
9192,780,778
9193,780,394
9194,780,52
9195,780,425
9196,780,300
9197,780,471
9198,780,73
9199,780,594
9200,780,192
9201,780,113
9202,780,214
9203,780,131
9204,780,1134
9205,780,1133
9206,780,1132
9207,780,460
9208,780,1157
9209,780,165
9210,780,768
9211,780,197
9212,780,864
9213,780,1179
9214,780,1071
9215,780,504
9216,780,777
9217,780,772
9218,780,937
9219,780,1056
9220,780,1082
9221,780,1104
9222,780,1033
9223,780,258
9224,780,423
9225,780,153
9226,780,559
9227,780,2
9228,780,1064
9229,780,1141
9230,780,1144
9231,780,10
9232,780,315
9233,780,283
9234,780,449
9235,780,115
9236,780,397
9237,780,794
9238,780,740
9239,780,667
9240,780,586
9241,780,475
9242,780,1110
9243,780,372
9244,780,312
9245,780,963
9246,780,797
9247,780,191
9248,780,1244
9249,780,961
9250,780,617
9251,780,547
9252,780,319
9253,780,1175
9254,780,845
9255,780,32
9256,780,758
9257,780,694
9258,780,534
9259,780,474
9260,780,1202
9261,780,378
9262,780,1180
9263,780,490
9264,780,908
9265,780,485
9266,780,784
9267,780,521
9268,780,1138
9269,780,306
9270,780,341
9271,780,1059
9272,780,408
9273,780,611
9274,780,136
9275,780,359
9276,780,25
9277,780,799
9278,780,822
9279,780,238
9280,780,484
9281,780,446
9282,780,1083
9283,780,601
9284,780,1107
9285,780,68
9286,780,14
9287,780,1212
9288,780,884
9289,780,454
9290,780,1194
9291,780,873
9292,780,523
9293,780,936
9294,780,934
9295,780,715
9296,780,64
9297,780,1159
9298,780,1126
9299,780,148
9300,780,698
9301,780,1101
9302,780,968
9303,780,535
9304,780,956
9305,780,1166
9306,780,1074
9307,780,1086
9308,780,1010
9309,780,47
9310,780,643
9311,780,498
9312,780,142
9313,780,665
9314,780,473
9315,780,1192
9316,780,708
9317,780,122
9318,780,835
9319,780,344
9320,780,389
9321,780,894
9322,780,688
9323,780,375
9324,780,842
9325,780,48
9326,780,848
9327,780,18
9328,780,223
9329,780,89
9330,780,109
9331,780,910
9332,780,414
9333,780,1094
9334,780,745
9335,780,581
9336,780,469
9337,780,248
9338,780,516
9339,780,880
9340,780,931
9341,780,1037
9342,780,960
9343,780,834
9344,780,654
9345,780,943
9346,780,1098
9347,780,146
9348,780,978
9349,780,726
9350,780,996
9351,780,501
9352,780,448
9353,780,66
9354,780,168
9355,780,1001
9356,780,976
9357,780,452
9358,780,522
9359,780,949
9360,780,1185
9361,780,477
9362,780,500
9363,780,1198
9364,780,412
9365,780,1058
9366,780,438
9367,780,997
9368,780,743
9369,780,585
9370,780,951
9371,780,57
9372,780,1075
9373,780,939
9374,780,347
9375,780,528
9376,780,702
9377,780,1161
9378,780,151
9379,780,1142
9380,780,998
9381,780,206
9382,780,921
9383,780,1070
9384,780,970
9385,780,466
9386,780,814
9387,780,1232
9388,780,893
9389,780,650
9390,780,513
9391,780,941
9392,780,530
9393,780,234
9394,780,675
9395,780,95
9396,780,7
9397,780,510
9398,780,517
9399,780,1128
9400,780,1080
9401,780,96
9402,780,103
9403,780,101
9404,780,100
9405,780,374
9406,780,892
9407,780,1200
9408,780,602
9409,780,37
9410,780,418
9411,780,241
9412,780,752
9413,780,1066
9414,780,1067
9415,780,395
9416,780,173
9417,780,817
9418,780,254
9419,780,1146
9420,780,198
9421,780,1084
9422,780,638
9423,780,1203
9424,780,219
9425,780,1211
9426,780,925
9427,780,974
9428,780,106
9429,780,495
9430,780,918
9431,780,53
9432,780,336
9433,780,695
9434,780,914
9435,780,917
9436,780,759
9437,780,716
9438,780,841
9439,780,689
9440,780,427
9441,780,539
9442,780,441
9443,780,337
9444,780,828
9445,780,868
9446,780,488
9447,780,642
9448,780,1206
9449,780,950
9450,780,613
9451,780,432
9452,780,415
9453,780,862
9454,780,255
9455,780,428
9456,780,1007
9457,780,824
9458,780,250
9459,780,966
9460,780,1085
9461,780,163
9462,780,854
9463,780,263
9464,780,1038
9465,780,686
9466,780,266
9467,780,628
9468,780,932
9469,780,150
9470,780,172
9471,780,672
9472,780,962
9473,780,896
9474,780,706
9475,780,346
9476,780,1011
9477,780,860
9478,780,1057
9479,780,746
9480,780,635
9481,780,30
9482,780,1095
9483,780,1136
9484,780,1181
9485,780,1222
9486,780,1225
9487,780,16
9488,780,636
9489,780,1113
9490,780,766
9491,780,1077
9492,780,722
9493,780,26
9494,780,1115
9495,780,867
9496,780,865
9497,780,1117
9498,780,1182
9499,780,576
9500,954,406
9501,954,447
9502,954,1228
9503,954,175
9504,954,584
9505,954,696
9506,954,1188
9507,954,55
9508,954,812
9509,954,589
9510,954,707
9511,954,137
9512,954,1012
9513,954,243
9514,954,821
9515,954,872
9516,954,607
9517,954,276
9518,954,832
9519,954,1013
9520,954,187
9521,954,284
9522,954,165
9523,954,80
9524,954,802
9525,954,1033
9526,954,440
9527,954,855
9528,954,133
9529,954,626
9530,954,709
9531,954,1065
9532,954,331
9533,954,33
9534,954,372
9535,954,1244
9536,954,184
9537,954,547
9538,954,71
9539,954,383
9540,954,44
9541,954,251
9542,954,474
9543,954,1202
9544,954,661
9545,954,490
9546,954,38
9547,954,720
9548,954,948
9549,954,116
9550,954,858
9551,954,293
9552,954,634
9553,954,14
9554,954,995
9555,954,454
9556,954,1194
9557,954,676
9558,954,934
9559,954,715
9560,954,1101
9561,954,535
9562,954,751
9563,954,147
9564,954,1060
9565,954,355
9566,954,142
9567,954,252
9568,954,70
9569,954,835
9570,954,344
9571,954,265
9572,954,734
9573,954,579
9574,954,74
9575,954,1094
9576,954,621
9577,954,86
9578,954,468
9579,954,577
9580,954,1037
9581,954,683
9582,954,348
9583,954,574
9584,954,808
9585,954,146
9586,954,1127
9587,954,62
9588,954,522
9589,954,483
9590,954,697
9591,954,500
9592,954,217
9593,954,1198
9594,954,240
9595,954,764
9596,954,445
9597,954,1075
9598,954,702
9599,954,1161
9600,954,970
9601,954,691
9602,954,124
9603,954,83
9604,954,814
9605,954,1152
9606,954,513
9607,954,675
9608,954,95
9609,954,1080
9610,954,296
9611,954,1124
9612,954,37
9613,954,739
9614,954,241
9615,954,994
9616,954,173
9617,954,254
9618,954,198
9619,954,1230
9620,954,301
9621,954,886
9622,954,98
9623,954,629
9624,954,458
9625,954,716
9626,954,1125
9627,954,427
9628,954,964
9629,954,441
9630,954,281
9631,954,828
9632,954,1030
9633,954,87
9634,954,488
9635,954,75
9636,954,950
9637,954,366
9638,954,183
9639,954,824
9640,954,426
9641,954,1207
9642,954,571
9643,954,1105
9644,954,686
9645,954,266
9646,954,351
9647,954,235
9648,954,896
9649,954,486
9650,954,346
9651,954,1011
9652,954,635
9653,954,434
9654,954,705
9655,954,442
9656,954,622
9657,954,900
9658,954,722
9659,954,576
9660,954,1216
9661,179,247
9662,179,324
9663,179,979
9664,179,1088
9665,179,551
9666,179,559
9667,179,1202
9668,179,698
9669,179,1010
9670,179,200
9671,179,931
9672,179,913
9673,179,1213
9674,179,1168
9675,179,824
9676,179,180
9677,825,975
9678,825,919
9679,825,551
9680,825,1064
9681,825,397
9682,825,1101
9683,825,708
9684,825,1031
9685,825,688
9686,825,502
9687,825,978
9688,825,788
9689,825,1063
9690,825,207
9691,334,575
9692,334,671
9693,334,424
9694,334,1002
9695,334,992
9696,334,1
9697,334,433
9698,334,793
9699,334,1135
9700,334,405
9701,334,975
9702,334,178
9703,334,655
9704,334,289
9705,334,596
9706,334,363
9707,334,406
9708,334,407
9709,334,1143
9710,334,633
9711,334,398
9712,334,769
9713,334,447
9714,334,1093
9715,334,919
9716,334,532
9717,334,123
9718,334,584
9719,334,837
9720,334,771
9721,334,610
9722,334,324
9723,334,515
9724,334,612
9725,334,239
9726,334,1239
9727,334,979
9728,334,696
9729,334,1205
9730,334,544
9731,334,616
9732,334,195
9733,334,127
9734,334,1047
9735,334,19
9736,334,4
9737,334,1068
9738,334,1188
9739,334,795
9740,334,1237
9741,334,84
9742,334,801
9743,334,55
9744,334,812
9745,334,763
9746,334,580
9747,334,189
9748,334,503
9749,334,651
9750,334,701
9751,334,901
9752,334,969
9753,334,690
9754,334,46
9755,334,1123
9756,334,1012
9757,334,350
9758,334,410
9759,334,821
9760,334,719
9761,334,139
9762,334,15
9763,334,872
9764,334,215
9765,334,309
9766,334,112
9767,334,863
9768,334,874
9769,334,221
9770,334,525
9771,334,826
9772,334,646
9773,334,421
9774,334,656
9775,334,196
9776,334,276
9777,334,838
9778,334,832
9779,334,394
9780,334,905
9781,334,471
9782,334,895
9783,334,1073
9784,334,187
9785,334,218
9786,334,666
9787,334,924
9788,334,385
9789,334,192
9790,334,214
9791,334,131
9792,334,1134
9793,334,1133
9794,334,878
9795,334,460
9796,334,604
9797,334,887
9798,334,1157
9799,334,165
9800,334,587
9801,334,768
9802,334,197
9803,334,1088
9804,334,1071
9805,334,1137
9806,334,1178
9807,334,504
9808,334,67
9809,334,657
9810,334,777
9811,334,923
9812,334,987
9813,334,1056
9814,334,1082
9815,334,1104
9816,334,1033
9817,334,258
9818,334,551
9819,334,831
9820,334,440
9821,334,670
9822,334,541
9823,334,559
9824,334,208
9825,334,983
9826,334,2
9827,334,1064
9828,334,1141
9829,334,27
9830,334,161
9831,334,647
9832,334,419
9833,334,855
9834,334,10
9835,334,558
9836,334,212
9837,334,315
9838,334,449
9839,334,790
9840,334,133
9841,334,472
9842,334,397
9843,334,339
9844,334,65
9845,334,942
9846,334,295
9847,334,984
9848,334,641
9849,334,682
9850,334,11
9851,334,554
9852,334,1065
9853,334,331
9854,334,667
9855,334,586
9856,334,475
9857,334,1110
9858,334,372
9859,334,1241
9860,334,232
9861,334,193
9862,334,797
9863,334,524
9864,334,191
9865,334,1244
9866,334,904
9867,334,1029
9868,334,1184
9869,334,961
9870,334,617
9871,334,1000
9872,334,989
9873,334,547
9874,334,383
9875,334,319
9876,334,1175
9877,334,231
9878,334,1102
9879,334,32
9880,334,758
9881,334,786
9882,334,694
9883,334,1072
9884,334,534
9885,334,474
9886,334,1202
9887,334,378
9888,334,1180
9889,334,490
9890,334,1236
9891,334,531
9892,334,6
9893,334,908
9894,334,392
9895,334,784
9896,334,521
9897,334,204
9898,334,367
9899,334,364
9900,334,1138
9901,334,306
9902,334,322
9903,334,341
9904,334,1059
9905,334,408
9906,334,465
9907,334,136
9908,334,1090
9909,334,1164
9910,334,120
9911,334,199
9912,334,416
9913,334,238
9914,334,116
9915,334,446
9916,334,293
9917,334,553
9918,334,634
9919,334,1083
9920,334,723
9921,334,68
9922,334,625
9923,334,884
9924,334,454
9925,334,450
9926,334,1194
9927,334,873
9928,334,523
9929,334,659
9930,334,935
9931,334,715
9932,334,711
9933,334,1055
9934,334,64
9935,334,130
9936,334,1242
9937,334,1159
9938,334,220
9939,334,79
9940,334,148
9941,334,698
9942,334,140
9943,334,1101
9944,334,467
9945,334,1166
9946,334,749
9947,334,804
9948,334,566
9949,334,570
9950,334,1086
9951,334,278
9952,334,1010
9953,334,171
9954,334,591
9955,334,1060
9956,334,509
9957,334,953
9958,334,310
9959,334,47
9960,334,1171
9961,334,643
9962,334,497
9963,334,1069
9964,334,12
9965,334,260
9966,334,829
9967,334,1221
9968,334,1197
9969,334,583
9970,334,252
9971,334,473
9972,334,1192
9973,334,308
9974,334,91
9975,334,708
9976,334,377
9977,334,122
9978,334,835
9979,334,344
9980,334,342
9981,334,389
9982,334,402
9983,334,894
9984,334,1031
9985,334,840
9986,334,1139
9987,334,688
9988,334,724
9989,334,798
9990,334,630
9991,334,48
9992,334,18
9993,334,223
9994,334,89
9995,334,109
9996,334,21
9997,334,741
9998,334,728
9999,334,414
10000,334,1122
10001,334,439
10002,334,958
10003,334,200
10004,334,745
10005,334,729
10006,334,663
10007,334,469
10008,334,361
10009,334,349
10010,334,1078
10011,334,468
10012,334,248
10013,334,516
10014,334,1034
10015,334,982
10016,334,973
10017,334,880
10018,334,931
10019,334,1037
10020,334,562
10021,334,564
10022,334,422
10023,334,568
10024,334,960
10025,334,1089
10026,334,834
10027,334,145
10028,334,464
10029,334,654
10030,334,859
10031,334,574
10032,334,502
10033,334,930
10034,334,943
10035,334,1098
10036,334,977
10037,334,978
10038,334,111
10039,334,249
10040,334,66
10041,334,1235
10042,334,228
10043,334,332
10044,334,755
10045,334,335
10046,334,976
10047,334,452
10048,334,143
10049,334,429
10050,334,62
10051,334,899
10052,334,522
10053,334,850
10054,334,913
10055,334,500
10056,334,836
10057,334,1154
10058,334,1198
10059,334,246
10060,334,881
10061,334,413
10062,334,920
10063,334,1058
10064,334,743
10065,334,585
10066,334,951
10067,334,57
10068,334,1172
10069,334,945
10070,334,851
10071,334,578
10072,334,273
10073,334,1075
10074,334,347
10075,334,545
10076,334,542
10077,334,528
10078,334,702
10079,334,1161
10080,334,151
10081,334,1142
10082,334,870
10083,334,998
10084,334,1015
10085,334,206
10086,334,1023
10087,334,1070
10088,334,776
10089,334,970
10090,334,508
10091,334,466
10092,334,644
10093,334,369
10094,334,83
10095,334,814
10096,334,650
10097,334,645
10098,334,1231
10099,334,675
10100,334,7
10101,334,517
10102,334,1063
10103,334,875
10104,334,1128
10105,334,1080
10106,334,96
10107,334,103
10108,334,102
10109,334,101
10110,334,99
10111,334,767
10112,334,1108
10113,334,1145
10114,334,202
10115,334,1124
10116,334,149
10117,334,1153
10118,334,957
10119,334,478
10120,334,418
10121,334,739
10122,334,177
10123,334,311
10124,334,1066
10125,334,1067
10126,334,88
10127,334,395
10128,334,543
10129,334,817
10130,334,254
10131,334,599
10132,334,569
10133,334,493
10134,334,118
10135,334,791
10136,334,990
10137,334,1160
10138,334,1170
10139,334,1084
10140,334,1230
10141,334,1203
10142,334,549
10143,334,1211
10144,334,974
10145,334,106
10146,334,188
10147,334,495
10148,334,918
10149,334,152
10150,334,680
10151,334,292
10152,334,886
10153,334,856
10154,334,162
10155,334,917
10156,334,135
10157,334,944
10158,334,841
10159,334,1125
10160,334,279
10161,334,269
10162,334,757
10163,334,689
10164,334,427
10165,334,965
10166,334,494
10167,334,964
10168,334,539
10169,334,833
10170,334,482
10171,334,337
10172,334,207
10173,334,828
10174,334,1030
10175,334,1168
10176,334,548
10177,334,488
10178,334,1208
10179,334,642
10180,334,950
10181,334,613
10182,334,432
10183,334,366
10184,334,415
10185,334,862
10186,334,765
10187,334,61
10188,334,376
10189,334,428
10190,334,1131
10191,334,1006
10192,334,775
10193,334,1007
10194,334,824
10195,334,250
10196,334,966
10197,334,426
10198,334,1085
10199,334,163
10200,334,180
10201,334,35
10202,334,560
10203,334,1038
10204,334,999
10205,334,686
10206,334,266
10207,334,628
10208,334,150
10209,334,519
10210,334,244
10211,334,742
10212,334,672
10213,334,962
10214,334,1174
10215,334,486
10216,334,847
10217,334,1187
10218,334,706
10219,334,346
10220,334,1011
10221,334,1196
10222,334,860
10223,334,1057
10224,334,746
10225,334,1121
10226,334,635
10227,334,313
10228,334,434
10229,334,507
10230,334,1095
10231,334,1136
10232,334,789
10233,334,358
10234,334,456
10235,334,660
10236,334,442
10237,334,1195
10238,334,1181
10239,334,1225
10240,334,16
10241,334,157
10242,334,1226
10243,334,565
10244,334,766
10245,334,722
10246,334,453
10247,334,155
10248,334,1109
10249,334,1050
10250,334,1096
10251,334,867
10252,334,865
10253,334,1051
10254,334,1026
10255,334,1119
10256,334,1182
10257,334,1216
10258,128,1143
10259,128,633
10260,128,447
10261,128,919
10262,128,324
10263,128,979
10264,128,544
10265,128,909
10266,128,730
10267,128,1188
10268,128,969
10269,128,525
10270,128,838
10271,128,394
10272,128,805
10273,128,905
10274,128,300
10275,128,192
10276,128,214
10277,128,131
10278,128,1157
10279,128,1088
10280,128,864
10281,128,504
10282,128,987
10283,128,1082
10284,128,831
10285,128,2
10286,128,1064
10287,128,1144
10288,128,10
10289,128,397
10290,128,455
10291,128,648
10292,128,372
10293,128,28
10294,128,904
10295,128,1184
10296,128,1000
10297,128,319
10298,128,786
10299,128,1138
10300,128,306
10301,128,322
10302,128,120
10303,128,822
10304,128,1083
10305,128,1107
10306,128,1194
10307,128,873
10308,128,523
10309,128,715
10310,128,130
10311,128,1159
10312,128,220
10313,128,698
10314,128,1101
10315,128,968
10316,128,400
10317,128,829
10318,128,36
10319,128,894
10320,128,1031
10321,128,1139
10322,128,688
10323,128,18
10324,128,89
10325,128,21
10326,128,880
10327,128,931
10328,128,1037
10329,128,1089
10330,128,654
10331,128,978
10332,128,976
10333,128,949
10334,128,1185
10335,128,852
10336,128,913
10337,128,500
10338,128,246
10339,128,412
10340,128,1058
10341,128,951
10342,128,1213
10343,128,851
10344,128,939
10345,128,542
10346,128,1161
10347,128,538
10348,128,1142
10349,128,893
10350,128,59
10351,128,844
10352,128,103
10353,128,149
10354,128,1066
10355,128,543
10356,128,1230
10357,128,1203
10358,128,549
10359,128,886
10360,128,944
10361,128,964
10362,128,482
10363,128,207
10364,128,862
10365,128,1006
10366,128,775
10367,128,933
10368,128,962
10369,128,1224
10370,128,860
10371,128,746
10372,128,865
10373,128,1119
10374,1061,405
10375,1061,979
10376,1061,1157
10377,1061,77
10378,1061,1202
10379,1061,1031
10380,1061,917
10381,1061,922
10382,1061,933
10383,457,372
10384,457,1202
10385,457,306
10386,457,715
10387,457,103
10388,121,178
10389,121,363
10390,121,1093
10391,121,919
10392,121,1228
10393,121,324
10394,121,979
10395,121,127
10396,121,1068
10397,121,1092
10398,121,226
10399,121,889
10400,121,421
10401,121,471
10402,121,187
10403,121,192
10404,121,1088
10405,121,504
10406,121,657
10407,121,1082
10408,121,1033
10409,121,27
10410,121,397
10411,121,984
10412,121,505
10413,121,372
10414,121,1041
10415,121,320
10416,121,1184
10417,121,617
10418,121,1072
10419,121,474
10420,121,1202
10421,121,1180
10422,121,1236
10423,121,0
10424,121,521
10425,121,204
10426,121,1138
10427,121,306
10428,121,322
10429,121,1059
10430,121,408
10431,121,444
10432,121,302
10433,121,1107
10434,121,806
10435,121,523
10436,121,715
10437,121,148
10438,121,1101
10439,121,1166
10440,121,804
10441,121,1086
10442,121,835
10443,121,1031
10444,121,89
10445,121,1122
10446,121,729
10447,121,349
10448,121,1078
10449,121,931
10450,121,502
10451,121,977
10452,121,978
10453,121,143
10454,121,913
10455,121,997
10456,121,1213
10457,121,939
10458,121,1142
10459,121,998
10460,121,1015
10461,121,1063
10462,121,1128
10463,121,29
10464,121,374
10465,121,106
10466,121,495
10467,121,886
10468,121,336
10469,121,917
10470,121,964
10471,121,482
10472,121,207
10473,121,376
10474,121,824
10475,121,1085
10476,121,180
10477,121,519
10478,121,1174
10479,121,1196
10480,121,746
10481,121,1095
10482,121,636
10483,121,157
10484,121,766
10485,121,26
10486,121,1116
10487,121,1109
10488,121,867
10489,121,1026
10490,121,1118
10491,536,194
10492,536,178
10493,536,363
10494,536,447
10495,536,247
10496,536,127
10497,536,812
10498,536,226
10499,536,350
10500,536,421
10501,536,394
10502,536,471
10503,536,218
10504,536,887
10505,536,504
10506,536,1033
10507,536,1064
10508,536,1087
10509,536,984
10510,536,475
10511,536,372
10512,536,1041
10513,536,312
10514,536,1244
10515,536,904
10516,536,319
10517,536,1072
10518,536,1202
10519,536,1236
10520,536,56
10521,536,485
10522,536,341
10523,536,1059
10524,536,120
10525,536,54
10526,536,116
10527,536,293
10528,536,1083
10529,536,302
10530,536,1194
10531,536,873
10532,536,523
10533,536,715
10534,536,698
10535,536,804
10536,536,509
10537,536,953
10538,536,829
10539,536,91
10540,536,708
10541,536,122
10542,536,894
10543,536,1031
10544,536,958
10545,536,200
10546,536,581
10547,536,468
10548,536,422
10549,536,930
10550,536,943
10551,536,143
10552,536,1218
10553,536,500
10554,536,413
10555,536,997
10556,536,951
10557,536,57
10558,536,578
10559,536,939
10560,536,1161
10561,536,998
10562,536,1015
10563,536,7
10564,536,96
10565,536,1066
10566,536,1067
10567,536,106
10568,536,886
10569,536,135
10570,536,642
10571,536,432
10572,536,415
10573,536,824
10574,536,426
10575,536,1085
10576,536,519
10577,536,847
10578,536,225
10579,536,746
10580,536,635
10581,536,636
10582,536,157
10583,536,766
10584,536,1077
10585,536,1026
10586,1215,194
10587,1215,405
10588,1215,975
10589,1215,1143
10590,1215,447
10591,1215,1093
10592,1215,247
10593,1215,610
10594,1215,324
10595,1215,612
10596,1215,239
10597,1215,979
10598,1215,909
10599,1215,1237
10600,1215,572
10601,1215,404
10602,1215,991
10603,1215,901
10604,1215,46
10605,1215,1123
10606,1215,350
10607,1215,410
10608,1215,744
10609,1215,607
10610,1215,290
10611,1215,646
10612,1215,300
10613,1215,471
10614,1215,385
10615,1215,192
10616,1215,214
10617,1215,1133
10618,1215,878
10619,1215,1158
10620,1215,887
10621,1215,768
10622,1215,864
10623,1215,1179
10624,1215,1071
10625,1215,504
10626,1215,657
10627,1215,1104
10628,1215,1033
10629,1215,258
10630,1215,551
10631,1215,670
10632,1215,208
10633,1215,983
10634,1215,1144
10635,1215,216
10636,1215,10
10637,1215,794
10638,1215,462
10639,1215,641
10640,1215,167
10641,1215,586
10642,1215,475
10643,1215,435
10644,1215,372
10645,1215,1241
10646,1215,904
10647,1215,1029
10648,1215,245
10649,1215,319
10650,1215,474
10651,1215,1202
10652,1215,1180
10653,1215,1236
10654,1215,521
10655,1215,1138
10656,1215,306
10657,1215,322
10658,1215,116
10659,1215,1083
10660,1215,68
10661,1215,625
10662,1215,454
10663,1215,523
10664,1215,715
10665,1215,1242
10666,1215,1101
10667,1215,1010
10668,1215,271
10669,1215,953
10670,1215,39
10671,1215,36
10672,1215,308
10673,1215,344
10674,1215,402
10675,1215,894
10676,1215,688
10677,1215,798
10678,1215,520
10679,1215,848
10680,1215,373
10681,1215,21
10682,1215,200
10683,1215,361
10684,1215,527
10685,1215,516
10686,1215,810
10687,1215,849
10688,1215,464
10689,1215,654
10690,1215,502
10691,1215,1098
10692,1215,977
10693,1215,978
10694,1215,726
10695,1215,168
10696,1215,431
10697,1215,452
10698,1215,1219
10699,1215,117
10700,1215,788
10701,1215,1218
10702,1215,852
10703,1215,213
10704,1215,913
10705,1215,500
10706,1215,217
10707,1215,413
10708,1215,920
10709,1215,412
10710,1215,1058
10711,1215,438
10712,1215,603
10713,1215,60
10714,1215,743
10715,1215,653
10716,1215,57
10717,1215,578
10718,1215,939
10719,1215,1161
10720,1215,538
10721,1215,981
10722,1215,921
10723,1215,1070
10724,1215,644
10725,1215,1162
10726,1215,893
10727,1215,645
10728,1215,7
10729,1215,517
10730,1215,1145
10731,1215,1153
10732,1215,418
10733,1215,311
10734,1215,1066
10735,1215,1067
10736,1215,88
10737,1215,395
10738,1215,817
10739,1215,518
10740,1215,599
10741,1215,299
10742,1215,1203
10743,1215,974
10744,1215,106
10745,1215,188
10746,1215,917
10747,1215,135
10748,1215,841
10749,1215,965
10750,1215,494
10751,1215,207
10752,1215,488
10753,1215,613
10754,1215,432
10755,1215,415
10756,1215,428
10757,1215,1006
10758,1215,250
10759,1215,426
10760,1215,180
10761,1215,35
10762,1215,560
10763,1215,686
10764,1215,150
10765,1215,519
10766,1215,244
10767,1215,847
10768,1215,514
10769,1215,746
10770,1215,119
10771,1215,507
10772,1215,789
10773,1215,16
10774,1215,636
10775,1215,298
10776,1215,1226
10777,1215,1051
10778,1215,1119
10779,1215,1216
10780,388,919
10781,388,123
10782,388,324
10783,388,979
10784,388,137
10785,388,113
10786,388,1157
10787,388,80
10788,388,1178
10789,388,67
10790,388,1104
10791,388,153
10792,388,551
10793,388,559
10794,388,1141
10795,388,161
10796,388,419
10797,388,10
10798,388,397
10799,388,984
10800,388,1065
10801,388,49
10802,388,372
10803,388,474
10804,388,1202
10805,388,1138
10806,388,120
10807,388,873
10808,388,523
10809,388,659
10810,388,1242
10811,388,968
10812,388,894
10813,388,18
10814,388,349
10815,388,468
10816,388,931
10817,388,960
10818,388,146
10819,388,978
10820,388,1238
10821,388,412
10822,388,1213
10823,388,645
10824,388,1063
10825,388,103
10826,388,569
10827,388,299
10828,388,638
10829,388,1203
10830,388,917
10831,388,841
10832,388,964
10833,388,482
10834,388,207
10835,388,1168
10836,388,862
10837,388,428
10838,388,1099
10839,388,775
10840,388,180
10841,388,172
10842,388,235
10843,388,222
10844,388,746
10845,489,556
10846,489,671
10847,489,424
10848,489,433
10849,489,793
10850,489,1135
10851,489,405
10852,489,655
10853,489,90
10854,489,401
10855,489,596
10856,489,297
10857,489,406
10858,489,1143
10859,489,633
10860,489,769
10861,489,447
10862,489,919
10863,489,897
10864,489,532
10865,489,175
10866,489,600
10867,489,837
10868,489,771
10869,489,85
10870,489,610
10871,489,324
10872,489,1234
10873,489,727
10874,489,710
10875,489,515
10876,489,612
10877,489,239
10878,489,1239
10879,489,979
10880,489,1201
10881,489,1173
10882,489,1205
10883,489,544
10884,489,195
10885,489,354
10886,489,170
10887,489,4
10888,489,909
10889,489,731
10890,489,126
10891,489,730
10892,489,1068
10893,489,526
10894,489,1188
10895,489,795
10896,489,801
10897,489,55
10898,489,812
10899,489,572
10900,489,763
10901,489,189
10902,489,404
10903,489,701
10904,489,853
10905,489,991
10906,489,1092
10907,489,901
10908,489,707
10909,489,690
10910,489,46
10911,489,1123
10912,489,820
10913,489,1012
10914,489,226
10915,489,410
10916,489,821
10917,489,927
10918,489,139
10919,489,15
10920,489,182
10921,489,112
10922,489,236
10923,489,874
10924,489,525
10925,489,744
10926,489,607
10927,489,1021
10928,489,826
10929,489,1209
10930,489,656
10931,489,196
10932,489,838
10933,489,832
10934,489,778
10935,489,394
10936,489,52
10937,489,805
10938,489,905
10939,489,300
10940,489,471
10941,489,895
10942,489,1073
10943,489,73
10944,489,594
10945,489,952
10946,489,187
10947,489,218
10948,489,924
10949,489,192
10950,489,113
10951,489,480
10952,489,214
10953,489,131
10954,489,1133
10955,489,1132
10956,489,878
10957,489,460
10958,489,604
10959,489,652
10960,489,1157
10961,489,165
10962,489,587
10963,489,768
10964,489,197
10965,489,164
10966,489,864
10967,489,1179
10968,489,504
10969,489,67
10970,489,777
10971,489,923
10972,489,772
10973,489,937
10974,489,802
10975,489,987
10976,489,185
10977,489,1056
10978,489,1082
10979,489,1104
10980,489,1033
10981,489,423
10982,489,153
10983,489,551
10984,489,831
10985,489,440
10986,489,670
10987,489,559
10988,489,208
10989,489,229
10990,489,2
10991,489,1064
10992,489,27
10993,489,1008
10994,489,161
10995,489,419
10996,489,1144
10997,489,216
10998,489,855
10999,489,10
11000,489,212
11001,489,315
11002,489,283
11003,489,449
11004,489,472
11005,489,397
11006,489,761
11007,489,339
11008,489,794
11009,489,942
11010,489,740
11011,489,984
11012,489,11
11013,489,554
11014,489,667
11015,489,586
11016,489,475
11017,489,648
11018,489,435
11019,489,372
11020,489,1041
11021,489,1241
11022,489,232
11023,489,343
11024,489,193
11025,489,40
11026,489,312
11027,489,63
11028,489,797
11029,489,524
11030,489,320
11031,489,28
11032,489,191
11033,489,1244
11034,489,904
11035,489,1184
11036,489,961
11037,489,617
11038,489,245
11039,489,547
11040,489,205
11041,489,383
11042,489,319
11043,489,1175
11044,489,938
11045,489,786
11046,489,959
11047,489,929
11048,489,694
11049,489,1072
11050,489,474
11051,489,1202
11052,489,661
11053,489,605
11054,489,490
11055,489,1236
11056,489,38
11057,489,908
11058,489,485
11059,489,392
11060,489,521
11061,489,204
11062,489,367
11063,489,1138
11064,489,384
11065,489,322
11066,489,341
11067,489,1059
11068,489,408
11069,489,946
11070,489,947
11071,489,41
11072,489,611
11073,489,465
11074,489,1090
11075,489,25
11076,489,54
11077,489,669
11078,489,799
11079,489,416
11080,489,238
11081,489,116
11082,489,318
11083,489,858
11084,489,293
11085,489,553
11086,489,512
11087,489,634
11088,489,444
11089,489,1083
11090,489,302
11091,489,723
11092,489,806
11093,489,141
11094,489,68
11095,489,1040
11096,489,14
11097,489,625
11098,489,1212
11099,489,884
11100,489,454
11101,489,619
11102,489,662
11103,489,450
11104,489,1194
11105,489,399
11106,489,873
11107,489,676
11108,489,523
11109,489,659
11110,489,936
11111,489,934
11112,489,715
11113,489,711
11114,489,658
11115,489,1055
11116,489,130
11117,489,1242
11118,489,1159
11119,489,220
11120,489,79
11121,489,148
11122,489,879
11123,489,698
11124,489,1101
11125,489,535
11126,489,956
11127,489,1166
11128,489,747
11129,489,400
11130,489,749
11131,489,566
11132,489,1199
11133,489,1086
11134,489,316
11135,489,827
11136,489,1060
11137,489,953
11138,489,114
11139,489,47
11140,489,1171
11141,489,356
11142,489,643
11143,489,736
11144,489,498
11145,489,497
11146,489,142
11147,489,12
11148,489,260
11149,489,665
11150,489,829
11151,489,1221
11152,489,639
11153,489,39
11154,489,36
11155,489,473
11156,489,1192
11157,489,308
11158,489,91
11159,489,1044
11160,489,835
11161,489,344
11162,489,342
11163,489,1031
11164,489,1139
11165,489,437
11166,489,688
11167,489,496
11168,489,630
11169,489,842
11170,489,48
11171,489,631
11172,489,520
11173,489,18
11174,489,223
11175,489,373
11176,489,89
11177,489,109
11178,489,21
11179,489,741
11180,489,414
11181,489,439
11182,489,1094
11183,489,958
11184,489,86
11185,489,200
11186,489,745
11187,489,581
11188,489,729
11189,489,663
11190,489,349
11191,489,527
11192,489,1078
11193,489,468
11194,489,285
11195,489,248
11196,489,516
11197,489,810
11198,489,982
11199,489,557
11200,489,973
11201,489,294
11202,489,880
11203,489,931
11204,489,562
11205,489,348
11206,489,422
11207,489,568
11208,489,960
11209,489,1091
11210,489,1089
11211,489,834
11212,489,145
11213,489,464
11214,489,654
11215,489,574
11216,489,930
11217,489,943
11218,489,1098
11219,489,146
11220,489,253
11221,489,978
11222,489,1032
11223,489,726
11224,489,249
11225,489,501
11226,489,448
11227,489,66
11228,489,228
11229,489,332
11230,489,755
11231,489,327
11232,489,328
11233,489,329
11234,489,330
11235,489,168
11236,489,980
11237,489,452
11238,489,143
11239,489,857
11240,489,62
11241,489,1036
11242,489,420
11243,489,949
11244,489,788
11245,489,1185
11246,489,816
11247,489,852
11248,489,477
11249,489,813
11250,489,305
11251,489,913
11252,489,500
11253,489,246
11254,489,413
11255,489,920
11256,489,412
11257,489,1058
11258,489,438
11259,489,60
11260,489,743
11261,489,653
11262,489,585
11263,489,951
11264,489,57
11265,489,945
11266,489,851
11267,489,578
11268,489,1075
11269,489,939
11270,489,347
11271,489,542
11272,489,528
11273,489,702
11274,489,1161
11275,489,1150
11276,489,151
11277,489,981
11278,489,921
11279,489,1070
11280,489,776
11281,489,396
11282,489,811
11283,489,970
11284,489,508
11285,489,466
11286,489,369
11287,489,124
11288,489,83
11289,489,814
11290,489,893
11291,489,650
11292,489,1231
11293,489,675
11294,489,1039
11295,489,517
11296,489,59
11297,489,1063
11298,489,844
11299,489,875
11300,489,1128
11301,489,1080
11302,489,29
11303,489,96
11304,489,103
11305,489,102
11306,489,1223
11307,489,1108
11308,489,1145
11309,489,1200
11310,489,149
11311,489,37
11312,489,1153
11313,489,957
11314,489,177
11315,489,241
11316,489,1009
11317,489,311
11318,489,1066
11319,489,1067
11320,489,395
11321,489,590
11322,489,543
11323,489,817
11324,489,254
11325,489,518
11326,489,569
11327,489,493
11328,489,1243
11329,489,990
11330,489,198
11331,489,1170
11332,489,1084
11333,489,638
11334,489,1230
11335,489,219
11336,489,1211
11337,489,974
11338,489,725
11339,489,188
11340,489,495
11341,489,918
11342,489,152
11343,489,292
11344,489,886
11345,489,856
11346,489,53
11347,489,336
11348,489,695
11349,489,888
11350,489,993
11351,489,162
11352,489,917
11353,489,275
11354,489,906
11355,489,759
11356,489,760
11357,489,944
11358,489,716
11359,489,323
11360,489,841
11361,489,436
11362,489,1125
11363,489,757
11364,489,689
11365,489,427
11366,489,494
11367,489,540
11368,489,482
11369,489,337
11370,489,207
11371,489,828
11372,489,1030
11373,489,1168
11374,489,488
11375,489,1208
11376,489,642
11377,489,950
11378,489,613
11379,489,183
11380,489,415
11381,489,862
11382,489,176
11383,489,765
11384,489,255
11385,489,376
11386,489,428
11387,489,796
11388,489,1177
11389,489,1131
11390,489,1006
11391,489,967
11392,489,775
11393,489,1007
11394,489,824
11395,489,250
11396,489,966
11397,489,163
11398,489,180
11399,489,854
11400,489,35
11401,489,1038
11402,489,737
11403,489,686
11404,489,9
11405,489,266
11406,489,628
11407,489,1103
11408,489,933
11409,489,783
11410,489,932
11411,489,150
11412,489,519
11413,489,876
11414,489,172
11415,489,481
11416,489,291
11417,489,235
11418,489,742
11419,489,962
11420,489,606
11421,489,1224
11422,489,706
11423,489,346
11424,489,1011
11425,489,1196
11426,489,860
11427,489,1057
11428,489,746
11429,489,635
11430,489,119
11431,489,313
11432,489,434
11433,489,1095
11434,489,1136
11435,489,789
11436,489,358
11437,489,732
11438,489,705
11439,489,660
11440,489,442
11441,489,23
11442,489,1195
11443,489,622
11444,489,1222
11445,489,16
11446,489,298
11447,489,157
11448,489,1226
11449,489,766
11450,489,722
11451,489,1016
11452,489,155
11453,489,274
11454,489,1017
11455,489,1109
11456,489,867
11457,489,866
11458,489,865
11459,489,1026
11460,489,1117
11461,489,1119
11462,489,640
11463,489,1182
11464,211,1064
11465,211,1202
11466,211,1101
11467,211,1166
11468,211,894
11469,211,1031
11470,211,688
11471,211,978
11472,211,57
11473,211,415
11474,211,255
11475,211,706
11476,280,194
11477,280,424
11478,280,1
11479,280,1135
11480,280,178
11481,280,256
11482,280,297
11483,280,406
11484,280,1143
11485,280,447
11486,280,1093
11487,280,919
11488,280,247
11489,280,85
11490,280,610
11491,280,324
11492,280,612
11493,280,239
11494,280,4
11495,280,909
11496,280,1068
11497,280,1237
11498,280,801
11499,280,812
11500,280,763
11501,280,46
11502,280,1123
11503,280,350
11504,280,410
11505,280,15
11506,280,525
11507,280,744
11508,280,826
11509,280,290
11510,280,646
11511,280,421
11512,280,394
11513,280,471
11514,280,187
11515,280,480
11516,280,214
11517,280,878
11518,280,1157
11519,280,768
11520,280,864
11521,280,1179
11522,280,1071
11523,280,504
11524,280,67
11525,280,551
11526,280,440
11527,280,208
11528,280,983
11529,280,10
11530,280,212
11531,280,790
11532,280,133
11533,280,794
11534,280,167
11535,280,1065
11536,280,586
11537,280,475
11538,280,435
11539,280,1241
11540,280,320
11541,280,28
11542,280,1244
11543,280,383
11544,280,32
11545,280,1072
11546,280,474
11547,280,1202
11548,280,661
11549,280,1236
11550,280,204
11551,280,1138
11552,280,341
11553,280,1059
11554,280,41
11555,280,136
11556,280,224
11557,280,446
11558,280,293
11559,280,444
11560,280,1083
11561,280,1107
11562,280,1194
11563,280,715
11564,280,711
11565,280,1055
11566,280,1126
11567,280,148
11568,280,1166
11569,280,271
11570,280,1005
11571,280,1192
11572,280,308
11573,280,708
11574,280,835
11575,280,344
11576,280,688
11577,280,373
11578,280,89
11579,280,3
11580,280,728
11581,280,1163
11582,280,439
11583,280,958
11584,280,200
11585,280,581
11586,280,982
11587,280,557
11588,280,13
11589,280,880
11590,280,931
11591,280,568
11592,280,960
11593,280,145
11594,280,574
11595,280,930
11596,280,66
11597,280,332
11598,280,755
11599,280,431
11600,280,452
11601,280,143
11602,280,1238
11603,280,788
11604,280,850
11605,280,852
11606,280,1154
11607,280,412
11608,280,438
11609,280,603
11610,280,743
11611,280,951
11612,280,1213
11613,280,57
11614,280,851
11615,280,939
11616,280,347
11617,280,528
11618,280,702
11619,280,1161
11620,280,1150
11621,280,538
11622,280,22
11623,280,970
11624,280,369
11625,280,1048
11626,280,83
11627,280,650
11628,280,645
11629,280,675
11630,280,95
11631,280,7
11632,280,510
11633,280,517
11634,280,1063
11635,280,1128
11636,280,227
11637,280,1080
11638,280,96
11639,280,374
11640,280,673
11641,280,418
11642,280,1066
11643,280,1067
11644,280,254
11645,280,518
11646,280,599
11647,280,1084
11648,280,1211
11649,280,974
11650,280,106
11651,280,886
11652,280,917
11653,280,135
11654,280,1125
11655,280,427
11656,280,965
11657,280,494
11658,280,964
11659,280,833
11660,280,482
11661,280,207
11662,280,488
11663,280,642
11664,280,432
11665,280,1227
11666,280,255
11667,280,922
11668,280,824
11669,280,250
11670,280,1085
11671,280,163
11672,280,180
11673,280,686
11674,280,628
11675,280,932
11676,280,519
11677,280,244
11678,280,962
11679,280,486
11680,280,706
11681,280,346
11682,280,860
11683,280,225
11684,280,746
11685,280,30
11686,280,154
11687,280,434
11688,280,1095
11689,280,1136
11690,280,789
11691,280,660
11692,280,381
11693,280,16
11694,280,636
11695,280,766
11696,280,1016
11697,280,1109
11698,280,867
11699,280,865
11700,280,1111
11701,280,1026
11702,280,576
11703,94,178
11704,94,447
11705,94,1093
11706,94,4
11707,94,272
11708,94,923
11709,94,208
11710,94,1064
11711,94,794
11712,94,984
11713,94,1110
11714,94,1202
11715,94,521
11716,94,353
11717,94,367
11718,94,364
11719,94,306
11720,94,1059
11721,94,523
11722,94,935
11723,94,1166
11724,94,894
11725,94,978
11726,94,452
11727,94,413
11728,94,538
11729,94,395
11730,94,841
11731,94,488
11732,94,642
11733,94,613
11734,94,860
11735,94,1020
11736,94,746
11737,94,30
11738,94,636
11739,125,239
11740,125,730
11741,125,607
11742,125,805
11743,125,218
11744,125,551
11745,125,1144
11746,125,855
11747,125,10
11748,125,343
11749,125,28
11750,125,989
11751,125,485
11752,125,465
11753,125,141
11754,125,873
11755,125,931
11756,125,654
11757,125,146
11758,125,1185
11759,125,500
11760,125,412
11761,125,445
11762,125,776
11763,125,1048
11764,125,893
11765,125,645
11766,125,242
11767,125,1080
11768,125,374
11769,125,254
11770,125,506
11771,125,97
11772,125,180
11773,125,507
11774,125,1077
11775,546,1143
11776,546,1029
11777,546,1202
11778,546,631
11779,546,1089
11780,546,452
11781,546,998
11782,830,424
11783,830,1
11784,830,793
11785,830,405
11786,830,975
11787,830,178
11788,830,297
11789,830,406
11790,830,1143
11791,830,633
11792,830,447
11793,830,919
11794,830,85
11795,830,610
11796,830,324
11797,830,515
11798,830,612
11799,830,1239
11800,830,979
11801,830,1205
11802,830,127
11803,830,1047
11804,830,909
11805,830,730
11806,830,1068
11807,830,812
11808,830,572
11809,830,503
11810,830,404
11811,830,651
11812,830,1092
11813,830,901
11814,830,46
11815,830,1123
11816,830,350
11817,830,410
11818,830,821
11819,830,719
11820,830,182
11821,830,272
11822,830,940
11823,830,525
11824,830,290
11825,830,421
11826,830,656
11827,830,838
11828,830,832
11829,830,394
11830,830,52
11831,830,805
11832,830,300
11833,830,471
11834,830,895
11835,830,952
11836,830,187
11837,830,218
11838,830,924
11839,830,385
11840,830,480
11841,830,214
11842,830,131
11843,830,878
11844,830,604
11845,830,652
11846,830,887
11847,830,1157
11848,830,165
11849,830,768
11850,830,197
11851,830,864
11852,830,1179
11853,830,1071
11854,830,504
11855,830,777
11856,830,185
11857,830,1056
11858,830,1082
11859,830,1104
11860,830,1033
11861,830,258
11862,830,153
11863,830,831
11864,830,440
11865,830,670
11866,830,559
11867,830,208
11868,830,229
11869,830,2
11870,830,1064
11871,830,1141
11872,830,1008
11873,830,161
11874,830,419
11875,830,1144
11876,830,216
11877,830,10
11878,830,212
11879,830,449
11880,830,472
11881,830,339
11882,830,794
11883,830,984
11884,830,455
11885,830,682
11886,830,505
11887,830,586
11888,830,475
11889,830,435
11890,830,1110
11891,830,372
11892,830,1241
11893,830,193
11894,830,312
11895,830,963
11896,830,320
11897,830,28
11898,830,1244
11899,830,904
11900,830,1029
11901,830,961
11902,830,245
11903,830,205
11904,830,383
11905,830,357
11906,830,1072
11907,830,474
11908,830,1202
11909,830,1236
11910,830,531
11911,830,56
11912,830,908
11913,830,784
11914,830,521
11915,830,204
11916,830,306
11917,830,322
11918,830,341
11919,830,1059
11920,830,947
11921,830,41
11922,830,1090
11923,830,1164
11924,830,120
11925,830,669
11926,830,822
11927,830,238
11928,830,446
11929,830,634
11930,830,444
11931,830,1083
11932,830,1107
11933,830,806
11934,830,107
11935,830,68
11936,830,1194
11937,830,873
11938,830,523
11939,830,715
11940,830,711
11941,830,64
11942,830,1242
11943,830,1101
11944,830,1166
11945,830,747
11946,830,804
11947,830,1074
11948,830,509
11949,830,953
11950,830,47
11951,830,1005
11952,830,1171
11953,830,142
11954,830,829
11955,830,39
11956,830,36
11957,830,252
11958,830,1192
11959,830,91
11960,830,708
11961,830,835
11962,830,344
11963,830,342
11964,830,402
11965,830,894
11966,830,597
11967,830,688
11968,830,630
11969,830,48
11970,830,520
11971,830,848
11972,830,373
11973,830,89
11974,830,109
11975,830,21
11976,830,1122
11977,830,439
11978,830,287
11979,830,1094
11980,830,958
11981,830,745
11982,830,349
11983,830,527
11984,830,516
11985,830,982
11986,830,557
11987,830,880
11988,830,931
11989,830,564
11990,830,568
11991,830,960
11992,830,145
11993,830,464
11994,830,654
11995,830,943
11996,830,1098
11997,830,146
11998,830,978
11999,830,448
12000,830,66
12001,830,332
12002,830,755
12003,830,980
12004,830,431
12005,830,452
12006,830,143
12007,830,429
12008,830,522
12009,830,788
12010,830,1218
12011,830,850
12012,830,913
12013,830,500
12014,830,1198
12015,830,246
12016,830,1169
12017,830,413
12018,830,412
12019,830,1058
12020,830,603
12021,830,997
12022,830,743
12023,830,653
12024,830,585
12025,830,951
12026,830,1213
12027,830,57
12028,830,340
12029,830,578
12030,830,939
12031,830,347
12032,830,542
12033,830,528
12034,830,1161
12035,830,538
12036,830,1142
12037,830,981
12038,830,1070
12039,830,776
12040,830,396
12041,830,970
12042,830,466
12043,830,369
12044,830,83
12045,830,893
12046,830,650
12047,830,234
12048,830,7
12049,830,510
12050,830,1063
12051,830,1080
12052,830,96
12053,830,103
12054,830,99
12055,830,374
12056,830,673
12057,830,1200
12058,830,149
12059,830,418
12060,830,93
12061,830,311
12062,830,1066
12063,830,1067
12064,830,88
12065,830,395
12066,830,543
12067,830,817
12068,830,254
12069,830,518
12070,830,599
12071,830,569
12072,830,299
12073,830,1170
12074,830,1084
12075,830,1230
12076,830,1203
12077,830,219
12078,830,549
12079,830,1211
12080,830,974
12081,830,106
12082,830,506
12083,830,188
12084,830,495
12085,830,152
12086,830,292
12087,830,886
12088,830,336
12089,830,1148
12090,830,135
12091,830,944
12092,830,841
12093,830,1125
12094,830,689
12095,830,427
12096,830,965
12097,830,494
12098,830,964
12099,830,207
12100,830,828
12101,830,1208
12102,830,642
12103,830,613
12104,830,415
12105,830,862
12106,830,255
12107,830,376
12108,830,796
12109,830,1131
12110,830,1006
12111,830,922
12112,830,250
12113,830,966
12114,830,426
12115,830,1085
12116,830,163
12117,830,35
12118,830,999
12119,830,737
12120,830,686
12121,830,266
12122,830,783
12123,830,150
12124,830,519
12125,830,244
12126,830,172
12127,830,481
12128,830,962
12129,830,609
12130,830,1174
12131,830,1224
12132,830,847
12133,830,1187
12134,830,706
12135,830,346
12136,830,1196
12137,830,860
12138,830,1057
12139,830,746
12140,830,635
12141,830,30
12142,830,434
12143,830,507
12144,830,1095
12145,830,789
12146,830,660
12147,830,1195
12148,830,16
12149,830,636
12150,830,565
12151,830,766
12152,830,1077
12153,830,722
12154,830,26
12155,830,155
12156,830,1116
12157,830,1017
12158,830,1109
12159,830,867
12160,830,1111
12161,830,1051
12162,830,1026
12163,830,1119
12164,830,576
12165,1081,1143
12166,1081,247
12167,1081,85
12168,1081,324
12169,1081,572
12170,1081,404
12171,1081,651
12172,1081,1123
12173,1081,350
12174,1081,300
12175,1081,895
12176,1081,385
12177,1081,1179
12178,1081,504
12179,1081,1104
12180,1081,258
12181,1081,153
12182,1081,551
12183,1081,169
12184,1081,1064
12185,1081,1008
12186,1081,1144
12187,1081,455
12188,1081,904
12189,1081,319
12190,1081,341
12191,1081,1083
12192,1081,1086
12193,1081,271
12194,1081,953
12195,1081,47
12196,1081,260
12197,1081,344
12198,1081,373
12199,1081,89
12200,1081,581
12201,1081,1098
12202,1081,978
12203,1081,438
12204,1081,743
12205,1081,951
12206,1081,1213
12207,1081,347
12208,1081,542
12209,1081,1161
12210,1081,776
12211,1081,1048
12212,1081,7
12213,1081,103
12214,1081,1067
12215,1081,395
12216,1081,518
12217,1081,599
12218,1081,1211
12219,1081,495
12220,1081,965
12221,1081,482
12222,1081,207
12223,1081,642
12224,1081,415
12225,1081,862
12226,1081,255
12227,1081,250
12228,1081,1085
12229,1081,163
12230,1081,847
12231,1081,746
12232,1081,635
12233,1081,119
12234,1081,636
12235,1081,155
12236,823,447
12237,823,471
12238,823,218
12239,823,214
12240,823,131
12241,823,1082
12242,823,2
12243,823,1059
12244,823,25
12245,823,293
12246,823,715
12247,823,1166
12248,823,804
12249,823,643
12250,823,89
12251,823,1037
12252,823,500
12253,823,1161
12254,823,96
12255,823,103
12256,823,99
12257,823,602
12258,823,841
12259,823,766
12260,511,363
12261,511,406
12262,511,1143
12263,511,584
12264,511,696
12265,511,17
12266,511,1068
12267,511,615
12268,511,215
12269,511,221
12270,511,276
12271,511,905
12272,511,471
12273,511,214
12274,511,131
12275,511,1157
12276,511,768
12277,511,197
12278,511,864
12279,511,1071
12280,511,67
12281,511,987
12282,511,1082
12283,511,1033
12284,511,831
12285,511,419
12286,511,10
12287,511,462
12288,511,682
12289,511,586
12290,511,193
12291,511,524
12292,511,694
12293,511,474
12294,511,1202
12295,511,378
12296,511,521
12297,511,1138
12298,511,306
12299,511,322
12300,511,1059
12301,511,359
12302,511,293
12303,511,444
12304,511,1107
12305,511,873
12306,511,935
12307,511,934
12308,511,715
12309,511,148
12310,511,698
12311,511,1166
12312,511,782
12313,511,753
12314,511,643
12315,511,736
12316,511,142
12317,511,473
12318,511,377
12319,511,835
12320,511,894
12321,511,1139
12322,511,721
12323,511,223
12324,511,89
12325,511,741
12326,511,516
12327,511,931
12328,511,1037
12329,511,726
12330,511,448
12331,511,976
12332,511,213
12333,511,500
12334,511,1154
12335,511,246
12336,511,881
12337,511,1058
12338,511,1075
12339,511,545
12340,511,528
12341,511,702
12342,511,1142
12343,511,1070
12344,511,83
12345,511,814
12346,511,650
12347,511,96
12348,511,103
12349,511,102
12350,511,1153
12351,511,478
12352,511,1066
12353,511,1067
12354,511,395
12355,511,118
12356,511,1084
12357,511,292
12358,511,917
12359,511,689
12360,511,427
12361,511,494
12362,511,964
12363,511,441
12364,511,482
12365,511,488
12366,511,862
12367,511,1167
12368,511,250
12369,511,1085
12370,511,1038
12371,511,686
12372,511,783
12373,511,519
12374,511,746
12375,511,1095
12376,511,1182
12377,511,576
12378,1022,405
12379,1022,363
12380,1022,406
12381,1022,447
12382,1022,1093
12383,1022,85
12384,1022,1239
12385,1022,17
12386,1022,1047
12387,1022,4
12388,1022,909
12389,1022,1068
12390,1022,404
12391,1022,1092
12392,1022,1012
12393,1022,719
12394,1022,272
12395,1022,215
12396,1022,112
12397,1022,221
12398,1022,646
12399,1022,276
12400,1022,394
12401,1022,52
12402,1022,471
12403,1022,218
12404,1022,924
12405,1022,131
12406,1022,878
12407,1022,460
12408,1022,1157
12409,1022,768
12410,1022,197
12411,1022,1088
12412,1022,864
12413,1022,1071
12414,1022,504
12415,1022,67
12416,1022,657
12417,1022,777
12418,1022,987
12419,1022,1104
12420,1022,1033
12421,1022,831
12422,1022,440
12423,1022,229
12424,1022,1141
12425,1022,1008
12426,1022,419
12427,1022,10
12428,1022,790
12429,1022,472
12430,1022,632
12431,1022,794
12432,1022,462
12433,1022,984
12434,1022,682
12435,1022,586
12436,1022,1110
12437,1022,1241
12438,1022,312
12439,1022,524
12440,1022,1184
12441,1022,383
12442,1022,758
12443,1022,694
12444,1022,1072
12445,1022,474
12446,1022,1202
12447,1022,1180
12448,1022,521
12449,1022,306
12450,1022,322
12451,1022,341
12452,1022,1059
12453,1022,136
12454,1022,669
12455,1022,822
12456,1022,293
12457,1022,634
12458,1022,1083
12459,1022,1107
12460,1022,68
12461,1022,662
12462,1022,873
12463,1022,715
12464,1022,148
12465,1022,698
12466,1022,1101
12467,1022,1166
12468,1022,782
12469,1022,1010
12470,1022,753
12471,1022,237
12472,1022,643
12473,1022,142
12474,1022,252
12475,1022,473
12476,1022,91
12477,1022,377
12478,1022,344
12479,1022,894
12480,1022,688
12481,1022,223
12482,1022,89
12483,1022,1122
12484,1022,325
12485,1022,516
12486,1022,880
12487,1022,931
12488,1022,1037
12489,1022,654
12490,1022,943
12491,1022,1098
12492,1022,977
12493,1022,978
12494,1022,448
12495,1022,66
12496,1022,755
12497,1022,452
12498,1022,143
12499,1022,522
12500,1022,788
12501,1022,213
12502,1022,500
12503,1022,1154
12504,1022,881
12505,1022,413
12506,1022,412
12507,1022,743
12508,1022,1213
12509,1022,578
12510,1022,1075
12511,1022,702
12512,1022,1142
12513,1022,1015
12514,1022,1070
12515,1022,814
12516,1022,650
12517,1022,7
12518,1022,1063
12519,1022,875
12520,1022,227
12521,1022,1080
12522,1022,96
12523,1022,103
12524,1022,102
12525,1022,374
12526,1022,1145
12527,1022,1153
12528,1022,478
12529,1022,241
12530,1022,1066
12531,1022,1067
12532,1022,395
12533,1022,118
12534,1022,990
12535,1022,1084
12536,1022,1203
12537,1022,974
12538,1022,495
12539,1022,292
12540,1022,336
12541,1022,917
12542,1022,944
12543,1022,1125
12544,1022,757
12545,1022,427
12546,1022,965
12547,1022,494
12548,1022,441
12549,1022,482
12550,1022,337
12551,1022,828
12552,1022,548
12553,1022,488
12554,1022,613
12555,1022,775
12556,1022,824
12557,1022,250
12558,1022,1085
12559,1022,1038
12560,1022,999
12561,1022,257
12562,1022,628
12563,1022,783
12564,1022,932
12565,1022,1174
12566,1022,896
12567,1022,860
12568,1022,746
12569,1022,1095
12570,1022,1136
12571,1022,636
12572,1022,565
12573,1022,722
12574,1022,26
12575,1022,867
12576,1022,865
12577,1022,1119
12578,1022,576
12579,1214,556
12580,1214,433
12581,1214,655
12582,1214,401
12583,1214,596
12584,1214,1143
12585,1214,633
12586,1214,769
12587,1214,447
12588,1214,919
12589,1214,897
12590,1214,771
12591,1214,85
12592,1214,1234
12593,1214,515
12594,1214,239
12595,1214,1239
12596,1214,979
12597,1214,1201
12598,1214,1173
12599,1214,1205
12600,1214,195
12601,1214,4
12602,1214,730
12603,1214,526
12604,1214,1188
12605,1214,795
12606,1214,812
12607,1214,763
12608,1214,189
12609,1214,853
12610,1214,690
12611,1214,46
12612,1214,226
12613,1214,182
12614,1214,236
12615,1214,525
12616,1214,744
12617,1214,607
12618,1214,1021
12619,1214,196
12620,1214,838
12621,1214,832
12622,1214,394
12623,1214,805
12624,1214,471
12625,1214,895
12626,1214,73
12627,1214,594
12628,1214,952
12629,1214,924
12630,1214,113
12631,1214,380
12632,1214,131
12633,1214,1132
12634,1214,878
12635,1214,768
12636,1214,864
12637,1214,1179
12638,1214,80
12639,1214,504
12640,1214,777
12641,1214,923
12642,1214,772
12643,1214,937
12644,1214,802
12645,1214,987
12646,1214,1056
12647,1214,1082
12648,1214,1104
12649,1214,153
12650,1214,551
12651,1214,559
12652,1214,1008
12653,1214,161
12654,1214,1144
12655,1214,216
12656,1214,855
12657,1214,212
12658,1214,315
12659,1214,283
12660,1214,339
12661,1214,740
12662,1214,455
12663,1214,11
12664,1214,667
12665,1214,586
12666,1214,475
12667,1214,648
12668,1214,372
12669,1214,1241
12670,1214,40
12671,1214,312
12672,1214,797
12673,1214,524
12674,1214,320
12675,1214,28
12676,1214,191
12677,1214,1184
12678,1214,961
12679,1214,245
12680,1214,547
12681,1214,205
12682,1214,383
12683,1214,1175
12684,1214,959
12685,1214,694
12686,1214,1072
12687,1214,1202
12688,1214,490
12689,1214,1236
12690,1214,485
12691,1214,392
12692,1214,521
12693,1214,204
12694,1214,367
12695,1214,1138
12696,1214,341
12697,1214,408
12698,1214,946
12699,1214,947
12700,1214,41
12701,1214,611
12702,1214,1090
12703,1214,25
12704,1214,799
12705,1214,416
12706,1214,238
12707,1214,116
12708,1214,293
12709,1214,444
12710,1214,723
12711,1214,806
12712,1214,68
12713,1214,14
12714,1214,1212
12715,1214,619
12716,1214,662
12717,1214,873
12718,1214,676
12719,1214,659
12720,1214,936
12721,1214,715
12722,1214,658
12723,1214,1055
12724,1214,879
12725,1214,1101
12726,1214,956
12727,1214,1166
12728,1214,747
12729,1214,400
12730,1214,316
12731,1214,953
12732,1214,114
12733,1214,1171
12734,1214,356
12735,1214,736
12736,1214,498
12737,1214,142
12738,1214,665
12739,1214,829
12740,1214,308
12741,1214,1044
12742,1214,344
12743,1214,1031
12744,1214,437
12745,1214,688
12746,1214,223
12747,1214,414
12748,1214,1094
12749,1214,958
12750,1214,86
12751,1214,745
12752,1214,729
12753,1214,349
12754,1214,1078
12755,1214,285
12756,1214,248
12757,1214,557
12758,1214,562
12759,1214,422
12760,1214,960
12761,1214,1089
12762,1214,834
12763,1214,654
12764,1214,146
12765,1214,253
12766,1214,501
12767,1214,168
12768,1214,143
12769,1214,949
12770,1214,788
12771,1214,1185
12772,1214,852
12773,1214,813
12774,1214,500
12775,1214,412
12776,1214,1058
12777,1214,438
12778,1214,60
12779,1214,743
12780,1214,585
12781,1214,1075
12782,1214,939
12783,1214,528
12784,1214,702
12785,1214,1161
12786,1214,151
12787,1214,1070
12788,1214,396
12789,1214,970
12790,1214,466
12791,1214,369
12792,1214,83
12793,1214,893
12794,1214,650
12795,1214,675
12796,1214,1039
12797,1214,517
12798,1214,59
12799,1214,844
12800,1214,1128
12801,1214,1080
12802,1214,96
12803,1214,103
12804,1214,102
12805,1214,1223
12806,1214,1108
12807,1214,149
12808,1214,957
12809,1214,241
12810,1214,1009
12811,1214,1066
12812,1214,1067
12813,1214,543
12814,1214,817
12815,1214,254
12816,1214,518
12817,1214,198
12818,1214,638
12819,1214,1230
12820,1214,219
12821,1214,725
12822,1214,918
12823,1214,886
12824,1214,336
12825,1214,695
12826,1214,98
12827,1214,917
12828,1214,275
12829,1214,906
12830,1214,759
12831,1214,716
12832,1214,841
12833,1214,757
12834,1214,427
12835,1214,482
12836,1214,337
12837,1214,828
12838,1214,488
12839,1214,950
12840,1214,415
12841,1214,862
12842,1214,176
12843,1214,255
12844,1214,376
12845,1214,796
12846,1214,1131
12847,1214,967
12848,1214,775
12849,1214,1007
12850,1214,824
12851,1214,966
12852,1214,163
12853,1214,180
12854,1214,854
12855,1214,35
12856,1214,1038
12857,1214,737
12858,1214,266
12859,1214,783
12860,1214,932
12861,1214,150
12862,1214,172
12863,1214,481
12864,1214,962
12865,1214,606
12866,1214,1224
12867,1214,706
12868,1214,119
12869,1214,313
12870,1214,1136
12871,1214,358
12872,1214,732
12873,1214,660
12874,1214,442
12875,1214,1195
12876,1214,1222
12877,1214,157
12878,1214,766
12879,1214,722
12880,1214,1109
12881,1214,1182
12882,595,556
12883,595,671
12884,595,424
12885,595,433
12886,595,405
12887,595,655
12888,595,90
12889,595,401
12890,595,596
12891,595,297
12892,595,406
12893,595,1143
12894,595,633
12895,595,769
12896,595,447
12897,595,919
12898,595,897
12899,595,532
12900,595,837
12901,595,771
12902,595,85
12903,595,610
12904,595,324
12905,595,1234
12906,595,710
12907,595,515
12908,595,239
12909,595,1239
12910,595,979
12911,595,1201
12912,595,1173
12913,595,1205
12914,595,544
12915,595,195
12916,595,354
12917,595,4
12918,595,730
12919,595,526
12920,595,1188
12921,595,795
12922,595,1237
12923,595,55
12924,595,812
12925,595,572
12926,595,763
12927,595,189
12928,595,503
12929,595,1092
12930,595,901
12931,595,707
12932,595,690
12933,595,46
12934,595,1123
12935,595,820
12936,595,1012
12937,595,226
12938,595,410
12939,595,821
12940,595,927
12941,595,719
12942,595,139
12943,595,15
12944,595,182
12945,595,940
12946,595,236
12947,595,863
12948,595,525
12949,595,744
12950,595,607
12951,595,1021
12952,595,826
12953,595,421
12954,595,196
12955,595,838
12956,595,832
12957,595,778
12958,595,394
12959,595,52
12960,595,805
12961,595,905
12962,595,300
12963,595,471
12964,595,895
12965,595,1073
12966,595,73
12967,595,594
12968,595,952
12969,595,187
12970,595,924
12971,595,192
12972,595,113
12973,595,480
12974,595,380
12975,595,214
12976,595,131
12977,595,1133
12978,595,1132
12979,595,878
12980,595,460
12981,595,604
12982,595,652
12983,595,1158
12984,595,1157
12985,595,165
12986,595,768
12987,595,890
12988,595,864
12989,595,1179
12990,595,504
12991,595,67
12992,595,777
12993,595,923
12994,595,772
12995,595,937
12996,595,802
12997,595,185
12998,595,1056
12999,595,1082
13000,595,1104
13001,595,1033
13002,595,258
13003,595,423
13004,595,153
13005,595,551
13006,595,440
13007,595,670
13008,595,559
13009,595,208
13010,595,983
13011,595,229
13012,595,2
13013,595,1064
13014,595,27
13015,595,1008
13016,595,161
13017,595,1144
13018,595,216
13019,595,855
13020,595,10
13021,595,212
13022,595,315
13023,595,283
13024,595,449
13025,595,472
13026,595,397
13027,595,761
13028,595,339
13029,595,942
13030,595,740
13031,595,984
13032,595,11
13033,595,554
13034,595,667
13035,595,586
13036,595,475
13037,595,648
13038,595,435
13039,595,372
13040,595,1041
13041,595,1241
13042,595,343
13043,595,193
13044,595,40
13045,595,312
13046,595,63
13047,595,797
13048,595,524
13049,595,320
13050,595,28
13051,595,191
13052,595,904
13053,595,961
13054,595,617
13055,595,1000
13056,595,245
13057,595,547
13058,595,205
13059,595,383
13060,595,319
13061,595,1175
13062,595,786
13063,595,959
13064,595,929
13065,595,694
13066,595,1072
13067,595,474
13068,595,1202
13069,595,378
13070,595,661
13071,595,605
13072,595,490
13073,595,1236
13074,595,38
13075,595,531
13076,595,908
13077,595,485
13078,595,392
13079,595,784
13080,595,521
13081,595,204
13082,595,367
13083,595,1138
13084,595,384
13085,595,322
13086,595,341
13087,595,1059
13088,595,408
13089,595,946
13090,595,947
13091,595,41
13092,595,611
13093,595,465
13094,595,1090
13095,595,120
13096,595,25
13097,595,799
13098,595,416
13099,595,238
13100,595,116
13101,595,858
13102,595,293
13103,595,512
13104,595,634
13105,595,444
13106,595,1083
13107,595,302
13108,595,806
13109,595,141
13110,595,68
13111,595,1040
13112,595,14
13113,595,625
13114,595,1212
13115,595,454
13116,595,619
13117,595,662
13118,595,399
13119,595,873
13120,595,676
13121,595,523
13122,595,659
13123,595,715
13124,595,711
13125,595,658
13126,595,1055
13127,595,130
13128,595,1159
13129,595,79
13130,595,148
13131,595,879
13132,595,1101
13133,595,535
13134,595,956
13135,595,1166
13136,595,747
13137,595,400
13138,595,566
13139,595,1086
13140,595,316
13141,595,827
13142,595,1060
13143,595,953
13144,595,114
13145,595,1005
13146,595,1171
13147,595,356
13148,595,643
13149,595,736
13150,595,498
13151,595,142
13152,595,665
13153,595,829
13154,595,639
13155,595,39
13156,595,36
13157,595,1192
13158,595,308
13159,595,91
13160,595,1044
13161,595,835
13162,595,344
13163,595,342
13164,595,1031
13165,595,1139
13166,595,688
13167,595,496
13168,595,630
13169,595,48
13170,595,520
13171,595,18
13172,595,223
13173,595,109
13174,595,741
13175,595,414
13176,595,439
13177,595,1094
13178,595,958
13179,595,86
13180,595,745
13181,595,581
13182,595,729
13183,595,663
13184,595,361
13185,595,349
13186,595,527
13187,595,1078
13188,595,468
13189,595,285
13190,595,248
13191,595,810
13192,595,982
13193,595,557
13194,595,973
13195,595,294
13196,595,562
13197,595,422
13198,595,568
13199,595,960
13200,595,1089
13201,595,834
13202,595,145
13203,595,654
13204,595,574
13205,595,502
13206,595,930
13207,595,146
13208,595,253
13209,595,978
13210,595,249
13211,595,501
13212,595,448
13213,595,66
13214,595,332
13215,595,328
13216,595,330
13217,595,168
13218,595,980
13219,595,431
13220,595,143
13221,595,857
13222,595,62
13223,595,1036
13224,595,420
13225,595,949
13226,595,788
13227,595,1185
13228,595,852
13229,595,813
13230,595,305
13231,595,500
13232,595,246
13233,595,413
13234,595,920
13235,595,412
13236,595,1058
13237,595,438
13238,595,60
13239,595,743
13240,595,653
13241,595,585
13242,595,1213
13243,595,57
13244,595,945
13245,595,851
13246,595,578
13247,595,1075
13248,595,939
13249,595,545
13250,595,528
13251,595,702
13252,595,1161
13253,595,1150
13254,595,151
13255,595,1015
13256,595,1070
13257,595,776
13258,595,396
13259,595,811
13260,595,970
13261,595,466
13262,595,369
13263,595,124
13264,595,83
13265,595,814
13266,595,893
13267,595,1152
13268,595,650
13269,595,234
13270,595,675
13271,595,1039
13272,595,517
13273,595,59
13274,595,1063
13275,595,844
13276,595,875
13277,595,1128
13278,595,1080
13279,595,29
13280,595,96
13281,595,103
13282,595,102
13283,595,101
13284,595,1223
13285,595,1108
13286,595,1145
13287,595,673
13288,595,1200
13289,595,149
13290,595,37
13291,595,1153
13292,595,957
13293,595,177
13294,595,241
13295,595,1009
13296,595,311
13297,595,1066
13298,595,1067
13299,595,543
13300,595,817
13301,595,254
13302,595,518
13303,595,599
13304,595,569
13305,595,493
13306,595,1243
13307,595,990
13308,595,198
13309,595,1170
13310,595,1084
13311,595,638
13312,595,1230
13313,595,219
13314,595,974
13315,595,106
13316,595,725
13317,595,188
13318,595,495
13319,595,918
13320,595,152
13321,595,886
13322,595,53
13323,595,336
13324,595,695
13325,595,98
13326,595,888
13327,595,162
13328,595,917
13329,595,275
13330,595,906
13331,595,759
13332,595,760
13333,595,944
13334,595,716
13335,595,841
13336,595,436
13337,595,1125
13338,595,757
13339,595,689
13340,595,427
13341,595,494
13342,595,964
13343,595,540
13344,595,539
13345,595,482
13346,595,337
13347,595,207
13348,595,828
13349,595,1168
13350,595,488
13351,595,1208
13352,595,642
13353,595,950
13354,595,432
13355,595,183
13356,595,415
13357,595,862
13358,595,176
13359,595,765
13360,595,255
13361,595,376
13362,595,428
13363,595,1099
13364,595,796
13365,595,1131
13366,595,1006
13367,595,967
13368,595,775
13369,595,1007
13370,595,824
13371,595,250
13372,595,966
13373,595,426
13374,595,163
13375,595,180
13376,595,854
13377,595,35
13378,595,1038
13379,595,42
13380,595,737
13381,595,686
13382,595,266
13383,595,628
13384,595,933
13385,595,783
13386,595,932
13387,595,150
13388,595,519
13389,595,876
13390,595,172
13391,595,481
13392,595,962
13393,595,606
13394,595,1224
13395,595,847
13396,595,706
13397,595,346
13398,595,1011
13399,595,1196
13400,595,860
13401,595,1057
13402,595,746
13403,595,635
13404,595,288
13405,595,119
13406,595,313
13407,595,434
13408,595,507
13409,595,1095
13410,595,1136
13411,595,789
13412,595,358
13413,595,732
13414,595,660
13415,595,442
13416,595,23
13417,595,1195
13418,595,622
13419,595,1222
13420,595,16
13421,595,157
13422,595,766
13423,595,722
13424,595,155
13425,595,1017
13426,595,1109
13427,595,866
13428,595,865
13429,595,1111
13430,595,1051
13431,595,1119
13432,595,640
13433,595,1182
13434,717,556
13435,717,405
13436,717,975
13437,717,90
13438,717,363
13439,717,406
13440,717,1143
13441,717,633
13442,717,769
13443,717,919
13444,717,532
13445,717,612
13446,717,696
13447,717,1201
13448,717,544
13449,717,127
13450,717,1047
13451,717,19
13452,717,354
13453,717,909
13454,717,730
13455,717,526
13456,717,812
13457,717,572
13458,717,503
13459,717,651
13460,717,1092
13461,717,969
13462,717,46
13463,717,1123
13464,717,821
13465,717,15
13466,717,309
13467,717,112
13468,717,744
13469,717,826
13470,717,646
13471,717,52
13472,717,905
13473,717,471
13474,717,952
13475,717,187
13476,717,666
13477,717,214
13478,717,131
13479,717,878
13480,717,460
13481,717,1157
13482,717,165
13483,717,768
13484,717,197
13485,717,1088
13486,717,1179
13487,717,1071
13488,717,1178
13489,717,67
13490,717,657
13491,717,777
13492,717,987
13493,717,1104
13494,717,1033
13495,717,551
13496,717,440
13497,717,670
13498,717,27
13499,717,1008
13500,717,1144
13501,717,216
13502,717,855
13503,717,10
13504,717,212
13505,717,315
13506,717,397
13507,717,339
13508,717,462
13509,717,984
13510,717,455
13511,717,641
13512,717,682
13513,717,586
13514,717,648
13515,717,372
13516,717,1241
13517,717,193
13518,717,28
13519,717,1244
13520,717,904
13521,717,1029
13522,717,1184
13523,717,961
13524,717,245
13525,717,547
13526,717,383
13527,717,845
13528,717,357
13529,717,786
13530,717,694
13531,717,1072
13532,717,474
13533,717,77
13534,717,1202
13535,717,378
13536,717,1180
13537,717,490
13538,717,1236
13539,717,531
13540,717,204
13541,717,306
13542,717,341
13543,717,1059
13544,717,1090
13545,717,359
13546,717,54
13547,717,1019
13548,717,416
13549,717,446
13550,717,293
13551,717,1083
13552,717,1107
13553,717,806
13554,717,68
13555,717,662
13556,717,1194
13557,717,873
13558,717,523
13559,717,935
13560,717,715
13561,717,711
13562,717,1242
13563,717,1159
13564,717,220
13565,717,698
13566,717,883
13567,717,968
13568,717,1166
13569,717,400
13570,717,1074
13571,717,1086
13572,717,591
13573,717,271
13574,717,114
13575,717,1005
13576,717,643
13577,717,497
13578,717,665
13579,717,639
13580,717,91
13581,717,122
13582,717,835
13583,717,344
13584,717,342
13585,717,389
13586,717,402
13587,717,1031
13588,717,721
13589,717,688
13590,717,520
13591,717,18
13592,717,223
13593,717,89
13594,717,109
13595,717,745
13596,717,527
13597,717,468
13598,717,516
13599,717,1034
13600,717,931
13601,717,1037
13602,717,564
13603,717,568
13604,717,960
13605,717,1089
13606,717,834
13607,717,464
13608,717,654
13609,717,1098
13610,717,146
13611,717,978
13612,717,448
13613,717,66
13614,717,431
13615,717,976
13616,717,452
13617,717,143
13618,717,522
13619,717,949
13620,717,788
13621,717,1185
13622,717,852
13623,717,213
13624,717,305
13625,717,913
13626,717,500
13627,717,1154
13628,717,1198
13629,717,1169
13630,717,412
13631,717,997
13632,717,60
13633,717,585
13634,717,951
13635,717,57
13636,717,945
13637,717,340
13638,717,939
13639,717,542
13640,717,528
13641,717,702
13642,717,981
13643,717,921
13644,717,1023
13645,717,1070
13646,717,396
13647,717,369
13648,717,83
13649,717,893
13650,717,650
13651,717,513
13652,717,645
13653,717,675
13654,717,7
13655,717,510
13656,717,844
13657,717,1128
13658,717,227
13659,717,96
13660,717,103
13661,717,99
13662,717,1108
13663,717,1200
13664,717,149
13665,717,1153
13666,717,957
13667,717,418
13668,717,1009
13669,717,1066
13670,717,395
13671,717,543
13672,717,817
13673,717,599
13674,717,990
13675,717,1170
13676,717,1084
13677,717,770
13678,717,1230
13679,717,974
13680,717,106
13681,717,188
13682,717,918
13683,717,292
13684,717,336
13685,717,888
13686,717,841
13687,717,269
13688,717,757
13689,717,689
13690,717,427
13691,717,494
13692,717,482
13693,717,337
13694,717,828
13695,717,1030
13696,717,488
13697,717,642
13698,717,950
13699,717,415
13700,717,255
13701,717,1131
13702,717,1007
13703,717,824
13704,717,250
13705,717,1085
13706,717,163
13707,717,180
13708,717,35
13709,717,628
13710,717,1103
13711,717,933
13712,717,150
13713,717,519
13714,717,244
13715,717,172
13716,717,481
13717,717,962
13718,717,1224
13719,717,847
13720,717,706
13721,717,1011
13722,717,514
13723,717,746
13724,717,119
13725,717,1095
13726,717,1136
13727,717,358
13728,717,1195
13729,717,16
13730,717,636
13731,717,766
13732,717,155
13733,717,1109
13734,717,1115
13735,717,1026
13736,717,1117
13737,717,1182
13738,717,1118
13739,717,576
13740,371,247
13741,371,610
13742,371,1133
13743,371,1063
13744,371,173
13745,916,247
13746,916,410
13747,916,525
13748,916,421
13749,916,657
13750,916,984
13751,916,319
13752,916,1202
13753,916,306
13754,916,523
13755,916,48
13756,916,1122
13757,916,1037
13758,916,1058
13759,916,1145
13760,916,1200
13761,916,1203
13762,916,1006
13763,916,847
13764,916,766
13765,916,155
13766,1190,1202
13767,1190,908
13768,1190,521
13769,1190,120
13770,1190,817
13771,1220,424
13772,1220,405
13773,1220,975
13774,1220,363
13775,1220,1143
13776,1220,572
13777,1220,46
13778,1220,350
13779,1220,410
13780,1220,112
13781,1220,525
13782,1220,290
13783,1220,646
13784,1220,421
13785,1220,394
13786,1220,471
13787,1220,187
13788,1220,218
13789,1220,924
13790,1220,385
13791,1220,214
13792,1220,1157
13793,1220,768
13794,1220,864
13795,1220,1179
13796,1220,67
13797,1220,1056
13798,1220,1033
13799,1220,258
13800,1220,551
13801,1220,440
13802,1220,670
13803,1220,1008
13804,1220,216
13805,1220,212
13806,1220,397
13807,1220,794
13808,1220,461
13809,1220,462
13810,1220,455
13811,1220,641
13812,1220,1029
13813,1220,357
13814,1220,1180
13815,1220,341
13816,1220,1059
13817,1220,238
13818,1220,444
13819,1220,1083
13820,1220,1107
13821,1220,711
13822,1220,1166
13823,1220,1005
13824,1220,36
13825,1220,308
13826,1220,708
13827,1220,379
13828,1220,894
13829,1220,520
13830,1220,439
13831,1220,200
13832,1220,516
13833,1220,931
13834,1220,568
13835,1220,960
13836,1220,1098
13837,1220,66
13838,1220,788
13839,1220,1198
13840,1220,1169
13841,1220,413
13842,1220,438
13843,1220,743
13844,1220,951
13845,1220,57
13846,1220,340
13847,1220,347
13848,1220,776
13849,1220,650
13850,1220,645
13851,1220,675
13852,1220,7
13853,1220,510
13854,1220,227
13855,1220,103
13856,1220,374
13857,1220,1200
13858,1220,149
13859,1220,1153
13860,1220,1067
13861,1220,395
13862,1220,599
13863,1220,1243
13864,1220,1084
13865,1220,1230
13866,1220,106
13867,1220,944
13868,1220,757
13869,1220,833
13870,1220,207
13871,1220,548
13872,1220,1006
13873,1220,775
13874,1220,824
13875,1220,426
13876,1220,999
13877,1220,686
13878,1220,933
13879,1220,150
13880,1220,519
13881,1220,244
13882,1220,481
13883,1220,1174
13884,1220,1224
13885,1220,847
13886,1220,860
13887,1220,514
13888,1220,1057
13889,1220,30
13890,1220,1195
13891,1220,16
13892,1220,155
13893,1220,1026
13894,1220,576
13895,1220,1216
13896,819,1135
13897,819,297
13898,819,406
13899,819,1143
13900,819,633
13901,819,769
13902,819,447
13903,819,1093
13904,819,919
13905,819,247
13906,819,612
13907,819,979
13908,819,696
13909,819,909
13910,819,1068
13911,819,526
13912,819,812
13913,819,572
13914,819,651
13915,819,969
13916,819,690
13917,819,821
13918,819,719
13919,819,525
13920,819,646
13921,819,421
13922,819,196
13923,819,276
13924,819,394
13925,819,471
13926,819,187
13927,819,218
13928,819,666
13929,819,192
13930,819,214
13931,819,131
13932,819,1133
13933,819,197
13934,819,1088
13935,819,1179
13936,819,1071
13937,819,67
13938,819,657
13939,819,777
13940,819,1082
13941,819,1033
13942,819,258
13943,819,153
13944,819,551
13945,819,440
13946,819,670
13947,819,208
13948,819,2
13949,819,1144
13950,819,10
13951,819,212
13952,819,315
13953,819,397
13954,819,339
13955,819,794
13956,819,455
13957,819,1065
13958,819,475
13959,819,372
13960,819,1241
13961,819,524
13962,819,904
13963,819,1184
13964,819,383
13965,819,694
13966,819,474
13967,819,1202
13968,819,490
13969,819,204
13970,819,1138
13971,819,341
13972,819,1059
13973,819,611
13974,819,416
13975,819,238
13976,819,293
13977,819,1083
13978,819,1107
13979,819,68
13980,819,619
13981,819,873
13982,819,523
13983,819,715
13984,819,1242
13985,819,698
13986,819,1166
13987,819,804
13988,819,1074
13989,819,1086
13990,819,1010
13991,819,271
13992,819,1005
13993,819,356
13994,819,643
13995,819,142
13996,819,665
13997,819,308
13998,819,91
13999,819,708
14000,819,377
14001,819,835
14002,819,344
14003,819,402
14004,819,1139
14005,819,688
14006,819,520
14007,819,18
14008,819,223
14009,819,109
14010,819,1122
14011,819,958
14012,819,200
14013,819,581
14014,819,468
14015,819,516
14016,819,931
14017,819,654
14018,819,859
14019,819,943
14020,819,1098
14021,819,146
14022,819,978
14023,819,755
14024,819,452
14025,819,788
14026,819,852
14027,819,913
14028,819,500
14029,819,1198
14030,819,413
14031,819,412
14032,819,743
14033,819,951
14034,819,340
14035,819,578
14036,819,939
14037,819,528
14038,819,702
14039,819,998
14040,819,1070
14041,819,893
14042,819,650
14043,819,645
14044,819,561
14045,819,675
14046,819,1063
14047,819,1128
14048,819,96
14049,819,99
14050,819,374
14051,819,149
14052,819,1153
14053,819,418
14054,819,817
14055,819,254
14056,819,1084
14057,819,1203
14058,819,974
14059,819,918
14060,819,152
14061,819,292
14062,819,427
14063,819,964
14064,819,482
14065,819,488
14066,819,642
14067,819,950
14068,819,415
14069,819,862
14070,819,255
14071,819,376
14072,819,1006
14073,819,775
14074,819,922
14075,819,824
14076,819,250
14077,819,426
14078,819,1085
14079,819,163
14080,819,686
14081,819,933
14082,819,932
14083,819,150
14084,819,519
14085,819,244
14086,819,706
14087,819,514
14088,819,225
14089,819,746
14090,819,635
14091,819,313
14092,819,507
14093,819,660
14094,819,16
14095,819,766
14096,819,722
14097,819,274
14098,819,1109
14099,819,1115
14100,819,867
14101,819,1051
14102,819,1119
14103,819,1182
14104,819,576
14105,685,1135
14106,685,633
14107,685,769
14108,685,447
14109,685,919
14110,685,696
14111,685,730
14112,685,969
14113,685,826
14114,685,394
14115,685,471
14116,685,895
14117,685,218
14118,685,385
14119,685,131
14120,685,197
14121,685,67
14122,685,772
14123,685,987
14124,685,1056
14125,685,258
14126,685,551
14127,685,670
14128,685,904
14129,685,694
14130,685,341
14131,685,136
14132,685,293
14133,685,873
14134,685,1126
14135,685,1166
14136,685,591
14137,685,953
14138,685,829
14139,685,377
14140,685,1163
14141,685,557
14142,685,145
14143,685,574
14144,685,788
14145,685,500
14146,685,702
14147,685,1150
14148,685,151
14149,685,970
14150,685,7
14151,685,96
14152,685,103
14153,685,1066
14154,685,817
14155,685,917
14156,685,964
14157,685,482
14158,685,35
14159,685,742
14160,685,746
14161,685,434
14162,685,507
14163,685,1136
14164,685,1109
14165,181,979
14166,181,1087
14167,181,1202
14168,181,1031
14169,181,502
14170,181,103
14171,181,1066
14172,181,207
14173,181,255
14174,181,922
14175,181,150
14176,181,706
14177,181,507
14178,181,865
14179,907,975
14180,907,919
14181,907,525
14182,907,1157
14183,907,551
14184,907,1064
14185,907,475
14186,907,1110
14187,907,1244
14188,907,1202
14189,907,1101
14190,907,829
14191,907,1031
14192,907,200
14193,907,502
14194,907,978
14195,907,217
14196,907,1198
14197,907,1058
14198,907,1213
14199,907,57
14200,907,83
14201,907,1063
14202,907,875
14203,907,103
14204,907,1153
14205,907,1066
14206,907,917
14207,907,207
14208,907,642
14209,907,415
14210,907,180
14211,907,706
14212,907,746
14213,907,507
14214,907,157
14215,262,975
14216,262,917
14217,262,642
14218,262,706
14219,262,746
14220,487,992
14221,487,405
14222,487,90
14223,487,633
14224,487,769
14225,487,1093
14226,487,919
14227,487,532
14228,487,837
14229,487,1068
14230,487,969
14231,487,15
14232,487,874
14233,487,525
14234,487,646
14235,487,656
14236,487,778
14237,487,905
14238,487,218
14239,487,192
14240,487,214
14241,487,131
14242,487,887
14243,487,768
14244,487,197
14245,487,1088
14246,487,987
14247,487,1104
14248,487,1033
14249,487,1064
14250,487,1008
14251,487,10
14252,487,133
14253,487,984
14254,487,167
14255,487,1110
14256,487,372
14257,487,524
14258,487,694
14259,487,474
14260,487,0
14261,487,1138
14262,487,306
14263,487,341
14264,487,1059
14265,487,408
14266,487,25
14267,487,446
14268,487,293
14269,487,1083
14270,487,625
14271,487,873
14272,487,523
14273,487,130
14274,487,1101
14275,487,535
14276,487,1166
14277,487,804
14278,487,1086
14279,487,1010
14280,487,643
14281,487,829
14282,487,91
14283,487,377
14284,487,835
14285,487,344
14286,487,1139
14287,487,688
14288,487,18
14289,487,89
14290,487,109
14291,487,741
14292,487,1122
14293,487,200
14294,487,931
14295,487,1037
14296,487,960
14297,487,834
14298,487,502
14299,487,943
14300,487,978
14301,487,431
14302,487,976
14303,487,500
14304,487,836
14305,487,57
14306,487,945
14307,487,340
14308,487,998
14309,487,1015
14310,487,650
14311,487,1063
14312,487,875
14313,487,110
14314,487,103
14315,487,102
14316,487,99
14317,487,1153
14318,487,478
14319,487,1066
14320,487,1067
14321,487,569
14322,487,1160
14323,487,1084
14324,487,495
14325,487,886
14326,487,135
14327,487,841
14328,487,689
14329,487,427
14330,487,965
14331,487,964
14332,487,539
14333,487,482
14334,487,828
14335,487,488
14336,487,642
14337,487,432
14338,487,250
14339,487,628
14340,487,150
14341,487,746
14342,487,635
14343,487,1136
14344,487,358
14345,487,1181
14346,487,155
14347,487,867
14348,487,865
14349,119,424
14350,119,433
14351,119,793
14352,119,1135
14353,119,975
14354,119,178
14355,119,655
14356,119,1143
14357,119,1093
14358,119,919
14359,119,897
14360,119,247
14361,119,600
14362,119,85
14363,119,324
14364,119,1234
14365,119,612
14366,119,979
14367,119,1201
14368,119,544
14369,119,127
14370,119,4
14371,119,126
14372,119,795
14373,119,55
14374,119,812
14375,119,901
14376,119,46
14377,119,1123
14378,119,1012
14379,119,410
14380,119,719
14381,119,889
14382,119,525
14383,119,744
14384,119,646
14385,119,421
14386,119,656
14387,119,905
14388,119,471
14389,119,895
14390,119,385
14391,119,214
14392,119,131
14393,119,878
14394,119,460
14395,119,604
14396,119,652
14397,119,165
14398,119,768
14399,119,1088
14400,119,864
14401,119,1179
14402,119,1178
14403,119,504
14404,119,67
14405,119,657
14406,119,937
14407,119,1056
14408,119,831
14409,119,891
14410,119,670
14411,119,559
14412,119,1064
14413,119,1141
14414,119,1008
14415,119,647
14416,119,855
14417,119,10
14418,119,472
14419,119,339
14420,119,740
14421,119,462
14422,119,682
14423,119,167
14424,119,667
14425,119,586
14426,119,475
14427,119,435
14428,119,372
14429,119,1241
14430,119,312
14431,119,191
14432,119,904
14433,119,547
14434,119,205
14435,119,383
14436,119,319
14437,119,938
14438,119,32
14439,119,694
14440,119,1072
14441,119,474
14442,119,1202
14443,119,1180
14444,119,531
14445,119,204
14446,119,1138
14447,119,341
14448,119,1059
14449,119,408
14450,119,946
14451,119,136
14452,119,1090
14453,119,120
14454,119,416
14455,119,238
14456,119,293
14457,119,634
14458,119,1083
14459,119,1107
14460,119,873
14461,119,523
14462,119,935
14463,119,715
14464,119,1242
14465,119,698
14466,119,968
14467,119,1166
14468,119,1086
14469,119,1010
14470,119,953
14471,119,47
14472,119,1171
14473,119,356
14474,119,643
14475,119,829
14476,119,718
14477,119,1197
14478,119,252
14479,119,1192
14480,119,708
14481,119,835
14482,119,344
14483,119,342
14484,119,894
14485,119,597
14486,119,734
14487,119,630
14488,119,48
14489,119,18
14490,119,373
14491,119,109
14492,119,439
14493,119,287
14494,119,1094
14495,119,200
14496,119,393
14497,119,729
14498,119,349
14499,119,468
14500,119,871
14501,119,516
14502,119,982
14503,119,973
14504,119,294
14505,119,931
14506,119,562
14507,119,564
14508,119,960
14509,119,1089
14510,119,145
14511,119,859
14512,119,978
14513,119,755
14514,119,168
14515,119,980
14516,119,117
14517,119,852
14518,119,913
14519,119,500
14520,119,413
14521,119,1058
14522,119,997
14523,119,585
14524,119,951
14525,119,1213
14526,119,57
14527,119,851
14528,119,578
14529,119,1075
14530,119,939
14531,119,542
14532,119,151
14533,119,1142
14534,119,206
14535,119,1070
14536,119,776
14537,119,22
14538,119,970
14539,119,466
14540,119,369
14541,119,1048
14542,119,893
14543,119,650
14544,119,675
14545,119,7
14546,119,510
14547,119,1063
14548,119,227
14549,119,103
14550,119,99
14551,119,374
14552,119,1145
14553,119,1200
14554,119,149
14555,119,418
14556,119,1066
14557,119,1067
14558,119,395
14559,119,817
14560,119,254
14561,119,299
14562,119,1170
14563,119,1084
14564,119,1230
14565,119,1211
14566,119,918
14567,119,292
14568,119,917
14569,119,841
14570,119,1125
14571,119,757
14572,119,689
14573,119,965
14574,119,494
14575,119,337
14576,119,207
14577,119,1030
14578,119,1168
14579,119,488
14580,119,75
14581,119,642
14582,119,613
14583,119,415
14584,119,862
14585,119,1006
14586,119,775
14587,119,824
14588,119,250
14589,119,966
14590,119,426
14591,119,270
14592,119,163
14593,119,180
14594,119,854
14595,119,999
14596,119,933
14597,119,150
14598,119,519
14599,119,244
14600,119,481
14601,119,962
14602,119,1174
14603,119,1224
14604,119,847
14605,119,1187
14606,119,706
14607,119,746
14608,119,635
14609,119,434
14610,119,507
14611,119,82
14612,119,1027
14613,119,298
14614,119,157
14615,119,674
14616,119,722
14617,119,155
14618,119,1109
14619,119,1026
14620,119,1117
14621,119,1119
14622,119,1182
14623,119,1118
14624,1052,424
14625,1052,247
14626,1052,600
14627,1052,979
14628,1052,410
14629,1052,525
14630,1052,290
14631,1052,646
14632,1052,895
14633,1052,214
14634,1052,878
14635,1052,604
14636,1052,652
14637,1052,768
14638,1052,1088
14639,1052,1179
14640,1052,1178
14641,1052,657
14642,1052,559
14643,1052,1064
14644,1052,1008
14645,1052,647
14646,1052,10
14647,1052,435
14648,1052,372
14649,1052,312
14650,1052,547
14651,1052,205
14652,1052,383
14653,1052,694
14654,1052,474
14655,1052,1202
14656,1052,531
14657,1052,306
14658,1052,1059
14659,1052,293
14660,1052,523
14661,1052,1242
14662,1052,698
14663,1052,1166
14664,1052,1010
14665,1052,829
14666,1052,894
14667,1052,373
14668,1052,439
14669,1052,1094
14670,1052,200
14671,1052,468
14672,1052,516
14673,1052,973
14674,1052,294
14675,1052,931
14676,1052,168
14677,1052,452
14678,1052,1185
14679,1052,913
14680,1052,1213
14681,1052,1075
14682,1052,1070
14683,1052,970
14684,1052,369
14685,1052,1048
14686,1052,650
14687,1052,675
14688,1052,1200
14689,1052,149
14690,1052,299
14691,1052,1084
14692,1052,918
14693,1052,886
14694,1052,337
14695,1052,207
14696,1052,862
14697,1052,824
14698,1052,966
14699,1052,426
14700,1052,163
14701,1052,180
14702,1052,933
14703,1052,244
14704,1052,434
14705,1052,82
14706,1052,298
14707,1052,1026
14708,1052,1117
14709,550,1008
14710,550,510
14711,800,992
14712,800,178
14713,800,297
14714,800,363
14715,800,447
14716,800,919
14717,800,897
14718,800,532
14719,800,610
14720,800,324
14721,800,612
14722,800,544
14723,800,909
14724,800,730
14725,800,812
14726,800,690
14727,800,46
14728,800,1123
14729,800,350
14730,800,410
14731,800,744
14732,800,826
14733,800,290
14734,800,778
14735,800,394
14736,800,471
14737,800,895
14738,800,131
14739,800,878
14740,800,864
14741,800,1179
14742,800,1056
14743,800,258
14744,800,551
14745,800,831
14746,800,440
14747,800,1064
14748,800,1008
14749,800,1144
14750,800,216
14751,800,212
14752,800,472
14753,800,339
14754,800,794
14755,800,462
14756,800,641
14757,800,475
14758,800,1241
14759,800,797
14760,800,320
14761,800,904
14762,800,961
14763,800,245
14764,800,383
14765,800,319
14766,800,490
14767,800,784
14768,800,306
14769,800,322
14770,800,341
14771,800,1059
14772,800,1164
14773,800,120
14774,800,416
14775,800,238
14776,800,444
14777,800,1083
14778,800,68
14779,800,676
14780,800,523
14781,800,715
14782,800,658
14783,800,220
14784,800,698
14785,800,1166
14786,800,400
14787,800,1010
14788,800,271
14789,800,953
14790,800,497
14791,800,142
14792,800,260
14793,800,1192
14794,800,308
14795,800,91
14796,800,344
14797,800,402
14798,800,520
14799,800,89
14800,800,109
14801,800,1122
14802,800,439
14803,800,958
14804,800,200
14805,800,729
14806,800,516
14807,800,931
14808,800,568
14809,800,960
14810,800,1089
14811,800,834
14812,800,502
14813,800,943
14814,800,978
14815,800,448
14816,800,66
14817,800,168
14818,800,452
14819,800,143
14820,800,500
14821,800,1198
14822,800,1058
14823,800,438
14824,800,997
14825,800,60
14826,800,653
14827,800,951
14828,800,1213
14829,800,57
14830,800,340
14831,800,347
14832,800,542
14833,800,538
14834,800,369
14835,800,893
14836,800,645
14837,800,7
14838,800,1128
14839,800,96
14840,800,103
14841,800,102
14842,800,101
14843,800,149
14844,800,418
14845,800,311
14846,800,395
14847,800,817
14848,800,198
14849,800,1211
14850,800,695
14851,800,841
14852,800,757
14853,800,965
14854,800,207
14855,800,488
14856,800,642
14857,800,183
14858,800,176
14859,800,428
14860,800,824
14861,800,250
14862,800,270
14863,800,150
14864,800,519
14865,800,481
14866,800,706
14867,800,1011
14868,800,225
14869,800,746
14870,800,635
14871,800,119
14872,800,507
14873,800,1136
14874,800,636
14875,800,1226
14876,800,766
14877,800,1117
14878,800,1216
14879,1233,297
14880,1233,1143
14881,1233,1093
14882,1233,919
14883,1233,532
14884,1233,247
14885,1233,85
14886,1233,544
14887,1233,1237
14888,1233,651
14889,1233,1123
14890,1233,421
14891,1233,394
14892,1233,471
14893,1233,218
14894,1233,131
14895,1233,1157
14896,1233,197
14897,1233,67
14898,1233,794
14899,1233,667
14900,1233,1110
14901,1233,1244
14902,1233,904
14903,1233,383
14904,1233,490
14905,1233,1138
14906,1233,306
14907,1233,1059
14908,1233,120
14909,1233,416
14910,1233,293
14911,1233,715
14912,1233,1166
14913,1233,47
14914,1233,1005
14915,1233,708
14916,1233,1031
14917,1233,89
14918,1233,109
14919,1233,958
14920,1233,200
14921,1233,168
14922,1233,913
14923,1233,500
14924,1233,1058
14925,1233,951
14926,1233,1213
14927,1233,57
14928,1233,151
14929,1233,369
14930,1233,7
14931,1233,1063
14932,1233,817
14933,1233,1084
14934,1233,495
14935,1233,841
14936,1233,207
14937,1233,642
14938,1233,61
14939,1233,376
14940,1233,163
14941,1233,1057
14942,1233,746
14943,1233,635
14944,1233,119
14945,1233,722
14946,1233,1109
14947,132,1002
14948,132,655
14949,132,407
14950,132,19
14951,132,909
14952,132,701
14953,132,131
14954,132,303
14955,132,284
14956,132,1202
14957,132,341
14958,132,484
14959,132,1054
14960,132,829
14961,132,1240
14962,132,1094
14963,132,516
14964,132,545
14965,132,673
14966,132,1153
14967,132,716
14968,132,1109
14969,132,867
14970,1062,671
14971,1062,405
14972,1062,655
14973,1062,297
14974,1062,696
14975,1062,801
14976,1062,872
14977,1062,843
14978,1062,471
14979,1062,604
14980,1062,11
14981,1062,1041
14982,1062,1000
14983,1062,989
14984,1062,1202
14985,1062,1236
14986,1062,1090
14987,1062,1083
14988,1062,1040
14989,1062,1004
14990,1062,1086
14991,1062,114
14992,1062,91
14993,1062,402
14994,1062,745
14995,1062,1037
14996,1062,564
14997,1062,852
14998,1062,1154
14999,1062,1198
15000,1062,412
15001,1062,60
15002,1062,851
15003,1062,1161
15004,1062,998
15005,1062,22
15006,1062,369
15007,1062,1124
15008,1062,1009
15009,1062,974
15010,1062,915
15011,1062,540
15012,1062,1007
15013,1062,966
15014,1062,35
15015,1062,628
15016,1062,933
15017,1062,1011
15018,1062,1095
15019,1062,1109
15020,1155,1093
15021,1155,324
15022,1155,239
15023,1155,410
15024,1155,421
15025,1155,832
15026,1155,831
15027,1155,397
15028,1155,1065
15029,1155,474
15030,1155,659
15031,1155,698
15032,1155,18
15033,1155,502
15034,1155,1058
15035,1155,776
15036,1155,645
15037,1155,518
15038,1155,207
15039,1155,766
15040,1155,155
15041,1049,919
15042,1049,979
15043,1049,1202
15044,1049,502
15045,1049,978
15046,1049,1213
15047,912,979
15048,912,397
15049,912,1202
15050,912,960
15051,912,502
15052,912,978
15053,912,1058
15054,912,970
15055,912,886
15056,912,207
15057,912,1099
15058,912,180
15059,43,979
15060,43,551
15061,43,502
15062,43,978
15063,43,1213
15064,43,207
15065,43,746
