,TF,Target
0,495,520
1,495,286
2,495,53
3,495,187
4,495,476
5,495,202
6,495,197
7,495,319
8,495,467
9,495,317
10,495,292
11,495,256
12,495,1
13,495,417
14,495,238
15,495,392
16,495,175
17,495,163
18,495,528
19,495,287
20,495,218
21,495,225
22,495,228
23,495,264
24,495,129
25,495,65
26,495,254
27,495,373
28,495,343
29,495,326
30,495,557
31,495,382
32,495,66
33,495,80
34,495,51
35,495,533
36,495,63
37,495,492
38,495,39
39,495,430
40,495,480
41,495,466
42,495,78
43,495,113
44,495,185
45,495,60
46,495,108
47,495,167
48,495,109
49,495,135
50,495,194
51,495,189
52,495,482
53,495,7
54,495,149
55,495,544
56,495,79
57,495,145
58,495,396
59,495,87
60,495,85
61,495,47
62,495,504
63,495,269
64,495,235
65,495,248
66,495,230
67,509,312
68,509,396
69,509,318
70,509,56
71,509,53
72,509,177
73,509,332
74,509,33
75,509,59
76,509,553
77,509,503
78,509,47
79,509,218
80,509,31
81,509,245
82,509,142
83,509,189
84,509,240
85,509,74
86,509,63
87,509,350
88,509,233
89,509,334
90,509,4
91,509,155
92,509,307
93,509,5
94,509,520
95,509,118
96,509,333
97,509,557
98,509,113
99,509,213
100,509,26
101,509,98
102,509,456
103,509,132
104,509,338
105,509,526
106,509,539
107,509,8
108,509,156
109,509,159
110,509,206
111,509,270
112,509,335
113,509,492
114,509,430
115,509,344
116,509,348
117,509,544
118,509,36
119,509,417
120,509,315
121,509,495
122,509,94
123,509,534
124,509,545
125,509,412
126,509,211
127,509,543
128,509,455
129,509,181
130,509,470
131,509,259
132,509,32
133,509,95
134,509,552
135,509,489
136,509,427
137,509,175
138,509,467
139,509,402
140,509,44
141,509,111
142,509,235
143,509,16
144,509,29
145,509,387
146,509,228
147,509,17
148,509,447
149,509,309
150,509,166
151,509,244
152,509,331
153,509,121
154,509,480
155,509,230
156,509,186
157,509,554
158,509,289
159,509,457
160,509,99
161,509,0
162,509,256
163,509,183
164,509,198
165,509,43
166,509,374
167,509,65
168,509,501
169,509,107
170,509,414
171,509,172
172,509,399
173,509,209
174,509,466
175,509,530
176,509,477
177,509,325
178,509,116
179,509,511
180,509,463
181,509,188
182,509,370
183,509,152
184,509,136
185,509,322
186,509,13
187,509,416
188,509,140
189,509,131
190,509,330
191,509,208
192,509,120
193,509,87
194,509,191
195,509,19
196,509,306
197,509,281
198,509,339
199,509,409
200,509,176
201,509,438
202,509,21
203,509,84
204,509,204
205,509,268
206,509,538
207,509,82
208,509,300
209,509,379
210,509,12
211,509,246
212,509,266
213,509,254
214,509,103
215,509,491
216,509,248
217,509,555
218,509,327
219,509,449
220,509,290
221,509,286
222,509,385
223,509,403
224,509,10
225,509,363
226,509,383
227,509,264
228,509,378
229,509,80
230,509,210
231,509,488
232,509,484
233,509,170
234,509,243
235,509,324
236,509,158
237,509,273
238,509,141
239,509,276
240,509,432
241,509,11
242,509,112
243,509,341
244,509,219
245,509,225
246,509,439
247,509,354
248,509,133
249,509,128
250,509,269
251,509,426
252,509,251
253,509,435
254,509,326
255,509,149
256,509,50
257,509,220
258,509,453
259,509,2
260,509,257
261,509,89
262,509,162
263,509,137
264,509,425
265,509,404
266,509,265
267,509,241
268,509,252
269,509,346
270,509,355
271,509,452
272,509,292
273,509,510
274,509,109
275,509,397
276,509,465
277,509,179
278,509,260
279,509,371
280,509,93
281,509,391
282,509,373
283,509,262
284,509,528
285,509,336
286,509,429
287,509,207
288,509,263
289,509,287
290,509,476
291,509,351
292,509,482
293,509,193
294,509,61
295,509,52
296,509,486
297,509,460
298,509,164
299,509,389
300,509,358
301,509,22
302,509,123
303,509,293
304,509,361
305,509,173
306,509,62
307,509,471
308,509,114
309,509,151
310,509,353
311,509,394
312,509,398
313,509,7
314,509,433
315,509,507
316,509,39
317,509,9
318,509,83
319,509,154
320,509,223
321,509,546
322,509,359
323,509,291
324,509,468
325,509,464
326,509,304
327,509,51
328,509,516
329,509,54
330,509,272
331,509,182
332,509,205
333,509,299
334,509,413
335,509,434
336,509,169
337,509,502
338,509,340
339,509,212
340,509,106
341,509,3
342,509,57
343,509,485
344,509,406
345,509,517
346,509,171
347,509,275
348,509,497
349,509,199
350,509,384
351,509,6
352,509,129
353,509,421
354,509,234
355,509,146
356,509,237
357,509,232
358,509,540
359,509,533
360,509,157
361,509,134
362,509,305
363,509,229
364,509,117
365,509,294
366,509,313
367,509,556
368,509,60
369,509,419
370,509,549
371,509,58
372,509,349
373,509,357
374,509,23
375,509,474
376,509,274
377,509,458
378,509,382
379,509,68
380,509,431
381,509,506
382,509,395
383,509,69
384,509,308
385,509,72
386,509,261
387,509,79
388,509,362
389,509,90
390,509,407
391,509,226
392,509,364
393,509,267
394,509,119
395,509,352
396,509,297
397,509,102
398,509,523
399,509,328
400,509,444
401,509,393
402,509,483
403,509,185
404,509,253
405,509,437
406,509,440
407,509,475
408,509,519
409,509,49
410,509,160
411,509,317
412,509,368
413,509,418
414,509,216
415,509,285
416,509,548
417,509,227
418,509,535
419,509,500
420,509,45
421,509,135
422,509,78
423,509,356
424,509,34
425,509,388
426,509,547
427,509,143
428,509,168
429,509,537
430,509,377
431,509,67
432,509,515
433,509,527
434,509,190
435,509,214
436,509,365
437,509,236
438,509,86
439,509,360
440,509,381
441,509,48
442,509,521
443,509,493
444,509,536
445,509,73
446,509,130
447,509,271
448,509,42
449,509,110
450,509,70
451,509,499
452,509,180
453,509,504
454,509,124
455,509,284
456,509,41
457,509,144
458,509,81
459,509,194
460,509,481
461,509,88
462,509,200
463,509,442
464,509,424
465,509,551
466,509,508
467,509,28
468,509,231
469,509,249
470,509,71
471,509,490
472,509,27
473,509,282
474,509,550
475,509,487
476,509,115
477,509,320
478,509,238
479,509,163
480,509,85
481,509,531
482,509,18
483,509,420
484,509,288
485,509,514
486,509,20
487,509,454
488,509,184
489,509,345
490,509,529
491,509,215
492,509,258
493,509,150
494,509,167
495,509,64
496,509,479
497,509,422
498,509,411
499,509,337
500,509,400
501,509,96
502,509,445
503,509,100
504,509,386
505,509,310
506,509,38
507,509,104
508,509,91
509,509,139
510,509,55
511,509,35
512,509,247
513,509,203
514,509,401
515,509,410
516,509,450
517,509,153
518,509,342
519,509,77
520,509,321
521,509,496
522,509,295
523,509,369
524,509,428
525,509,347
526,509,192
527,509,279
528,509,518
529,509,446
530,509,145
531,509,178
532,509,472
533,509,221
534,509,302
535,509,15
536,509,525
537,509,380
538,509,532
539,509,283
540,509,30
541,509,97
542,509,303
543,509,127
544,509,161
545,509,1
546,509,201
547,509,459
548,509,222
549,509,37
550,509,448
551,509,405
552,509,408
553,509,323
554,509,239
555,509,195
556,509,441
557,509,126
558,509,423
559,259,28
560,259,388
561,259,362
562,259,515
563,259,214
564,259,177
565,259,410
566,259,231
567,259,553
568,259,312
569,259,48
570,259,41
571,259,71
572,259,304
573,259,500
574,259,320
575,259,136
576,259,454
577,259,151
578,259,190
579,259,144
580,259,207
581,259,122
582,259,213
583,259,411
584,259,415
585,259,104
586,259,535
587,259,508
588,259,556
589,259,49
590,259,114
591,259,359
592,259,291
593,259,537
594,259,15
595,259,404
596,259,250
597,259,188
598,259,293
599,259,244
600,259,106
601,259,422
602,259,418
603,259,70
604,259,428
605,259,199
606,259,497
607,259,349
608,259,310
609,259,257
610,259,384
611,259,499
612,259,205
613,259,226
614,259,249
615,259,232
616,259,481
617,259,237
618,259,18
619,259,227
620,259,419
621,259,180
622,259,181
623,259,308
624,259,482
625,259,182
626,259,406
627,259,365
628,259,513
629,259,171
630,259,222
631,259,480
632,259,263
633,259,443
634,259,353
635,259,351
636,259,386
637,259,115
638,259,523
639,259,97
640,259,302
641,259,282
642,259,128
643,259,437
644,259,493
645,259,408
646,259,479
647,259,42
648,259,78
649,259,439
650,259,17
651,259,140
652,259,55
653,259,334
654,259,463
655,259,548
656,259,347
657,259,64
658,259,517
659,259,90
660,259,424
661,259,153
662,259,110
663,259,275
664,259,417
665,259,130
666,259,355
667,259,83
668,259,134
669,259,67
670,259,340
671,259,160
672,259,528
673,259,194
674,259,393
675,259,536
676,259,475
677,259,539
678,259,162
679,259,380
680,259,444
681,259,449
682,259,53
683,259,262
684,259,524
685,259,540
686,259,124
687,259,161
688,259,264
689,259,126
690,259,203
691,259,27
692,259,169
693,259,247
694,259,488
695,259,112
696,259,241
697,259,191
698,259,105
699,259,369
700,259,39
701,259,450
702,259,389
703,259,56
704,259,143
705,259,341
706,259,486
707,259,183
708,259,62
709,259,219
710,259,2
711,259,163
712,259,127
713,259,333
714,259,555
715,259,402
716,259,527
717,259,289
718,259,552
719,259,170
720,259,446
721,259,377
722,259,453
723,259,295
724,259,352
725,259,416
726,259,370
727,259,423
728,259,297
729,259,185
730,259,371
731,259,392
732,259,529
733,259,356
734,259,407
735,259,274
736,259,375
737,259,156
738,259,292
739,259,547
740,259,442
741,259,335
742,259,326
743,259,216
744,259,86
745,259,516
746,259,328
747,259,550
748,259,465
749,259,413
750,259,52
751,259,360
752,259,531
753,259,79
754,259,519
755,506,168
756,506,53
757,506,300
758,506,173
759,506,266
760,506,119
761,506,469
762,506,142
763,506,258
764,506,82
765,506,224
766,506,174
767,506,223
768,506,545
769,506,38
770,506,212
771,506,391
772,506,445
773,506,99
774,506,252
775,506,9
776,506,63
777,506,288
778,506,331
779,506,416
780,506,467
781,506,74
782,506,230
783,506,540
784,506,330
785,506,397
786,506,79
787,506,103
788,506,470
789,506,8
790,506,504
791,506,175
792,506,186
793,506,448
794,506,254
795,506,36
796,506,157
797,506,94
798,506,13
799,506,241
800,506,72
801,506,317
802,506,47
803,506,402
804,506,519
805,506,427
806,506,80
807,506,41
808,506,68
809,506,356
810,506,177
811,506,216
812,506,251
813,506,403
814,506,471
815,506,552
816,506,3
817,506,464
818,506,379
819,506,353
820,506,398
821,506,1
822,506,425
823,506,362
824,506,121
825,506,309
826,506,54
827,506,550
828,506,269
829,506,95
830,506,484
831,506,457
832,506,228
833,506,325
834,506,255
835,506,501
836,506,248
837,506,11
838,506,171
839,506,334
840,506,120
841,506,56
842,506,396
843,506,434
844,506,453
845,506,507
846,506,111
847,506,170
848,506,492
849,506,256
850,506,458
851,506,312
852,506,508
853,506,30
854,506,199
855,506,344
856,506,206
857,506,128
858,506,371
859,506,355
860,506,197
861,506,140
862,506,513
863,506,473
864,506,481
865,506,422
866,506,525
867,506,335
868,506,429
869,506,381
870,506,165
871,506,84
872,506,440
873,506,264
874,506,244
875,506,480
876,506,511
877,506,555
878,506,417
879,506,463
880,506,512
881,506,499
882,506,191
883,506,290
884,506,23
885,506,44
886,506,367
887,163,53
888,163,202
889,165,53
890,165,137
891,165,336
892,165,387
893,165,456
894,165,378
895,165,140
896,165,333
897,165,488
898,165,162
899,165,552
900,165,304
901,165,128
902,165,63
903,165,417
904,165,260
905,165,543
906,165,111
907,165,80
908,165,270
909,165,11
910,165,156
911,165,206
912,165,411
913,165,480
914,165,256
915,165,312
916,165,447
917,165,74
918,165,362
919,165,264
920,165,82
921,165,511
922,165,305
923,165,29
924,165,113
925,165,159
926,165,191
927,165,252
928,165,68
929,165,36
930,165,414
931,165,220
932,165,492
933,165,84
934,165,545
935,165,338
936,165,477
937,165,175
938,165,481
939,165,136
940,165,396
941,165,41
942,165,114
943,165,0
944,165,56
945,165,307
946,165,500
947,165,463
948,165,26
949,165,158
950,165,144
951,165,102
952,165,371
953,165,320
954,165,509
955,165,43
956,165,359
957,165,291
958,165,555
959,165,346
960,165,87
961,165,556
962,165,517
963,165,98
964,165,17
965,165,182
966,165,351
967,165,493
968,165,205
969,165,379
970,165,212
971,165,90
972,165,300
973,165,452
974,165,420
975,165,352
976,165,83
977,165,69
978,165,404
979,165,535
980,165,538
981,165,244
982,165,385
983,165,32
984,165,204
985,165,465
986,165,485
987,165,173
988,165,93
989,165,236
990,165,345
991,165,442
992,165,349
993,165,15
994,165,330
995,165,504
996,165,8
997,165,2
998,165,273
999,165,292
1000,165,152
1001,165,199
1002,165,106
1003,165,48
1004,165,163
1005,165,103
1006,165,462
1007,165,181
1008,165,439
1009,165,507
1010,165,251
1011,165,491
1012,165,57
1013,165,39
1014,165,449
1015,165,174
1016,165,124
1017,165,540
1018,165,164
1019,165,358
1020,165,419
1021,165,49
1022,165,526
1023,165,373
1024,165,521
1025,165,230
1026,165,418
1027,165,4
1028,165,445
1029,165,435
1030,165,151
1031,165,458
1032,165,112
1033,165,16
1034,165,245
1035,165,299
1036,165,61
1037,165,391
1038,165,169
1039,165,341
1040,165,222
1041,165,34
1042,165,515
1043,165,374
1044,165,370
1045,165,482
1046,165,551
1047,165,382
1048,165,318
1049,165,122
1050,165,455
1051,165,484
1052,165,233
1053,165,183
1054,165,119
1055,165,232
1056,165,265
1057,165,422
1058,165,211
1059,165,335
1060,165,383
1061,165,429
1062,165,525
1063,165,381
1064,165,453
1065,165,13
1066,165,177
1067,165,253
1068,165,209
1069,165,357
1070,165,20
1071,165,354
1072,165,195
1073,165,457
1074,165,10
1075,165,547
1076,165,409
1077,165,434
1078,165,141
1079,165,364
1080,165,99
1081,165,334
1082,165,403
1083,165,86
1084,165,25
1085,165,537
1086,165,248
1087,165,266
1088,165,9
1089,165,146
1090,165,149
1091,165,120
1092,165,421
1093,165,470
1094,165,176
1095,165,369
1096,165,6
1097,165,240
1098,165,528
1099,165,433
1100,165,534
1101,165,54
1102,165,501
1103,165,198
1104,165,326
1105,165,426
1106,165,95
1107,165,315
1108,165,508
1109,165,257
1110,165,308
1111,165,340
1112,165,549
1113,165,227
1114,165,471
1115,165,155
1116,165,218
1117,165,321
1118,165,5
1119,165,394
1120,165,294
1121,165,243
1122,165,554
1123,165,66
1124,165,138
1125,165,530
1126,165,72
1127,165,258
1128,165,150
1129,165,274
1130,165,412
1131,165,166
1132,165,263
1133,165,104
1134,165,285
1135,165,473
1136,165,116
1137,165,397
1138,165,436
1139,165,21
1140,165,469
1141,165,216
1142,165,255
1143,165,325
1144,165,108
1145,165,367
1146,165,217
1147,165,40
1148,165,542
1149,165,444
1150,165,415
1151,196,53
1152,196,336
1153,196,137
1154,196,333
1155,196,417
1156,196,270
1157,196,387
1158,196,378
1159,196,74
1160,196,206
1161,196,447
1162,196,162
1163,196,488
1164,196,456
1165,196,111
1166,196,140
1167,196,260
1168,196,304
1169,196,164
1170,196,552
1171,196,80
1172,196,509
1173,196,543
1174,196,11
1175,196,391
1176,196,369
1177,196,8
1178,196,87
1179,196,68
1180,196,307
1181,196,349
1182,196,36
1183,196,305
1184,196,244
1185,196,220
1186,196,82
1187,196,84
1188,196,477
1189,196,252
1190,196,158
1191,196,256
1192,196,359
1193,196,291
1194,196,404
1195,196,523
1196,196,0
1197,196,136
1198,196,191
1199,196,264
1200,196,114
1201,196,463
1202,196,22
1203,196,492
1204,196,299
1205,196,128
1206,196,481
1207,196,43
1208,196,511
1209,196,330
1210,196,414
1211,196,312
1212,196,90
1213,196,500
1214,196,29
1215,196,113
1216,196,188
1217,196,26
1218,196,175
1219,196,362
1220,196,205
1221,196,2
1222,196,212
1223,196,485
1224,196,204
1225,196,181
1226,196,371
1227,196,338
1228,196,156
1229,196,411
1230,196,150
1231,196,555
1232,196,556
1233,196,34
1234,196,545
1235,196,83
1236,196,374
1237,196,396
1238,196,103
1239,196,266
1240,196,334
1241,196,452
1242,196,385
1243,196,465
1244,196,17
1245,196,236
1246,196,504
1247,196,112
1248,196,535
1249,196,433
1250,196,493
1251,196,159
1252,196,93
1253,196,351
1254,196,458
1255,196,352
1256,196,346
1257,196,467
1258,196,102
1259,196,379
1260,196,517
1261,196,418
1262,196,293
1263,196,63
1264,196,218
1265,196,230
1266,196,61
1267,196,16
1268,196,341
1269,196,144
1270,196,151
1271,196,373
1272,196,354
1273,196,182
1274,196,435
1275,196,434
1276,196,419
1277,196,152
1278,196,382
1279,196,507
1280,196,273
1281,196,257
1282,196,358
1283,196,251
1284,196,56
1285,196,99
1286,196,300
1287,196,442
1288,196,491
1289,196,482
1290,196,86
1291,196,23
1292,196,538
1293,196,540
1294,196,210
1295,196,173
1296,196,48
1297,196,253
1298,196,457
1299,196,546
1300,196,508
1301,196,429
1302,196,57
1303,196,439
1304,196,453
1305,196,420
1306,196,198
1307,196,445
1308,196,449
1309,196,106
1310,196,163
1311,196,232
1312,196,20
1313,196,455
1314,196,248
1315,196,176
1316,196,308
1317,196,49
1318,196,10
1319,196,551
1320,196,9
1321,196,322
1322,196,398
1323,196,95
1324,196,328
1325,196,79
1326,196,484
1327,196,370
1328,196,177
1329,196,547
1330,196,403
1331,196,4
1332,196,233
1333,196,554
1334,196,209
1335,196,183
1336,196,383
1337,196,178
1338,196,240
1339,196,12
1340,196,335
1341,196,421
1342,196,432
1343,196,179
1344,196,44
1345,196,409
1346,196,474
1347,196,327
1348,196,285
1349,196,54
1350,196,211
1351,196,294
1352,196,243
1353,196,265
1354,196,313
1355,196,263
1356,196,149
1357,196,104
1358,196,537
1359,196,262
1360,196,464
1361,196,427
1362,196,268
1363,196,258
1364,196,141
1365,196,249
1366,196,21
1367,204,141
1368,204,394
1369,204,483
1370,204,286
1371,204,198
1372,204,139
1373,204,437
1374,204,134
1375,204,142
1376,204,168
1377,204,472
1378,204,503
1379,204,374
1380,204,496
1381,204,138
1382,204,98
1383,204,288
1384,204,520
1385,204,208
1386,204,379
1387,204,313
1388,204,10
1389,204,426
1390,204,189
1391,204,53
1392,204,218
1393,204,391
1394,204,312
1395,204,104
1396,204,317
1397,204,245
1398,204,363
1399,204,395
1400,204,174
1401,204,47
1402,204,219
1403,204,554
1404,204,545
1405,204,216
1406,204,548
1407,204,38
1408,204,544
1409,204,362
1410,204,524
1411,204,31
1412,204,111
1413,204,361
1414,204,175
1415,204,471
1416,204,269
1417,204,9
1418,204,276
1419,204,514
1420,204,223
1421,204,509
1422,204,0
1423,204,6
1424,204,34
1425,204,464
1426,204,451
1427,204,79
1428,204,457
1429,204,331
1430,204,411
1431,204,467
1432,204,326
1433,204,33
1434,204,113
1435,204,112
1436,204,495
1437,204,350
1438,204,103
1439,204,77
1440,204,292
1441,204,224
1442,204,398
1443,204,199
1444,204,240
1445,204,316
1446,204,167
1447,204,92
1448,204,176
1449,204,298
1450,204,521
1451,204,11
1452,204,91
1453,204,82
1454,204,118
1455,204,430
1456,204,393
1457,204,155
1458,204,396
1459,204,529
1460,204,106
1461,204,250
1462,204,297
1463,204,416
1464,204,51
1465,204,254
1466,204,241
1467,204,357
1468,204,30
1469,204,321
1470,204,74
1471,204,468
1472,204,533
1473,204,445
1474,204,178
1475,204,487
1476,204,256
1477,204,373
1478,204,412
1479,204,299
1480,204,338
1481,204,382
1482,204,258
1483,204,330
1484,204,351
1485,204,491
1486,204,60
1487,204,306
1488,204,484
1489,204,281
1490,204,69
1491,204,265
1492,204,368
1493,204,119
1494,204,341
1495,204,512
1496,204,109
1497,204,455
1498,204,383
1499,204,116
1500,204,550
1501,204,307
1502,204,504
1503,204,318
1504,204,100
1505,204,12
1506,204,272
1507,204,197
1508,204,348
1509,204,519
1510,204,35
1511,204,132
1512,204,230
1513,204,342
1514,204,380
1515,204,26
1516,204,8
1517,204,280
1518,204,448
1519,204,309
1520,204,63
1521,204,267
1522,204,516
1523,204,50
1524,204,146
1525,204,381
1526,204,501
1527,204,13
1528,204,266
1529,204,194
1530,204,251
1531,204,29
1532,204,441
1533,204,172
1534,204,285
1535,204,295
1536,204,534
1537,204,133
1538,204,255
1539,204,510
1540,204,261
1541,204,76
1542,204,273
1543,204,42
1544,204,147
1545,204,287
1546,204,43
1547,204,290
1548,204,149
1549,204,476
1550,204,170
1551,204,546
1552,204,452
1553,204,20
1554,204,420
1555,204,502
1556,204,336
1557,204,17
1558,204,83
1559,204,5
1560,204,527
1561,204,268
1562,204,107
1563,204,376
1564,204,300
1565,204,179
1566,204,32
1567,204,210
1568,204,337
1569,204,322
1570,204,1
1571,204,530
1572,204,492
1573,204,202
1574,204,305
1575,204,145
1576,204,19
1577,204,525
1578,204,95
1579,204,246
1580,204,4
1581,204,470
1582,204,557
1583,204,339
1584,204,293
1585,204,150
1586,204,431
1587,204,58
1588,204,186
1589,204,234
1590,204,248
1591,204,539
1592,204,475
1593,204,325
1594,204,319
1595,204,59
1596,204,427
1597,204,353
1598,204,553
1599,204,80
1600,204,86
1601,204,459
1602,204,311
1603,204,36
1604,204,392
1605,204,184
1606,204,242
1607,204,540
1608,204,402
1609,204,541
1610,204,117
1611,204,45
1612,204,209
1613,204,474
1614,204,403
1615,204,108
1616,204,453
1617,204,466
1618,204,228
1619,204,87
1620,204,159
1621,204,264
1622,204,447
1623,204,85
1624,204,289
1625,204,7
1626,204,354
1627,204,270
1628,204,414
1629,204,143
1630,204,423
1631,204,39
1632,204,183
1633,204,344
1634,204,16
1635,204,329
1636,204,343
1637,204,166
1638,204,123
1639,204,543
1640,204,157
1641,204,356
1642,204,201
1643,204,528
1644,204,271
1645,204,507
1646,204,434
1647,204,25
1648,204,217
1649,204,233
1650,204,200
1651,204,187
1652,204,429
1653,204,65
1654,204,358
1655,204,62
1656,204,538
1657,204,463
1658,204,460
1659,204,485
1660,204,154
1661,204,66
1662,204,419
1663,204,93
1664,204,41
1665,204,24
1666,204,215
1667,204,284
1668,204,486
1669,204,461
1670,204,225
1671,204,165
1672,204,171
1673,204,332
1674,204,173
1675,204,235
1676,204,315
1677,204,238
1678,204,128
1679,204,243
1680,204,480
1681,204,400
1682,204,229
1683,204,68
1684,204,385
1685,204,334
1686,204,547
1687,204,489
1688,204,22
1689,204,370
1690,204,435
1691,204,477
1692,204,213
1693,204,324
1694,204,72
1695,204,192
1696,204,259
1697,204,532
1698,204,458
1699,204,440
1700,204,327
1701,204,513
1702,204,135
1703,204,482
1704,204,511
1705,204,81
1706,204,185
1707,204,552
1708,204,473
1709,204,14
1710,204,369
1711,204,94
1712,204,555
1713,204,417
1714,204,481
1715,204,181
1716,204,407
1717,204,90
1718,204,153
1719,204,96
1720,204,129
1721,204,232
1722,204,52
1723,204,390
1724,204,444
1725,204,488
1726,204,408
1727,204,49
1728,204,140
1729,204,148
1730,204,526
1731,204,371
1732,204,44
1733,204,375
1734,204,347
1735,204,78
1736,204,279
1737,204,207
1738,204,160
1739,204,456
1740,204,275
1741,204,56
1742,204,333
1743,204,443
1744,204,205
1745,204,283
1746,204,378
1747,204,206
1748,204,367
1749,204,64
1750,204,190
1751,204,203
1752,204,301
1753,204,535
1754,204,462
1755,113,463
1756,113,193
1757,113,53
1758,113,203
1759,113,9
1760,113,119
1761,113,416
1762,113,104
1763,113,130
1764,113,174
1765,113,397
1766,113,241
1767,113,24
1768,113,18
1769,113,116
1770,113,105
1771,113,437
1772,113,269
1773,113,38
1774,113,471
1775,113,406
1776,113,32
1777,113,450
1778,113,13
1779,113,107
1780,113,464
1781,113,98
1782,113,205
1783,113,391
1784,113,394
1785,113,300
1786,113,224
1787,113,448
1788,113,114
1789,113,27
1790,113,487
1791,113,47
1792,113,77
1793,113,384
1794,113,118
1795,113,410
1796,113,227
1797,113,534
1798,113,322
1799,113,503
1800,113,275
1801,113,100
1802,113,12
1803,113,499
1804,113,208
1805,113,483
1806,113,258
1807,113,495
1808,113,386
1809,113,491
1810,113,133
1811,113,204
1812,113,554
1813,113,545
1814,113,336
1815,113,306
1816,113,327
1817,113,51
1818,113,189
1819,113,159
1820,113,504
1821,113,323
1822,113,457
1823,113,321
1824,113,64
1825,113,16
1826,113,63
1827,113,342
1828,113,344
1829,113,10
1830,113,106
1831,113,430
1832,113,79
1833,113,339
1834,113,276
1835,113,1
1836,214,339
1837,214,467
1838,214,383
1839,214,544
1840,214,189
1841,214,309
1842,214,527
1843,214,201
1844,214,445
1845,214,488
1846,214,175
1847,214,317
1848,214,392
1849,214,250
1850,214,167
1851,214,264
1852,214,508
1853,214,286
1854,214,53
1855,214,341
1856,214,430
1857,214,533
1858,214,39
1859,214,525
1860,214,218
1861,214,348
1862,214,32
1863,214,5
1864,214,172
1865,214,259
1866,214,44
1867,214,12
1868,214,311
1869,214,165
1870,214,429
1871,214,141
1872,214,246
1873,214,25
1874,214,117
1875,214,241
1876,214,290
1877,214,520
1878,214,77
1879,214,30
1880,214,473
1881,214,7
1882,214,331
1883,214,63
1884,214,228
1885,214,91
1886,214,428
1887,214,21
1888,214,512
1889,214,528
1890,214,287
1891,214,441
1892,214,552
1893,214,61
1894,214,492
1895,214,431
1896,214,197
1897,214,47
1898,214,306
1899,214,72
1900,214,186
1901,214,0
1902,214,128
1903,214,398
1904,214,68
1905,214,80
1906,214,238
1907,214,269
1908,214,254
1909,214,500
1910,214,358
1911,214,395
1912,214,1
1913,214,557
1914,214,397
1915,214,20
1916,214,464
1917,214,399
1918,214,97
1919,214,310
1920,214,176
1921,214,192
1922,214,65
1923,214,536
1924,214,426
1925,214,476
1926,214,240
1927,214,489
1928,214,316
1929,214,312
1930,214,510
1931,214,268
1932,214,318
1933,214,213
1934,214,103
1935,214,136
1936,214,402
1937,214,531
1938,214,382
1939,214,554
1940,214,461
1941,214,255
1942,214,325
1943,214,472
1944,214,521
1945,214,26
1946,214,129
1947,214,230
1948,214,33
1949,214,105
1950,214,37
1951,214,403
1952,214,540
1953,214,304
1954,214,17
1955,214,236
1956,214,361
1957,214,549
1958,214,417
1959,214,343
1960,214,147
1961,214,132
1962,214,550
1963,214,380
1964,214,81
1965,214,187
1966,214,342
1967,214,355
1968,214,249
1969,214,100
1970,214,416
1971,214,138
1972,214,450
1973,214,257
1974,214,412
1975,214,545
1976,214,420
1977,214,261
1978,214,135
1979,214,437
1980,214,180
1981,214,529
1982,214,208
1983,214,41
1984,214,386
1985,214,143
1986,214,158
1987,214,140
1988,214,263
1989,214,307
1990,214,516
1991,214,444
1992,214,474
1993,214,319
1994,214,265
1995,214,292
1996,214,142
1997,214,224
1998,214,84
1999,214,66
2000,214,393
2001,214,202
2002,214,122
2003,214,322
2004,214,455
2005,214,303
2006,214,144
2007,214,381
2008,214,9
2009,214,55
2010,214,154
2011,214,503
2012,214,85
2013,214,35
2014,214,34
2015,214,217
2016,214,185
2017,214,258
2018,214,245
2019,214,373
2020,214,104
2021,214,99
2022,214,463
2023,214,471
2024,214,347
2025,214,352
2026,214,168
2027,214,456
2028,214,375
2029,214,29
2030,214,418
2031,214,272
2032,214,459
2033,214,370
2034,300,249
2035,300,28
2036,300,71
2037,300,214
2038,300,53
2039,300,48
2040,300,553
2041,300,190
2042,300,244
2043,300,410
2044,300,479
2045,300,304
2046,300,406
2047,300,515
2048,300,388
2049,300,136
2050,300,454
2051,300,151
2052,300,207
2053,300,153
2054,300,114
2055,300,411
2056,300,349
2057,300,275
2058,300,384
2059,300,237
2060,300,41
2061,300,500
2062,300,499
2063,300,556
2064,300,359
2065,300,291
2066,300,188
2067,300,320
2068,300,115
2069,300,508
2070,300,70
2071,300,97
2072,300,144
2073,300,231
2074,300,106
2075,300,537
2076,300,213
2077,300,205
2078,300,497
2079,300,232
2080,300,312
2081,300,49
2082,300,104
2083,300,418
2084,300,523
2085,300,422
2086,300,199
2087,300,439
2088,300,535
2089,300,404
2090,300,130
2091,300,171
2092,300,386
2093,300,122
2094,300,480
2095,300,463
2096,300,302
2097,300,293
2098,300,177
2099,300,193
2100,300,353
2101,300,227
2102,300,18
2103,300,548
2104,300,257
2105,300,493
2106,300,481
2107,300,419
2108,300,482
2109,300,449
2110,300,340
2111,300,450
2112,300,377
2113,300,424
2114,300,226
2115,300,310
2116,300,389
2117,300,365
2118,300,64
2119,300,517
2120,300,292
2121,300,83
2122,300,183
2123,300,528
2124,300,362
2125,300,282
2126,300,465
2127,300,351
2128,300,527
2129,300,42
2130,300,250
2131,300,552
2132,300,475
2133,300,137
2134,300,63
2135,300,222
2136,300,347
2137,300,429
2138,300,181
2139,300,241
2140,300,180
2141,300,379
2142,300,112
2143,300,555
2144,300,262
2145,300,90
2146,300,182
2147,300,407
2148,300,385
2149,300,62
2150,300,67
2151,300,15
2152,300,536
2153,300,502
2154,300,56
2155,300,545
2156,300,308
2157,300,220
2158,300,354
2159,300,2
2160,300,491
2161,300,74
2162,300,486
2163,300,162
2164,300,203
2165,300,191
2166,300,128
2167,300,110
2168,300,333
2169,300,17
2170,300,263
2171,300,230
2172,300,357
2173,300,511
2174,300,252
2175,300,358
2176,300,78
2177,300,143
2178,300,335
2179,300,134
2180,300,346
2181,300,129
2182,300,135
2183,300,169
2184,300,194
2185,300,417
2186,300,334
2187,300,163
2188,300,503
2189,300,442
2190,300,516
2191,300,1
2192,300,140
2193,300,435
2194,300,492
2195,300,81
2196,300,519
2197,300,513
2198,300,4
2199,300,82
2200,300,324
2201,300,206
2202,300,102
2203,300,456
2204,300,7
2205,300,219
2206,300,352
2207,300,524
2208,300,273
2209,300,369
2210,300,51
2211,300,297
2212,300,240
2213,300,485
2214,300,103
2215,300,371
2216,300,274
2217,300,361
2218,300,55
2219,300,105
2220,300,185
2221,300,44
2222,300,189
2223,300,33
2224,300,409
2225,300,370
2226,300,142
2227,300,434
2228,300,540
2229,300,413
2230,300,444
2231,300,551
2232,300,87
2233,300,251
2234,300,8
2235,300,428
2236,300,318
2237,300,261
2238,300,23
2239,300,526
2240,300,211
2241,300,395
2242,300,477
2243,300,29
2244,300,173
2245,300,113
2246,300,538
2247,300,124
2248,300,332
2249,300,437
2250,300,414
2251,300,402
2252,300,355
2253,300,313
2254,300,539
2255,300,387
2256,300,289
2257,300,554
2258,300,464
2259,300,507
2260,300,152
2261,300,245
2262,300,21
2263,300,212
2264,300,350
2265,300,550
2266,300,488
2267,300,468
2268,300,80
2269,300,247
2270,300,460
2271,300,391
2272,300,86
2273,300,341
2274,300,88
2275,300,84
2276,300,38
2277,300,272
2278,300,256
2279,300,330
2280,300,157
2281,300,534
2282,300,98
2283,300,204
2284,300,484
2285,300,466
2286,300,447
2287,300,77
2288,300,65
2289,300,160
2290,300,158
2291,300,89
2292,300,279
2293,300,166
2294,300,305
2295,300,336
2296,300,111
2297,300,170
2298,300,325
2299,300,6
2300,300,248
2301,300,179
2302,300,50
2303,300,54
2304,300,27
2305,300,175
2306,300,433
2307,300,393
2308,300,397
2309,300,286
2310,300,120
2311,300,149
2312,300,458
2313,300,107
2314,300,117
2315,300,530
2316,300,109
2317,300,121
2318,300,368
2319,300,32
2320,300,268
2321,300,290
2322,300,363
2323,300,509
2324,300,378
2325,300,543
2326,300,338
2327,300,57
2328,300,322
2329,300,303
2330,300,265
2331,300,415
2332,300,276
2333,300,423
2334,300,235
2335,300,400
2336,300,470
2337,300,93
2338,300,146
2339,300,307
2340,300,544
2341,300,309
2342,300,266
2343,300,10
2344,300,471
2345,300,246
2346,300,176
2347,300,161
2348,300,396
2349,300,36
2350,300,19
2351,300,216
2352,300,259
2353,300,16
2354,300,474
2355,300,453
2356,300,123
2357,300,269
2358,300,467
2359,300,0
2360,300,457
2361,300,382
2362,300,228
2363,300,208
2364,300,172
2365,300,408
2366,300,59
2367,300,472
2368,300,270
2369,300,43
2370,300,233
2371,300,12
2372,300,155
2373,300,398
2374,300,238
2375,300,430
2376,300,58
2377,300,328
2378,300,445
2379,300,73
2380,300,31
2381,300,315
2382,300,159
2383,300,425
2384,300,416
2385,300,501
2386,300,420
2387,300,431
2388,300,223
2389,300,69
2390,300,9
2391,300,306
2392,300,209
2393,300,52
2394,300,495
2395,300,299
2396,300,99
2397,300,496
2398,300,139
2399,300,156
2400,300,13
2401,300,327
2402,300,198
2403,300,61
2404,300,39
2405,300,531
2406,300,489
2407,300,11
2408,300,132
2409,300,317
2410,300,79
2411,300,236
2412,300,373
2413,300,218
2414,300,380
2415,300,549
2416,300,281
2417,300,432
2418,300,210
2419,300,200
2420,300,264
2421,300,399
2422,300,533
2423,300,546
2424,300,374
2425,300,95
2426,300,96
2427,300,34
2428,300,253
2429,300,164
2430,300,22
2431,300,345
2432,300,76
2433,300,448
2434,300,68
2435,300,427
2436,300,133
2437,300,510
2438,300,412
2439,300,154
2440,300,403
2441,300,243
2442,300,26
2443,300,348
2444,300,94
2445,300,37
2446,300,504
2447,300,514
2448,300,118
2449,300,131
2450,300,285
2451,300,455
2452,300,364
2453,300,288
2454,300,150
2455,300,381
2456,300,174
2457,300,141
2458,300,260
2459,300,271
2460,300,148
2461,300,20
2462,300,119
2463,300,390
2464,300,438
2465,300,440
2466,300,337
2467,300,267
2468,300,167
2469,300,459
2470,300,195
2471,300,184
2472,300,25
2473,300,145
2474,300,192
2475,300,441
2476,300,342
2477,7,376
2478,7,8
2479,7,476
2480,7,251
2481,7,332
2482,7,211
2483,7,144
2484,7,487
2485,7,455
2486,7,546
2487,7,533
2488,7,469
2489,7,364
2490,7,254
2491,7,342
2492,7,480
2493,7,167
2494,7,470
2495,7,274
2496,7,117
2497,7,328
2498,7,530
2499,7,315
2500,7,336
2501,7,139
2502,7,224
2503,7,502
2504,7,329
2505,7,215
2506,7,82
2507,7,119
2508,7,245
2509,7,489
2510,7,292
2511,7,441
2512,7,88
2513,7,62
2514,7,74
2515,7,417
2516,7,29
2517,7,519
2518,7,273
2519,7,189
2520,7,252
2521,7,387
2522,7,472
2523,7,176
2524,7,209
2525,7,555
2526,7,497
2527,7,31
2528,7,26
2529,7,219
2530,7,179
2531,7,166
2532,7,236
2533,7,333
2534,7,325
2535,7,0
2536,7,210
2537,7,25
2538,7,173
2539,7,157
2540,7,491
2541,7,445
2542,7,327
2543,7,59
2544,7,183
2545,7,326
2546,7,20
2547,7,416
2548,7,425
2549,7,90
2550,7,426
2551,7,404
2552,7,36
2553,7,154
2554,7,232
2555,7,453
2556,7,255
2557,7,460
2558,7,113
2559,7,354
2560,7,526
2561,7,412
2562,7,396
2563,7,94
2564,7,298
2565,7,351
2566,7,432
2567,7,184
2568,7,423
2569,7,385
2570,7,206
2571,7,107
2572,7,78
2573,7,111
2574,7,492
2575,7,334
2576,7,140
2577,7,137
2578,7,353
2579,7,463
2580,7,133
2581,7,264
2582,7,349
2583,7,295
2584,7,456
2585,7,378
2586,7,270
2587,7,541
2588,7,330
2589,7,504
2590,7,61
2591,7,370
2592,7,338
2593,7,230
2594,7,202
2595,7,465
2596,7,514
2597,7,37
2598,7,421
2599,7,1
2600,7,382
2601,7,174
2602,7,451
2603,7,509
2604,7,395
2605,7,168
2606,7,118
2607,7,248
2608,7,235
2609,7,477
2610,7,92
2611,7,457
2612,7,231
2613,7,459
2614,7,403
2615,7,484
2616,7,284
2617,7,430
2618,7,158
2619,7,356
2620,7,220
2621,7,368
2622,7,397
2623,7,12
2624,7,418
2625,7,87
2626,7,32
2627,7,109
2628,7,80
2629,7,288
2630,7,120
2631,7,391
2632,7,522
2633,7,299
2634,7,269
2635,7,9
2636,7,229
2637,7,132
2638,7,75
2639,7,86
2640,7,65
2641,7,414
2642,7,13
2643,7,223
2644,7,437
2645,7,556
2646,7,98
2647,7,537
2648,7,409
2649,7,135
2650,7,552
2651,7,447
2652,7,212
2653,7,448
2654,7,60
2655,7,307
2656,7,545
2657,7,503
2658,7,496
2659,7,534
2660,7,557
2661,7,435
2662,7,191
2663,7,458
2664,7,481
2665,7,439
2666,7,394
2667,7,91
2668,7,467
2669,7,304
2670,7,379
2671,7,300
2672,7,93
2673,7,195
2674,7,4
2675,7,335
2676,7,371
2677,7,346
2678,7,308
2679,7,510
2680,7,293
2681,7,433
2682,7,466
2683,7,130
2684,7,68
2685,7,449
2686,7,186
2687,7,95
2688,7,408
2689,7,474
2690,7,198
2691,7,482
2692,7,146
2693,7,486
2694,7,52
2695,7,517
2696,7,67
2697,7,121
2698,7,185
2699,7,375
2700,7,265
2701,7,438
2702,7,16
2703,7,240
2704,7,103
2705,7,434
2706,7,112
2707,7,554
2708,7,178
2709,7,47
2710,7,549
2711,7,77
2712,7,383
2713,7,399
2714,7,550
2715,7,50
2716,7,181
2717,7,340
2718,7,58
2719,7,51
2720,7,369
2721,7,228
2722,7,276
2723,7,528
2724,7,508
2725,7,188
2726,7,246
2727,7,500
2728,7,216
2729,7,312
2730,7,114
2731,7,359
2732,7,291
2733,7,524
2734,7,506
2735,7,155
2736,7,172
2737,7,83
2738,7,402
2739,7,478
2740,7,238
2741,7,72
2742,7,23
2743,7,427
2744,7,53
2745,7,152
2746,7,11
2747,7,5
2748,7,374
2749,7,501
2750,7,473
2751,7,363
2752,7,227
2753,7,452
2754,7,207
2755,7,213
2756,7,196
2757,7,123
2758,7,66
2759,7,205
2760,7,43
2761,7,527
2762,7,344
2763,7,282
2764,7,85
2765,7,302
2766,7,233
2767,7,175
2768,7,419
2769,7,535
2770,7,161
2771,7,38
2772,7,49
2773,7,297
2774,7,398
2775,7,380
2776,7,337
2777,7,256
2778,7,234
2779,7,134
2780,7,257
2781,7,57
2782,7,350
2783,7,373
2784,7,10
2785,7,159
2786,7,136
2787,7,142
2788,7,102
2789,7,539
2790,7,169
2791,7,511
2792,7,316
2793,7,389
2794,7,507
2795,7,413
2796,7,171
2797,7,485
2798,7,313
2799,7,244
2800,7,341
2801,7,84
2802,7,471
2803,7,352
2804,7,538
2805,7,268
2806,7,138
2807,7,44
2808,7,339
2809,7,305
2810,7,147
2811,7,204
2812,7,493
2813,7,156
2814,7,56
2815,7,2
2816,7,6
2817,7,79
2818,7,128
2819,7,321
2820,7,71
2821,7,365
2822,7,515
2823,7,180
2824,7,285
2825,7,143
2826,7,547
2827,7,203
2828,7,536
2829,7,286
2830,7,218
2831,7,260
2832,7,401
2833,7,115
2834,7,63
2835,7,214
2836,7,543
2837,7,294
2838,7,17
2839,7,131
2840,7,520
2841,7,488
2842,7,362
2843,7,247
2844,7,100
2845,7,54
2846,7,141
2847,7,317
2848,7,267
2849,7,544
2850,7,35
2851,7,163
2852,7,272
2853,7,194
2854,7,516
2855,7,41
2856,7,262
2857,7,347
2858,7,151
2859,7,222
2860,7,410
2861,7,521
2862,7,310
2863,7,217
2864,7,309
2865,7,513
2866,7,271
2867,7,348
2868,7,253
2869,7,406
2870,7,407
2871,7,226
2872,7,331
2873,7,70
2874,7,99
2875,7,69
2876,7,261
2877,7,39
2878,7,149
2879,7,411
2880,7,287
2881,7,540
2882,7,324
2883,7,429
2884,7,428
2885,7,199
2886,7,320
2887,7,400
2888,7,355
2889,7,18
2890,7,442
2891,7,311
2892,7,377
2893,7,129
2894,7,266
2895,7,116
2896,7,281
2897,7,33
2898,7,106
2899,7,21
2900,7,393
2901,7,322
2902,7,190
2903,7,48
2904,7,551
2905,7,384
2906,7,145
2907,7,361
2908,7,28
2909,7,208
2910,7,182
2911,7,358
2912,7,164
2913,7,110
2914,7,177
2915,7,42
2916,7,258
2917,7,290
2918,7,529
2919,7,523
2920,7,27
2921,7,148
2922,7,464
2923,7,170
2924,7,345
2925,7,22
2926,7,306
2927,7,73
2928,7,483
2929,7,450
2930,7,390
2931,7,548
2932,7,249
2933,7,318
2934,7,160
2935,7,15
2936,7,479
2937,7,323
2938,7,289
2939,7,422
2940,7,237
2941,7,162
2942,7,367
2943,7,193
2944,7,153
2945,7,444
2946,7,259
2947,7,357
2948,7,499
2949,7,104
2950,7,124
2951,7,81
2952,7,3
2953,7,420
2954,7,241
2955,7,55
2956,7,197
2957,7,431
2958,7,319
2959,7,475
2960,7,468
2961,7,243
2962,7,462
2963,7,89
2964,7,512
2965,7,225
2966,7,30
2967,7,96
2968,7,14
2969,7,24
2970,7,280
2971,7,388
2972,7,386
2973,7,200
2974,7,440
2975,7,34
2976,7,436
2977,7,392
2978,7,76
2979,7,279
2980,7,303
2981,7,454
2982,7,105
2983,7,122
2984,7,553
2985,7,165
2986,7,150
2987,7,343
2988,7,64
2989,7,263
2990,7,45
2991,7,127
2992,7,446
2993,7,415
2994,7,19
2995,7,192
2996,7,495
2997,7,275
2998,7,381
2999,7,108
3000,7,525
3001,7,201
3002,7,250
3003,7,424
3004,7,490
3005,7,360
3006,7,221
3007,7,97
3008,7,532
3009,7,542
3010,7,126
3011,7,443
3012,7,366
3013,450,471
3014,450,37
3015,450,448
3016,450,467
3017,450,397
3018,450,495
3019,450,342
3020,450,53
3021,450,457
3022,450,510
3023,450,394
3024,450,118
3025,450,134
3026,450,63
3027,450,318
3028,450,168
3029,450,147
3030,450,21
3031,450,491
3032,450,300
3033,450,230
3034,450,9
3035,450,188
3036,450,445
3037,450,248
3038,450,298
3039,450,472
3040,450,455
3041,450,545
3042,450,530
3043,450,215
3044,450,391
3045,450,511
3046,450,77
3047,450,189
3048,450,113
3049,450,137
3050,450,305
3051,450,12
3052,450,66
3053,450,13
3054,450,414
3055,450,269
3056,450,307
3057,450,442
3058,450,38
3059,450,306
3060,450,385
3061,450,273
3062,450,172
3063,450,336
3064,450,387
3065,450,158
3066,450,128
3067,450,61
3068,450,82
3069,450,476
3070,450,264
3071,450,268
3072,450,270
3073,450,74
3074,450,175
3075,450,8
3076,450,370
3077,450,29
3078,450,276
3079,450,554
3080,450,109
3081,450,393
3082,450,79
3083,450,456
3084,450,328
3085,450,481
3086,450,352
3087,450,49
3088,450,339
3089,450,544
3090,450,327
3091,450,358
3092,450,420
3093,450,80
3094,450,362
3095,450,140
3096,450,47
3097,450,206
3098,450,468
3099,450,4
3100,450,32
3101,450,465
3102,450,549
3103,450,463
3104,450,153
3105,450,322
3106,450,83
3107,450,492
3108,450,523
3109,450,473
3110,450,368
3111,450,474
3112,450,309
3113,450,302
3114,450,111
3115,450,162
3116,450,335
3117,450,304
3118,450,488
3119,450,547
3120,450,556
3121,450,439
3122,450,333
3123,450,177
3124,450,84
3125,450,205
3126,450,70
3127,450,41
3128,450,499
3129,450,2
3130,450,28
3131,450,515
3132,160,53
3133,160,545
3134,146,350
3135,146,208
3136,146,503
3137,146,274
3138,146,53
3139,146,363
3140,146,169
3141,146,63
3142,146,189
3143,146,396
3144,146,486
3145,146,198
3146,146,32
3147,146,47
3148,146,111
3149,146,8
3150,146,118
3151,146,10
3152,146,463
3153,146,98
3154,146,107
3155,146,31
3156,146,113
3157,146,288
3158,146,394
3159,146,34
3160,146,467
3161,146,269
3162,146,456
3163,146,26
3164,146,430
3165,146,36
3166,146,332
3167,146,338
3168,146,132
3169,146,509
3170,146,544
3171,146,307
3172,146,99
3173,146,210
3174,146,16
3175,146,539
3176,146,154
3177,146,142
3178,146,77
3179,146,318
3180,146,309
3181,146,100
3182,146,240
3183,146,119
3184,146,0
3185,146,545
3186,146,339
3187,146,13
3188,146,135
3189,146,412
3190,146,534
3191,146,93
3192,146,557
3193,146,12
3194,146,155
3195,146,87
3196,146,43
3197,146,5
3198,146,483
3199,146,254
3200,146,251
3201,146,489
3202,146,22
3203,146,156
3204,146,149
3205,146,120
3206,146,211
3207,146,176
3208,146,65
3209,146,330
3210,146,62
3211,146,470
3212,146,137
3213,146,80
3214,146,357
3215,146,270
3216,146,286
3217,146,403
3218,146,520
3219,146,468
3220,146,266
3221,146,159
3222,146,265
3223,146,168
3224,146,228
3225,146,335
3226,146,341
3227,146,476
3228,146,427
3229,146,348
3230,146,533
3231,146,276
3232,146,29
3233,146,453
3234,146,398
3235,146,538
3236,146,306
3237,146,315
3238,146,477
3239,146,11
3240,146,245
3241,146,317
3242,146,484
3243,146,501
3244,146,344
3245,146,491
3246,146,464
3247,146,183
3248,146,51
3249,146,259
3250,146,487
3251,146,382
3252,146,58
3253,146,414
3254,146,432
3255,146,204
3256,146,440
3257,146,273
3258,146,233
3259,146,383
3260,146,471
3261,146,417
3262,146,230
3263,146,248
3264,146,510
3265,146,235
3266,146,82
3267,146,397
3268,146,61
3269,146,447
3270,146,38
3271,146,511
3272,146,112
3273,146,157
3274,146,234
3275,146,95
3276,146,186
3277,146,313
3278,146,466
3279,146,322
3280,146,106
3281,146,342
3282,146,89
3283,146,74
3284,146,216
3285,146,526
3286,146,218
3287,146,44
3288,146,289
3289,146,361
3290,146,56
3291,146,6
3292,146,455
3293,146,136
3294,146,60
3295,146,116
3296,146,268
3297,146,458
3298,146,431
3299,146,378
3300,146,530
3301,146,393
3302,146,267
3303,146,121
3304,146,402
3305,146,331
3306,146,229
3307,146,457
3308,146,496
3309,146,354
3310,146,299
3311,146,166
3312,146,391
3313,146,543
3314,146,223
3315,146,546
3316,146,152
3317,146,256
3318,146,37
3319,146,206
3320,146,502
3321,146,84
3322,146,416
3323,146,141
3324,146,219
3325,146,7
3326,146,371
3327,146,492
3328,146,128
3329,146,193
3330,146,175
3331,146,374
3332,146,465
3333,146,243
3334,146,336
3335,146,79
3336,146,212
3337,146,379
3338,146,425
3339,146,434
3340,146,514
3341,146,103
3342,146,300
3343,146,488
3344,146,482
3345,146,326
3346,146,172
3347,146,17
3348,146,117
3349,146,480
3350,146,246
3351,146,554
3352,146,133
3353,146,158
3354,146,389
3355,146,516
3356,146,507
3357,146,179
3358,146,52
3359,146,426
3360,146,407
3361,146,167
3362,146,474
3363,146,164
3364,146,548
3365,146,94
3366,146,173
3367,146,452
3368,146,45
3369,146,123
3370,146,552
3371,146,257
3372,146,305
3373,146,177
3374,146,3
3375,146,21
3376,146,327
3377,146,131
3378,146,449
3379,146,140
3380,146,264
3381,146,555
3382,146,528
3383,146,506
3384,146,429
3385,146,260
3386,146,333
3387,146,387
3388,146,263
3389,146,438
3390,146,472
3391,146,358
3392,146,9
3393,146,4
3394,146,181
3395,146,373
3396,146,72
3397,146,325
3398,146,312
3399,146,421
3400,146,368
3401,146,433
3402,146,444
3403,146,54
3404,146,91
3405,146,292
3406,146,504
3407,146,495
3408,146,281
3409,146,109
3410,146,35
3411,146,78
3412,146,220
3413,146,272
3414,146,170
3415,146,50
3416,146,258
3417,146,385
3418,146,102
3419,146,2
3420,146,399
3421,146,346
3422,146,59
3423,146,252
3424,146,83
3425,146,209
3426,146,355
3427,146,191
3428,146,351
3429,146,437
3430,146,249
3431,146,445
3432,146,261
3433,146,328
3434,146,519
3435,146,127
3436,146,287
3437,146,485
3438,146,241
3439,146,321
3440,146,215
3441,146,23
3442,146,162
3443,146,540
3444,146,33
3445,146,364
3446,146,356
3447,146,185
3448,146,497
3449,146,549
3450,146,419
3451,146,253
3452,146,39
3453,146,202
3454,146,49
3455,146,85
3456,146,435
3457,146,413
3458,146,81
3459,146,409
3460,146,114
3461,146,124
3462,146,420
3463,146,88
3464,146,69
3465,146,508
3466,146,411
3467,146,310
3468,146,460
3469,146,481
3470,146,439
3471,146,365
3472,146,188
3473,146,550
3474,146,527
3475,146,441
3476,146,381
3477,146,523
3478,146,551
3479,146,163
3480,146,370
3481,146,334
3482,146,529
3483,146,57
3484,146,200
3485,146,184
3486,146,285
3487,146,284
3488,146,182
3489,146,521
3490,146,448
3491,146,71
3492,146,178
3493,146,160
3494,146,324
3495,146,352
3496,146,171
3497,146,143
3498,146,244
3499,146,232
3500,146,236
3501,146,536
3502,146,19
3503,146,442
3504,146,207
3505,146,144
3506,146,404
3507,146,290
3508,146,359
3509,146,291
3510,146,535
3511,146,279
3512,146,42
3513,146,493
3514,146,294
3515,146,308
3516,146,349
3517,146,297
3518,146,302
3519,146,20
3520,146,406
3521,146,418
3522,146,68
3523,146,86
3524,146,199
3525,146,247
3526,146,139
3527,146,295
3528,146,130
3529,146,423
3530,146,27
3531,146,73
3532,146,475
3533,146,459
3534,146,395
3535,146,48
3536,146,213
3537,146,262
3538,146,517
3539,146,190
3540,146,400
3541,146,337
3542,146,556
3543,146,67
3544,146,293
3545,146,227
3546,146,255
3547,146,353
3548,146,408
3549,146,205
3550,146,221
3551,146,340
3552,146,490
3553,146,203
3554,146,104
3555,146,180
3556,146,90
3557,146,226
3558,146,410
3559,146,150
3560,146,320
3561,146,304
3562,146,134
3563,146,388
3564,146,70
3565,146,547
3566,146,194
3567,146,500
3568,146,129
3569,146,231
3570,146,377
3571,146,41
3572,146,96
3573,146,115
3574,146,237
3575,146,362
3576,146,151
3577,146,515
3578,146,271
3579,146,145
3580,146,282
3581,146,345
3582,146,110
3583,146,479
3584,146,537
3585,146,64
3586,146,380
3587,146,192
3588,146,499
3589,146,174
3590,146,225
3591,146,446
3592,146,473
3593,146,298
3594,146,224
3595,146,30
3596,146,15
3597,146,238
3598,146,147
3599,146,275
3600,146,451
3601,146,401
3602,146,541
3603,146,386
3604,146,531
3605,146,153
3606,323,119
3607,323,342
3608,323,236
3609,323,541
3610,323,80
3611,323,92
3612,323,469
3613,323,298
3614,323,272
3615,323,255
3616,323,519
3617,323,184
3618,323,487
3619,323,376
3620,323,45
3621,323,510
3622,323,295
3623,323,421
3624,323,258
3625,323,267
3626,323,398
3627,323,472
3628,323,12
3629,323,174
3630,323,216
3631,323,246
3632,323,514
3633,323,47
3634,323,391
3635,323,168
3636,323,223
3637,323,368
3638,323,96
3639,323,337
3640,323,77
3641,323,113
3642,323,20
3643,323,88
3644,323,120
3645,323,546
3646,323,507
3647,323,396
3648,323,467
3649,323,155
3650,323,460
3651,323,520
3652,323,326
3653,323,175
3654,323,373
3655,323,4
3656,323,147
3657,323,491
3658,323,123
3659,323,109
3660,323,426
3661,323,393
3662,323,325
3663,323,224
3664,323,330
3665,323,31
3666,323,448
3667,323,504
3668,323,245
3669,323,131
3670,323,16
3671,323,58
3672,323,139
3673,323,60
3674,323,266
3675,323,217
3676,323,91
3677,323,132
3678,323,270
3679,323,142
3680,323,0
3681,323,133
3682,323,29
3683,323,269
3684,323,321
3685,323,331
3686,323,146
3687,323,9
3688,323,299
3689,323,509
3690,323,265
3691,323,288
3692,323,118
3693,323,305
3694,323,483
3695,323,198
3696,323,82
3697,323,496
3698,323,416
3699,323,455
3700,323,545
3701,323,10
3702,323,471
3703,323,411
3704,323,8
3705,323,240
3706,323,34
3707,323,489
3708,323,157
3709,323,464
3710,323,441
3711,323,154
3712,323,501
3713,323,210
3714,323,394
3715,323,322
3716,323,425
3717,323,306
3718,323,69
3719,323,51
3720,323,100
3721,323,445
3722,323,36
3723,323,37
3724,323,503
3725,323,176
3726,323,276
3727,323,208
3728,323,26
3729,323,112
3730,323,189
3731,323,451
3732,323,364
3733,323,116
3734,323,495
3735,323,38
3736,323,530
3737,323,338
3738,323,557
3739,323,178
3740,323,300
3741,323,13
3742,323,350
3743,323,103
3744,323,281
3745,323,261
3746,323,336
3747,323,121
3748,323,251
3749,323,53
3750,323,285
3751,323,427
3752,323,317
3753,323,33
3754,323,539
3755,323,382
3756,323,79
3757,323,218
3758,323,81
3759,323,332
3760,323,243
3761,323,43
3762,323,5
3763,323,107
3764,323,98
3765,323,63
3766,323,403
3767,323,534
3768,323,363
3769,323,452
3770,323,313
3771,323,93
3772,323,219
3773,323,159
3774,323,318
3775,323,248
3776,323,215
3777,323,85
3778,323,177
3779,323,289
3780,323,402
3781,323,457
3782,323,459
3783,323,21
3784,323,230
3785,323,412
3786,323,74
3787,323,381
3788,323,286
3789,323,273
3790,323,554
3791,323,83
3792,323,466
3793,323,202
3794,323,357
3795,323,234
3796,323,533
3797,323,117
3798,323,420
3799,323,346
3800,323,254
3801,323,447
3802,323,307
3803,323,414
3804,323,35
3805,323,484
3806,323,315
3807,323,212
3808,323,493
3809,323,32
3810,323,358
3811,323,3
3812,323,551
3813,323,68
3814,323,458
3815,323,138
3816,323,470
3817,323,356
3818,323,166
3819,323,344
3820,323,485
3821,323,486
3822,323,453
3823,323,99
3824,323,256
3825,323,193
3826,323,145
3827,323,135
3828,323,220
3829,323,17
3830,323,407
3831,323,292
3832,323,437
3833,323,433
3834,323,87
3835,323,540
3836,323,319
3837,323,327
3838,323,89
3839,323,194
3840,323,513
3841,323,268
3842,323,137
3843,323,369
3844,323,95
3845,323,263
3846,323,72
3847,323,492
3848,323,463
3849,323,149
3850,323,264
3851,323,456
3852,323,205
3853,323,271
3854,323,225
3855,323,333
3856,323,385
3857,323,181
3858,323,287
3859,323,482
3860,323,370
3861,323,361
3862,323,279
3863,323,408
3864,323,537
3865,323,140
3866,323,481
3867,323,435
3868,323,438
3869,323,419
3870,323,335
3871,45,53
3872,45,28
3873,45,553
3874,45,41
3875,45,214
3876,45,388
3877,45,515
3878,45,410
3879,45,136
3880,45,304
3881,45,406
3882,45,71
3883,45,454
3884,45,70
3885,45,411
3886,45,556
3887,45,349
3888,45,151
3889,45,500
3890,45,359
3891,45,291
3892,45,237
3893,45,114
3894,45,497
3895,45,249
3896,45,386
3897,45,48
3898,45,293
3899,45,190
3900,45,115
3901,45,384
3902,45,320
3903,45,479
3904,45,49
3905,45,199
3906,45,535
3907,45,231
3908,45,499
3909,45,537
3910,45,244
3911,45,104
3912,45,153
3913,45,418
3914,45,207
3915,45,188
3916,45,312
3917,45,275
3918,45,508
3919,45,232
3920,45,213
3921,45,144
3922,45,334
3923,45,122
3924,45,481
3925,45,18
3926,45,302
3927,45,130
3928,45,404
3929,45,106
3930,45,326
3931,45,97
3932,45,318
3933,45,517
3934,45,424
3935,45,177
3936,45,90
3937,45,205
3938,45,548
3939,45,227
3940,45,353
3941,45,377
3942,45,82
3943,45,171
3944,45,289
3945,45,98
3946,45,439
3947,45,226
3948,45,419
3949,45,493
3950,45,347
3951,45,180
3952,45,475
3953,45,482
3954,45,480
3955,45,222
3956,45,210
3957,45,422
3958,45,541
3959,45,463
3960,45,15
3961,45,369
3962,45,282
3963,45,310
3964,45,513
3965,45,83
3966,45,257
3967,45,523
3968,45,333
3969,45,428
3970,45,137
3971,45,240
3972,45,495
3973,45,448
3974,45,193
3975,45,340
3976,45,524
3977,45,401
3978,45,183
3979,45,64
3980,45,67
3981,45,435
3982,45,140
3983,45,450
3984,45,351
3985,45,415
3986,45,110
3987,45,128
3988,45,262
3989,45,527
3990,45,555
3991,45,552
3992,45,191
3993,45,536
3994,45,102
3995,45,94
3996,45,308
3997,45,356
3998,45,112
3999,45,266
4000,45,395
4001,45,55
4002,45,407
4003,45,143
4004,45,417
4005,45,550
4006,45,252
4007,45,162
4008,45,502
4009,45,274
4010,45,86
4011,45,362
4012,45,4
4013,45,528
4014,45,203
4015,45,194
4016,45,74
4017,45,370
4018,45,442
4019,45,346
4020,45,129
4021,45,465
4022,45,206
4023,45,250
4024,45,485
4025,45,486
4026,45,163
4027,45,105
4028,45,413
4029,45,380
4030,45,9
4031,45,292
4032,45,120
4033,45,545
4034,45,134
4035,45,149
4036,45,148
4037,45,540
4038,45,124
4039,45,335
4040,45,99
4041,45,19
4042,45,157
4043,45,331
4044,45,88
4045,45,526
4046,45,434
4047,45,488
4048,45,113
4049,45,272
4050,45,261
4051,45,174
4052,45,73
4053,45,173
4054,45,514
4055,45,385
4056,45,336
4057,45,409
4058,45,457
4059,45,8
4060,45,387
4061,45,219
4062,45,447
4063,45,543
4064,45,423
4065,45,132
4066,45,212
4067,45,352
4068,45,52
4069,45,300
4070,45,78
4071,45,61
4072,45,453
4073,45,437
4074,45,160
4075,45,546
4076,45,324
4077,45,328
4078,45,354
4079,45,408
4080,45,236
4081,45,169
4082,45,519
4083,45,63
4084,45,59
4085,45,368
4086,45,100
4087,45,133
4088,45,135
4089,45,554
4090,45,198
4091,45,268
4092,45,259
4093,45,438
4094,45,91
4095,45,391
4096,45,161
4097,45,273
4098,45,62
4099,45,525
4100,45,327
4101,45,402
4102,45,472
4103,45,241
4104,45,393
4105,45,460
4106,45,534
4107,45,251
4108,45,154
4109,45,164
4110,45,258
4111,45,421
4112,45,264
4113,45,533
4114,45,12
4115,45,248
4116,45,10
4117,45,32
4118,45,297
4119,45,56
4120,45,68
4121,45,16
4122,45,119
4123,45,47
4124,45,342
4125,45,412
4126,45,306
4127,45,80
4128,45,364
4129,45,379
4130,45,350
4131,45,510
4132,45,77
4133,45,330
4134,45,243
4135,45,468
4136,45,341
4137,45,220
4138,45,303
4139,45,503
4140,45,530
4141,45,398
4142,45,189
4143,45,103
4144,45,208
4145,45,378
4146,45,182
4147,45,21
4148,45,470
4149,45,166
4150,45,455
4151,45,254
4152,45,51
4153,281,53
4154,263,356
4155,263,149
4156,263,452
4157,263,350
4158,263,288
4159,263,382
4160,263,230
4161,263,321
4162,263,80
4163,263,168
4164,263,273
4165,263,15
4166,263,420
4167,263,98
4168,263,326
4169,263,17
4170,263,256
4171,263,53
4172,263,120
4173,263,380
4174,263,409
4175,263,534
4176,263,225
4177,263,467
4178,263,292
4179,263,538
4180,263,491
4181,263,111
4182,263,503
4183,263,339
4184,263,541
4185,263,117
4186,263,393
4187,263,502
4188,263,211
4189,263,8
4190,263,83
4191,263,47
4192,263,142
4193,263,1
4194,263,32
4195,263,307
4196,263,51
4197,263,20
4198,263,74
4199,263,430
4200,263,434
4201,263,174
4202,263,60
4203,263,106
4204,263,373
4205,263,38
4206,263,69
4207,263,145
4208,263,511
4209,263,482
4210,263,315
4211,263,6
4212,263,483
4213,263,554
4214,263,194
4215,263,392
4216,263,254
4217,263,472
4218,263,391
4219,263,181
4220,263,268
4221,263,383
4222,263,408
4223,263,545
4224,263,286
4225,263,458
4226,263,426
4227,263,167
4228,263,209
4229,263,79
4230,263,135
4231,263,157
4232,263,474
4233,263,317
4234,263,192
4235,263,248
4236,263,344
4237,263,197
4238,263,154
4239,263,457
4240,263,85
4241,263,371
4242,263,93
4243,263,480
4244,263,31
4245,263,269
4246,263,150
4247,263,253
4248,263,504
4249,263,516
4250,263,453
4251,263,460
4252,263,525
4253,263,228
4254,263,398
4255,263,468
4256,263,59
4257,263,363
4258,263,445
4259,263,188
4260,263,533
4261,263,357
4262,263,7
4263,263,185
4264,263,34
4265,263,544
4266,263,459
4267,263,389
4268,263,0
4269,263,329
4270,263,364
4271,263,128
4272,263,385
4273,263,131
4274,263,129
4275,263,103
4276,263,489
4277,263,374
4278,263,353
4279,263,456
4280,263,92
4281,263,119
4282,263,396
4283,263,22
4284,263,240
4285,263,429
4286,263,109
4287,263,293
4288,263,33
4289,263,166
4290,263,246
4291,263,87
4292,263,204
4293,263,555
4294,263,444
4295,263,528
4296,263,107
4297,263,375
4298,263,431
4299,263,463
4300,263,72
4301,263,403
4302,263,202
4303,263,414
4304,263,481
4305,263,335
4306,263,299
4307,263,477
4308,263,287
4309,263,306
4310,263,44
4311,263,520
4312,263,394
4313,263,519
4314,263,21
4315,263,218
4316,263,532
4317,263,410
4318,263,112
4319,263,501
4320,263,331
4321,263,521
4322,263,155
4323,263,189
4324,263,547
4325,263,328
4326,263,370
4327,263,54
4328,263,141
4329,263,539
4330,263,48
4331,263,395
4332,263,212
4333,263,379
4334,263,412
4335,263,300
4336,263,234
4337,263,65
4338,263,216
4339,263,416
4340,263,118
4341,263,338
4342,263,104
4343,263,264
4344,263,508
4345,263,63
4346,263,470
4347,263,95
4348,263,265
4349,263,352
4350,263,281
4351,263,527
4352,263,113
4353,263,199
4354,263,29
4355,263,440
4356,263,435
4357,263,175
4358,263,193
4359,263,136
4360,263,272
4361,263,427
4362,263,84
4363,263,182
4364,263,61
4365,263,4
4366,263,448
4367,263,232
4368,263,5
4369,263,210
4370,263,507
4371,263,62
4372,263,171
4373,263,387
4374,263,68
4375,263,219
4376,263,50
4377,263,169
4378,263,464
4379,263,12
4380,263,266
4381,263,478
4382,263,45
4383,263,471
4384,263,132
4385,263,99
4386,263,224
4387,263,325
4388,263,261
4389,263,543
4390,263,289
4391,263,397
4392,263,276
4393,263,270
4394,263,198
4395,263,512
4396,263,26
4397,263,156
4398,263,78
4399,263,249
4400,263,417
4401,263,466
4402,263,497
4403,263,36
4404,263,492
4405,263,341
4406,263,509
4407,263,438
4408,263,271
4409,263,158
4410,263,496
4411,263,201
4412,263,134
4413,263,549
4414,263,346
4415,263,255
4416,263,18
4417,263,524
4418,263,485
4419,263,303
4420,263,140
4421,263,318
4422,263,3
4423,263,358
4424,263,238
4425,263,27
4426,263,13
4427,263,322
4428,263,96
4429,263,348
4430,263,424
4431,263,308
4432,263,425
4433,263,213
4434,263,349
4435,263,354
4436,263,220
4437,263,71
4438,263,320
4439,263,81
4440,263,548
4441,263,41
4442,263,378
4443,263,30
4444,263,200
4445,263,332
4446,263,309
4447,263,170
4448,263,159
4449,263,42
4450,263,205
4451,263,552
4452,263,347
4453,263,540
4454,263,108
4455,263,535
4456,263,23
4457,263,343
4458,263,190
4459,263,55
4460,263,449
4461,263,413
4462,263,144
4463,263,367
4464,263,165
4465,263,39
4466,263,297
4467,263,319
4468,263,207
4469,263,242
4470,263,241
4471,263,407
4472,263,351
4473,263,11
4474,263,345
4475,263,355
4476,263,461
4477,263,94
4478,263,203
4479,263,465
4480,263,247
4481,502,92
4482,502,107
4483,502,507
4484,502,240
4485,502,542
4486,502,556
4487,502,48
4488,502,319
4489,502,224
4490,502,427
4491,502,256
4492,502,227
4493,502,326
4494,502,111
4495,502,53
4496,502,208
4497,502,5
4498,502,466
4499,502,511
4500,502,421
4501,502,546
4502,502,504
4503,502,33
4504,502,393
4505,502,65
4506,502,555
4507,502,254
4508,502,373
4509,502,223
4510,502,327
4511,502,131
4512,502,394
4513,502,467
4514,502,295
4515,502,147
4516,502,61
4517,502,79
4518,502,59
4519,502,198
4520,502,269
4521,502,15
4522,502,267
4523,502,519
4524,502,229
4525,502,321
4526,502,171
4527,502,76
4528,502,30
4529,502,472
4530,502,118
4531,502,202
4532,502,544
4533,502,63
4534,502,26
4535,502,218
4536,117,216
4537,117,251
4538,117,121
4539,117,54
4540,117,478
4541,117,416
4542,117,397
4543,117,269
4544,117,261
4545,117,212
4546,117,423
4547,117,522
4548,117,116
4549,117,77
4550,117,440
4551,117,230
4552,117,466
4553,117,38
4554,117,37
4555,117,551
4556,117,128
4557,117,473
4558,117,35
4559,184,289
4560,184,251
4561,184,416
4562,184,261
4563,184,121
4564,184,269
4565,184,216
4566,184,423
4567,184,554
4568,184,397
4569,184,210
4570,184,54
4571,184,270
4572,184,91
4573,184,336
4574,184,53
4575,184,116
4576,184,77
4577,184,421
4578,184,230
4579,184,212
4580,184,452
4581,184,38
4582,184,476
4583,184,466
4584,184,364
4585,184,474
4586,184,464
4587,184,539
4588,184,484
4589,184,189
4590,184,82
4591,184,331
4592,184,175
4593,184,8
4594,184,113
4595,184,34
4596,184,31
4597,184,312
4598,184,353
4599,184,307
4600,184,100
4601,184,442
4602,184,29
4603,184,276
4604,184,325
4605,184,527
4606,184,440
4607,184,471
4608,184,545
4609,184,445
4610,184,414
4611,184,37
4612,184,502
4613,184,83
4614,184,530
4615,184,273
4616,184,504
4617,184,299
4618,184,179
4619,184,146
4620,184,455
4621,184,487
4622,184,74
4623,184,109
4624,184,300
4625,184,204
4626,184,337
4627,184,391
4628,184,136
4629,184,152
4630,184,0
4631,184,514
4632,184,398
4633,184,467
4634,184,13
4635,184,373
4636,184,112
4637,184,357
4638,184,491
4639,184,550
4640,184,4
4641,184,330
4642,184,240
4643,184,123
4644,184,335
4645,184,309
4646,184,485
4647,184,430
4648,184,219
4649,184,133
4650,184,332
4651,184,317
4652,184,382
4653,184,139
4654,184,328
4655,184,322
4656,184,248
4657,184,534
4658,184,478
4659,184,313
4660,184,501
4661,184,368
4662,184,305
4663,184,524
4664,184,522
4665,184,151
4666,184,362
4667,184,477
4668,184,88
4669,184,458
4670,184,32
4671,184,489
4672,184,178
4673,184,495
4674,184,447
4675,184,170
4676,184,385
4677,184,104
4678,184,509
4679,184,132
4680,184,157
4681,184,130
4682,184,387
4683,184,492
4684,184,432
4685,184,510
4686,184,11
4687,184,507
4688,184,480
4689,184,111
4690,184,384
4691,184,284
4692,184,47
4693,184,338
4694,184,321
4695,184,63
4696,184,10
4697,184,396
4698,184,5
4699,184,41
4700,184,149
4701,184,425
4702,184,235
4703,184,441
4704,184,159
4705,184,433
4706,184,557
4707,184,470
4708,184,169
4709,184,292
4710,184,459
4711,184,426
4712,184,434
4713,184,341
4714,184,6
4715,184,406
4716,184,370
4717,184,84
4718,184,517
4719,184,473
4720,184,363
4721,184,16
4722,184,472
4723,184,342
4724,184,327
4725,184,232
4726,184,439
4727,184,211
4728,184,315
4729,184,117
4730,184,147
4731,184,463
4732,184,304
4733,184,120
4734,184,206
4735,184,93
4736,184,87
4737,184,25
4738,184,379
4739,184,351
4740,184,36
4741,184,90
4742,184,62
4743,184,137
4744,184,419
4745,184,410
4746,184,168
4747,184,482
4748,184,555
4749,184,174
4750,184,499
4751,184,236
4752,184,220
4753,184,205
4754,184,252
4755,184,190
4756,184,227
4757,184,237
4758,184,320
4759,184,279
4760,184,516
4761,184,65
4762,184,298
4763,184,417
4764,184,86
4765,184,293
4766,184,207
4767,184,193
4768,184,500
4769,184,378
4770,184,481
4771,184,27
4772,184,333
4773,184,552
4774,184,329
4775,184,176
4776,184,475
4777,184,369
4778,184,359
4779,184,291
4780,184,153
4781,184,56
4782,184,451
4783,184,181
4784,184,264
4785,184,450
4786,184,511
4787,184,493
4788,184,49
4789,184,191
4790,184,203
4791,184,244
4792,184,97
4793,184,7
4794,512,476
4795,512,30
4796,512,317
4797,512,520
4798,512,218
4799,512,467
4800,512,529
4801,512,187
4802,512,167
4803,512,316
4804,512,197
4805,512,473
4806,512,286
4807,512,264
4808,512,544
4809,512,79
4810,512,250
4811,512,175
4812,512,392
4813,512,32
4814,512,550
4815,512,437
4816,512,443
4817,512,65
4818,512,292
4819,512,309
4820,512,165
4821,512,53
4822,512,209
4823,512,319
4824,512,267
4825,512,163
4826,512,202
4827,512,255
4828,512,47
4829,512,417
4830,512,256
4831,512,430
4832,512,251
4833,512,245
4834,512,343
4835,512,136
4836,512,0
4837,512,22
4838,512,341
4839,512,414
4840,512,185
4841,512,228
4842,512,269
4843,512,189
4844,512,398
4845,512,225
4846,512,457
4847,512,337
4848,512,545
4849,512,288
4850,512,396
4851,512,170
4852,512,265
4853,512,63
4854,512,260
4855,512,379
4856,512,194
4857,512,347
4858,512,338
4859,512,129
4860,512,492
4861,512,511
4862,512,441
4863,512,281
4864,512,270
4865,512,519
4866,512,145
4867,512,116
4868,512,230
4869,512,117
4870,512,357
4871,512,217
4872,512,210
4873,512,391
4874,512,487
4875,512,445
4876,512,66
4877,512,416
4878,512,237
4879,512,342
4880,512,146
4881,512,174
4882,512,530
4883,512,447
4884,512,528
4885,512,72
4886,512,364
4887,512,503
4888,512,527
4889,512,497
4890,512,466
4891,512,112
4892,512,234
4893,512,555
4894,512,141
4895,512,238
4896,512,268
4897,512,423
4898,512,275
4899,512,224
4900,512,381
4901,512,471
4902,512,128
4903,512,394
4904,512,57
4905,512,69
4906,512,233
4907,512,554
4908,512,123
4909,512,92
4910,512,29
4911,512,344
4912,512,284
4913,512,402
4914,512,51
4915,512,546
4916,512,509
4917,512,293
4918,512,252
4919,512,139
4920,512,37
4921,512,482
4922,512,313
4923,512,536
4924,512,412
4925,512,82
4926,512,330
4927,512,111
4928,512,541
4929,512,287
4930,512,45
4931,512,34
4932,512,534
4933,512,320
4934,512,118
4935,512,172
4936,512,374
4937,512,298
4938,512,59
4939,512,383
4940,512,452
4941,512,501
4942,512,35
4943,512,507
4944,512,26
4945,512,81
4946,512,76
4947,512,67
4948,512,12
4949,512,525
4950,512,491
4951,512,261
4952,512,518
4953,512,387
4954,512,483
4955,512,428
4956,512,107
4957,512,504
4958,512,108
4959,512,321
4960,512,219
4961,512,514
4962,512,229
4963,512,318
4964,512,93
4965,512,31
4966,512,393
4967,512,399
4968,512,160
4969,512,315
4970,512,472
4971,512,358
4972,512,8
4973,512,455
4974,512,524
4975,512,198
4976,512,5
4977,512,280
4978,512,204
4979,512,468
4980,512,350
4981,512,130
4982,512,254
4983,512,119
4984,512,463
4985,512,282
4986,512,9
4987,512,352
4988,512,113
4989,512,179
4990,512,1
4991,512,326
4992,512,496
4993,512,178
4994,512,380
4995,512,60
4996,512,11
4997,512,173
4998,512,308
4999,512,300
5000,512,279
5001,512,38
5002,512,236
5003,512,18
5004,512,305
5005,512,431
5006,512,98
5007,512,276
5008,512,27
5009,512,486
5010,512,241
5011,512,426
5012,512,52
5013,512,334
5014,512,448
5015,512,109
5016,512,13
5017,512,149
5018,512,485
5019,512,480
5020,512,208
5021,512,363
5022,512,456
5023,512,339
5024,512,74
5025,512,502
5026,512,62
5027,512,242
5028,512,429
5029,512,68
5030,512,240
5031,512,348
5032,512,444
5033,512,481
5034,512,307
5035,512,223
5036,512,77
5037,512,460
5038,512,349
5039,512,470
5040,512,489
5041,512,95
5042,512,212
5043,512,516
5044,512,332
5045,512,469
5046,512,290
5047,512,484
5048,512,442
5049,512,413
5050,512,4
5051,512,474
5052,512,475
5053,512,89
5054,512,151
5055,512,147
5056,512,373
5057,512,299
5058,512,43
5059,512,325
5060,512,132
5061,512,336
5062,512,421
5063,512,533
5064,512,103
5065,512,289
5066,512,263
5067,512,331
5068,512,458
5069,512,171
5070,512,459
5071,512,510
5072,512,159
5073,512,195
5074,512,227
5075,512,477
5076,512,133
5077,512,370
5078,512,327
5079,512,266
5080,512,214
5081,512,222
5082,512,10
5083,512,513
5084,512,90
5085,512,397
5086,512,273
5087,512,368
5088,512,440
5089,512,495
5090,512,39
5091,512,557
5092,512,205
5093,512,28
5094,512,464
5095,512,543
5096,512,303
5097,512,104
5098,512,532
5099,512,24
5100,512,521
5101,512,176
5102,512,196
5103,512,91
5104,512,156
5105,512,87
5106,512,408
5107,512,382
5108,512,259
5109,512,306
5110,512,329
5111,512,15
5112,512,367
5113,512,168
5114,512,462
5115,512,85
5116,512,420
5117,512,33
5118,512,199
5119,512,16
5120,512,216
5121,512,248
5122,512,297
5123,512,552
5124,512,138
5125,512,356
5126,512,369
5127,512,385
5128,512,201
5129,512,6
5130,512,154
5131,512,235
5132,512,346
5133,512,403
5134,512,301
5135,512,157
5136,512,153
5137,512,80
5138,512,362
5139,512,376
5140,512,419
5141,512,140
5142,512,78
5143,512,411
5144,512,54
5145,512,207
5146,512,257
5147,512,215
5148,512,100
5149,512,25
5150,512,328
5151,512,21
5152,512,2
5153,512,353
5154,512,478
5155,512,166
5156,512,142
5157,512,186
5158,512,249
5159,512,7
5160,512,425
5161,512,465
5162,512,538
5163,512,213
5164,512,106
5165,512,206
5166,512,188
5167,512,488
5168,512,333
5169,512,274
5170,512,375
5171,512,181
5172,512,121
5173,512,246
5174,512,20
5175,512,517
5176,512,508
5177,512,548
5178,512,542
5179,512,232
5180,512,453
5181,512,384
5182,512,450
5183,512,324
5184,512,547
5185,512,169
5186,512,322
5187,512,500
5188,512,50
5189,512,283
5190,512,58
5191,512,395
5192,512,143
5193,512,131
5194,512,434
5195,512,14
5196,512,83
5197,512,152
5198,512,435
5199,512,231
5200,512,427
5201,512,388
5202,512,220
5203,512,551
5204,512,526
5205,512,61
5206,512,135
5207,512,148
5208,512,192
5209,512,439
5210,512,386
5211,512,433
5212,512,535
5213,512,134
5214,512,451
5215,512,406
5216,512,553
5217,512,162
5218,512,361
5219,512,295
5220,512,371
5221,512,17
5222,512,86
5223,512,515
5224,512,44
5225,512,41
5226,512,49
5227,512,365
5228,512,48
5229,512,177
5230,512,253
5231,512,88
5232,512,506
5233,512,144
5234,512,184
5235,512,150
5236,512,294
5237,512,335
5238,512,272
5239,512,97
5240,512,310
5241,512,71
5242,512,271
5243,512,312
5244,512,243
5245,512,355
5246,512,549
5247,512,418
5248,512,351
5249,512,137
5250,512,479
5251,512,449
5252,512,180
5253,512,432
5254,512,84
5255,512,182
5256,512,244
5257,512,438
5258,512,64
5259,512,158
5260,512,304
5261,512,183
5262,512,122
5263,512,389
5264,512,247
5265,512,378
5266,512,409
5267,512,345
5268,512,407
5269,512,36
5270,512,120
5271,512,540
5272,512,556
5273,512,94
5274,512,56
5275,512,359
5276,512,291
5277,512,539
5278,512,262
5279,512,410
5280,512,127
5281,512,340
5282,512,164
5283,512,191
5284,512,70
5285,512,499
5286,512,3
5287,512,258
5288,512,302
5289,512,211
5290,512,354
5291,512,99
5292,512,55
5293,512,323
5294,512,75
5295,512,454
5296,512,114
5297,512,155
5298,512,436
5299,512,73
5300,512,190
5301,512,523
5302,512,522
5303,512,19
5304,159,107
5305,159,514
5306,159,363
5307,159,325
5308,159,393
5309,159,79
5310,159,546
5311,159,26
5312,159,305
5313,159,63
5314,159,501
5315,159,471
5316,159,380
5317,159,10
5318,159,460
5319,159,326
5320,159,322
5321,159,209
5322,159,224
5323,159,339
5324,159,265
5325,159,9
5326,159,20
5327,159,98
5328,159,350
5329,159,496
5330,159,344
5331,159,178
5332,159,455
5333,159,51
5334,159,87
5335,159,520
5336,159,198
5337,159,491
5338,159,397
5339,159,519
5340,159,267
5341,159,295
5342,159,318
5343,159,154
5344,159,334
5345,159,462
5346,159,146
5347,159,147
5348,159,218
5349,159,332
5350,159,219
5351,159,103
5352,159,403
5353,159,327
5354,159,330
5355,159,234
5356,159,116
5357,159,378
5358,159,88
5359,159,504
5360,159,0
5361,159,516
5362,159,34
5363,159,62
5364,159,300
5365,159,315
5366,159,549
5367,159,67
5368,159,276
5369,159,483
5370,159,317
5371,159,123
5372,159,268
5373,159,394
5374,159,248
5375,159,208
5376,159,347
5377,159,174
5378,159,489
5379,159,259
5380,159,189
5381,159,401
5382,159,303
5383,159,245
5384,159,387
5385,159,288
5386,159,168
5387,159,4
5388,159,52
5389,159,173
5390,159,510
5391,159,76
5392,159,273
5393,159,215
5394,159,53
5395,159,448
5396,159,113
5397,159,175
5398,159,166
5399,159,442
5400,159,58
5401,159,137
5402,159,430
5403,159,539
5404,159,229
5405,159,131
5406,159,445
5407,159,388
5408,159,453
5409,159,212
5410,159,287
5411,159,420
5412,159,8
5413,159,68
5414,159,457
5415,159,233
5416,159,59
5417,159,213
5418,159,65
5419,159,412
5420,159,42
5421,159,81
5422,159,396
5423,159,438
5424,159,408
5425,159,32
5426,159,385
5427,159,411
5428,159,172
5429,159,69
5430,159,530
5431,159,357
5432,159,118
5433,159,66
5434,159,210
5435,159,270
5436,159,289
5437,159,426
5438,159,541
5439,159,452
5440,159,140
5441,159,243
5442,159,503
5443,159,524
5444,159,313
5445,159,91
5446,159,185
5447,159,470
5448,159,158
5449,159,440
5450,159,381
5451,159,336
5452,159,227
5453,159,434
5454,159,292
5455,159,128
5456,159,216
5457,159,459
5458,159,374
5459,159,31
5460,159,150
5461,159,321
5462,159,110
5463,159,188
5464,159,95
5465,159,437
5466,159,28
5467,159,386
5468,159,358
5469,159,230
5470,159,364
5471,159,432
5472,159,402
5473,159,294
5474,159,263
5475,159,444
5476,159,12
5477,159,222
5478,159,554
5479,159,23
5480,159,64
5481,159,132
5482,159,6
5483,159,352
5484,159,368
5485,159,86
5486,159,349
5487,159,537
5488,159,517
5489,159,486
5490,159,93
5491,159,468
5492,159,285
5493,159,417
5494,159,464
5495,159,382
5496,159,135
5497,159,47
5498,159,142
5499,159,331
5500,159,473
5501,159,83
5502,159,139
5503,159,320
5504,159,342
5505,159,493
5506,159,511
5507,159,61
5508,159,207
5509,159,391
5510,159,121
5511,159,343
5512,159,184
5513,159,205
5514,159,17
5515,159,157
5516,159,70
5517,159,467
5518,159,35
5519,159,523
5520,159,515
5521,159,179
5522,159,134
5523,159,111
5524,159,1
5525,159,545
5526,159,310
5527,159,543
5528,159,407
5529,159,3
5530,159,109
5531,159,241
5532,159,258
5533,159,376
5534,159,392
5535,159,533
5536,159,447
5537,159,269
5538,159,82
5539,159,466
5540,159,353
5541,159,309
5542,159,406
5543,159,256
5544,159,60
5545,159,161
5546,159,367
5547,159,89
5548,159,306
5549,159,441
5550,159,472
5551,159,16
5552,159,274
5553,159,77
5554,159,525
5555,159,557
5556,159,15
5557,159,119
5558,159,163
5559,159,56
5560,159,192
5561,159,92
5562,159,307
5563,159,316
5564,159,262
5565,159,252
5566,159,416
5567,159,223
5568,159,22
5569,159,423
5570,159,293
5571,159,328
5572,159,377
5573,159,255
5574,159,335
5575,159,499
5576,159,428
5577,159,298
5578,159,361
5579,159,338
5580,159,138
5581,159,365
5582,159,84
5583,159,495
5584,159,39
5585,159,508
5586,159,373
5587,159,129
5588,159,512
5589,159,433
5590,159,33
5591,159,170
5592,159,90
5593,159,176
5594,159,431
5595,159,203
5596,159,136
5597,159,482
5598,159,333
5599,159,383
5600,159,414
5601,159,25
5602,159,362
5603,159,355
5604,159,13
5605,159,297
5606,159,257
5607,159,160
5608,159,488
5609,159,359
5610,159,291
5611,159,261
5612,159,133
5613,159,341
5614,159,475
5615,159,220
5616,159,272
5617,159,211
5618,159,266
5619,159,354
5620,159,551
5621,159,540
5622,159,145
5623,159,476
5624,159,21
5625,159,186
5626,159,509
5627,159,337
5628,159,165
5629,159,474
5630,159,141
5631,159,238
5632,159,54
5633,159,329
5634,159,194
5635,159,346
5636,159,190
5637,159,281
5638,159,264
5639,159,144
5640,159,544
5641,159,370
5642,159,200
5643,159,409
5644,159,5
5645,159,400
5646,159,253
5647,159,478
5648,159,481
5649,159,112
5650,159,398
5651,159,38
5652,159,456
5653,159,550
5654,159,11
5655,159,249
5656,159,446
5657,159,421
5658,159,527
5659,159,201
5660,159,492
5661,159,542
5662,159,199
5663,159,379
5664,159,80
5665,159,30
5666,159,197
5667,159,14
5668,159,117
5669,159,254
5670,159,548
5671,159,384
5672,159,308
5673,159,228
5674,159,48
5675,159,204
5676,159,435
5677,159,500
5678,159,127
5679,159,275
5680,159,487
5681,159,547
5682,159,526
5683,159,513
5684,159,356
5685,159,340
5686,159,231
5687,159,479
5688,159,538
5689,159,105
5690,159,94
5691,159,484
5692,159,164
5693,159,246
5694,159,410
5695,159,152
5696,159,100
5697,159,247
5698,159,522
5699,159,260
5700,159,225
5701,159,143
5702,159,319
5703,159,148
5704,159,193
5705,159,552
5706,159,469
5707,159,122
5708,159,348
5709,159,237
5710,159,450
5711,159,422
5712,159,232
5713,159,202
5714,159,284
5715,159,375
5716,159,18
5717,159,181
5718,159,45
5719,159,167
5720,159,99
5721,159,44
5722,159,29
5723,159,236
5724,159,19
5725,159,507
5726,159,130
5727,159,71
5728,159,299
5729,159,217
5730,159,74
5731,159,280
5732,159,302
5733,159,162
5734,159,419
5735,159,528
5736,159,57
5737,159,439
5738,159,502
5739,159,556
5740,159,451
5741,159,458
5742,159,78
5743,159,240
5744,159,96
5745,159,461
5746,159,463
5747,159,351
5748,159,250
5749,159,279
5750,159,286
5751,159,454
5752,159,390
5753,159,534
5754,159,182
5755,159,324
5756,159,177
5757,159,156
5758,159,206
5759,159,429
5760,159,49
5761,159,323
5762,159,244
5763,159,506
5764,159,104
5765,159,369
5766,159,50
5767,159,235
5768,159,24
5769,159,191
5770,159,485
5771,159,424
5772,159,183
5773,159,169
5774,159,418
5775,159,114
5776,159,480
5777,159,43
5778,159,153
5779,159,304
5780,159,490
5781,159,312
5782,159,106
5783,159,115
5784,159,55
5785,159,155
5786,159,477
5787,159,497
5788,159,290
5789,159,120
5790,159,399
5791,159,425
5792,159,251
5793,159,195
5794,159,102
5795,159,214
5796,159,529
5797,159,436
5798,159,97
5799,159,311
5800,30,520
5801,30,317
5802,30,17
5803,30,476
5804,30,197
5805,30,529
5806,30,202
5807,30,292
5808,30,108
5809,30,512
5810,30,417
5811,30,339
5812,30,185
5813,30,483
5814,30,53
5815,30,218
5816,30,544
5817,30,187
5818,30,171
5819,30,357
5820,30,466
5821,30,467
5822,30,437
5823,30,175
5824,30,147
5825,30,74
5826,30,149
5827,30,79
5828,30,11
5829,30,269
5830,30,286
5831,30,491
5832,30,309
5833,30,557
5834,30,463
5835,30,341
5836,30,321
5837,30,141
5838,30,167
5839,30,473
5840,30,516
5841,30,392
5842,30,545
5843,30,174
5844,30,356
5845,30,255
5846,30,163
5847,30,216
5848,30,228
5849,30,554
5850,30,396
5851,30,391
5852,30,199
5853,30,98
5854,30,224
5855,30,319
5856,30,430
5857,30,230
5858,30,31
5859,30,258
5860,30,349
5861,30,471
5862,30,168
5863,30,63
5864,30,51
5865,30,34
5866,30,387
5867,30,331
5868,30,380
5869,30,19
5870,30,189
5871,30,493
5872,30,240
5873,30,142
5874,30,373
5875,30,1
5876,30,273
5877,30,326
5878,30,145
5879,30,288
5880,30,514
5881,30,281
5882,30,113
5883,30,501
5884,30,219
5885,30,453
5886,30,553
5887,30,256
5888,30,245
5889,30,248
5890,30,47
5891,30,68
5892,30,82
5893,30,246
5894,30,120
5895,30,458
5896,30,9
5897,30,316
5898,30,119
5899,30,117
5900,30,533
5901,30,496
5902,30,66
5903,30,550
5904,30,503
5905,30,250
5906,30,8
5907,30,434
5908,30,394
5909,30,350
5910,30,534
5911,30,338
5912,30,65
5913,30,198
5914,30,60
5915,30,33
5916,30,525
5917,30,455
5918,30,464
5919,30,128
5920,30,223
5921,30,448
5922,30,100
5923,30,266
5924,30,12
5925,30,159
5926,30,188
5927,30,139
5928,30,393
5929,30,495
5930,30,4
5931,30,172
5932,30,129
5933,30,452
5934,30,20
5935,30,318
5936,30,210
5937,30,268
5938,30,95
5939,30,254
5940,30,398
5941,30,382
5942,30,383
5943,30,14
5944,30,541
5945,30,38
5946,30,307
5947,30,300
5948,30,0
5949,30,469
5950,30,363
5951,30,315
5952,30,103
5953,30,155
5954,30,166
5955,30,482
5956,30,472
5957,30,293
5958,30,194
5959,30,461
5960,30,83
5961,30,109
5962,30,451
5963,30,32
5964,30,344
5965,30,289
5966,30,445
5967,30,26
5968,30,87
5969,30,77
5970,30,118
5971,30,528
5972,30,546
5973,30,225
5974,30,487
5975,30,205
5976,30,306
5977,30,381
5978,30,358
5979,30,157
5980,30,403
5981,30,530
5982,30,457
5983,30,106
5984,30,59
5985,30,208
5986,30,513
5987,30,287
5988,30,481
5989,30,502
5990,30,509
5991,30,107
5992,30,342
5993,30,305
5994,30,337
5995,30,275
5996,30,368
5997,30,135
5998,30,480
5999,30,93
6000,30,489
6001,30,484
6002,30,112
6003,30,265
6004,30,10
6005,30,267
6006,30,264
6007,30,298
6008,30,336
6009,30,133
6010,30,460
6011,30,416
6012,30,123
6013,30,81
6014,30,470
6015,30,420
6016,30,330
6017,30,492
6018,30,508
6019,30,468
6020,30,426
6021,30,80
6022,30,414
6023,30,322
6024,30,519
6025,30,431
6026,30,116
6027,30,504
6028,30,374
6029,30,13
6030,30,29
6031,30,16
6032,30,89
6033,30,196
6034,30,276
6035,30,209
6036,30,35
6037,30,334
6038,30,36
6039,30,332
6040,30,178
6041,30,272
6042,30,325
6043,30,204
6044,30,212
6045,30,146
6046,30,136
6047,30,132
6048,30,211
6049,30,521
6050,30,162
6051,30,6
6052,30,222
6053,30,475
6054,30,511
6055,30,138
6056,30,353
6057,30,134
6058,30,242
6059,30,527
6060,30,327
6061,30,61
6062,30,507
6063,30,140
6064,30,179
6065,30,329
6066,30,173
6067,30,54
6068,30,37
6069,30,111
6070,30,313
6071,30,263
6072,30,261
6073,30,62
6074,30,69
6075,30,215
6076,30,39
6077,30,71
6078,30,181
6079,30,92
6080,30,233
6081,30,376
6082,30,3
6083,30,235
6084,30,385
6085,30,131
6086,30,474
6087,30,7
6088,30,297
6089,30,5
6090,30,459
6091,30,164
6092,30,352
6093,30,243
6094,30,397
6095,30,370
6096,30,127
6097,30,538
6098,30,364
6099,30,441
6100,30,412
6101,30,343
6102,30,410
6103,30,234
6104,30,201
6105,30,165
6106,30,447
6107,30,444
6108,30,21
6109,30,154
6110,30,295
6111,30,324
6112,30,543
6113,30,213
6114,30,42
6115,30,143
6116,30,506
6117,30,369
6118,30,43
6119,30,425
6120,30,427
6121,30,477
6122,30,252
6123,30,90
6124,30,456
6125,30,524
6126,30,419
6127,30,249
6128,30,547
6129,30,270
6130,30,348
6131,30,253
6132,30,428
6133,30,152
6134,30,402
6135,30,104
6136,30,193
6137,30,299
6138,30,532
6139,30,320
6140,30,203
6141,30,510
6142,30,409
6143,30,150
6144,30,384
6145,30,206
6146,30,24
6147,30,280
6148,30,236
6149,30,435
6150,30,67
6151,30,72
6152,30,290
6153,30,335
6154,30,84
6155,30,371
6156,30,78
6157,30,184
6158,30,85
6159,30,22
6160,30,44
6161,30,52
6162,30,400
6163,30,28
6164,30,176
6165,30,160
6166,30,217
6167,30,200
6168,30,153
6169,30,375
6170,30,86
6171,30,333
6172,30,271
6173,30,407
6174,30,49
6175,30,88
6176,30,408
6177,30,192
6178,30,91
6179,30,169
6180,30,170
6181,30,232
6182,30,346
6183,30,45
6184,30,438
6185,30,442
6186,30,424
6187,30,486
6188,30,347
6189,30,549
6190,30,229
6191,30,94
6192,30,540
6193,30,389
6194,30,50
6195,30,312
6196,30,76
6197,30,323
6198,30,279
6199,30,148
6200,30,177
6201,30,354
6202,30,58
6203,30,497
6204,30,64
6205,30,274
6206,30,440
6207,30,399
6208,30,260
6209,30,114
6210,30,488
6211,30,241
6212,30,237
6213,30,526
6214,30,388
6215,30,429
6216,30,432
6217,30,490
6218,30,151
6219,30,158
6220,30,308
6221,30,552
6222,30,285
6223,30,2
6224,30,105
6225,30,137
6226,30,238
6227,30,180
6228,30,302
6229,30,23
6230,30,515
6231,30,144
6232,30,56
6233,30,542
6234,30,207
6235,30,465
6236,30,231
6237,30,284
6238,30,537
6239,30,462
6240,30,535
6241,30,443
6242,30,390
6243,30,55
6244,30,378
6245,30,310
6246,30,340
6247,250,396
6248,250,172
6249,250,268
6250,250,193
6251,250,2
6252,250,495
6253,250,450
6254,250,234
6255,250,205
6256,250,108
6257,141,483
6258,141,189
6259,141,34
6260,141,77
6261,141,318
6262,141,350
6263,141,35
6264,141,317
6265,141,527
6266,141,503
6267,141,33
6268,141,53
6269,141,219
6270,141,289
6271,141,127
6272,141,306
6273,141,42
6274,141,63
6275,141,286
6276,141,113
6277,141,338
6278,141,361
6279,141,276
6280,141,554
6281,141,80
6282,141,321
6283,141,230
6284,141,331
6285,141,322
6286,141,93
6287,141,269
6288,141,524
6289,141,98
6290,141,116
6291,141,233
6292,141,139
6293,141,484
6294,141,60
6295,141,480
6296,141,268
6297,141,432
6298,141,426
6299,141,52
6300,141,274
6301,141,445
6302,141,118
6303,141,471
6304,141,491
6305,141,502
6306,141,29
6307,141,240
6308,141,364
6309,141,149
6310,141,336
6311,141,265
6312,141,383
6313,141,464
6314,141,507
6315,141,421
6316,141,194
6317,141,391
6318,141,273
6319,141,520
6320,141,87
6321,141,332
6322,141,504
6323,141,509
6324,141,425
6325,141,202
6326,141,132
6327,141,407
6328,141,5
6329,141,19
6330,141,346
6331,141,13
6332,141,295
6333,141,468
6334,141,414
6335,141,91
6336,141,215
6337,141,501
6338,141,514
6339,141,107
6340,141,74
6341,141,363
6342,141,172
6343,141,38
6344,141,159
6345,141,88
6346,141,119
6347,141,376
6348,141,11
6349,141,174
6350,141,121
6351,141,37
6352,141,416
6353,141,463
6354,141,288
6355,141,224
6356,141,235
6357,141,248
6358,141,208
6359,141,9
6360,141,530
6361,141,31
6362,141,533
6363,141,270
6364,141,109
6365,141,10
6366,141,103
6367,141,258
6368,141,374
6369,141,261
6370,141,245
6371,141,473
6372,141,357
6373,141,320
6374,141,550
6375,141,58
6376,141,373
6377,141,398
6378,141,557
6379,141,30
6380,141,281
6381,141,455
6382,141,300
6383,141,511
6384,141,330
6385,141,313
6386,141,128
6387,141,198
6388,141,543
6389,141,0
6390,141,403
6391,141,456
6392,141,123
6393,141,4
6394,141,1
6395,141,451
6396,141,538
6397,141,506
6398,141,448
6399,141,496
6400,141,176
6401,141,66
6402,141,210
6403,141,145
6404,141,342
6405,141,112
6406,141,247
6407,141,487
6408,141,378
6409,141,133
6410,141,437
6411,141,534
6412,141,78
6413,141,411
6414,141,396
6415,141,424
6416,141,47
6417,141,397
6418,141,61
6419,141,493
6420,141,327
6421,141,234
6422,141,275
6423,141,329
6424,141,181
6425,22,137
6426,22,389
6427,22,403
6428,22,540
6429,22,305
6430,22,135
6431,22,89
6432,22,189
6433,22,139
6434,22,402
6435,22,53
6436,22,32
6437,22,376
6438,22,481
6439,22,318
6440,22,169
6441,22,411
6442,22,57
6443,22,384
6444,22,512
6445,538,326
6446,538,53
6447,538,307
6448,538,334
6449,538,210
6450,538,448
6451,538,207
6452,538,465
6453,538,458
6454,538,411
6455,538,346
6456,538,63
6457,538,13
6458,538,486
6459,538,481
6460,538,333
6461,538,74
6462,538,455
6463,538,38
6464,538,523
6465,538,235
6466,538,388
6467,538,462
6468,538,142
6469,538,15
6470,538,79
6471,538,4
6472,538,274
6473,538,28
6474,538,471
6475,538,480
6476,538,545
6477,538,359
6478,538,291
6479,538,413
6480,538,352
6481,538,112
6482,538,347
6483,538,123
6484,538,49
6485,538,107
6486,538,404
6487,538,117
6488,538,331
6489,538,551
6490,538,144
6491,538,349
6492,538,383
6493,538,146
6494,538,100
6495,538,320
6496,538,548
6497,81,53
6498,81,392
6499,81,172
6500,81,341
6501,81,111
6502,81,492
6503,81,218
6504,81,79
6505,81,544
6506,81,557
6507,81,1
6508,81,467
6509,81,473
6510,81,292
6511,81,512
6512,81,65
6513,81,286
6514,81,197
6515,81,396
6516,81,175
6517,81,309
6518,81,145
6519,81,228
6520,81,319
6521,81,202
6522,81,417
6523,81,520
6524,81,316
6525,81,129
6526,81,68
6527,440,100
6528,440,342
6529,440,174
6530,440,266
6531,440,79
6532,440,234
6533,440,281
6534,440,533
6535,440,119
6536,440,541
6537,440,53
6538,440,472
6539,440,487
6540,440,8
6541,440,391
6542,440,135
6543,440,298
6544,440,31
6545,440,118
6546,440,451
6547,440,305
6548,440,12
6549,440,82
6550,440,147
6551,440,251
6552,440,496
6553,440,321
6554,440,258
6555,440,397
6556,440,245
6557,440,510
6558,440,236
6559,440,178
6560,440,295
6561,440,91
6562,440,530
6563,440,514
6564,440,37
6565,440,38
6566,440,98
6567,440,137
6568,440,337
6569,440,376
6570,440,223
6571,440,33
6572,440,168
6573,440,75
6574,440,189
6575,440,60
6576,440,215
6577,440,113
6578,440,403
6579,440,175
6580,440,495
6581,440,373
6582,440,338
6583,440,269
6584,440,0
6585,440,272
6586,440,504
6587,440,363
6588,440,476
6589,440,416
6590,440,484
6591,440,16
6592,440,246
6593,440,51
6594,440,483
6595,440,248
6596,440,412
6597,440,326
6598,440,146
6599,440,432
6600,440,92
6601,440,339
6602,440,402
6603,440,142
6604,440,77
6605,440,368
6606,440,120
6607,440,545
6608,440,4
6609,440,471
6610,440,74
6611,440,394
6612,440,198
6613,440,176
6614,440,520
6615,440,288
6616,440,216
6617,440,457
6618,440,107
6619,440,539
6620,440,58
6621,440,448
6622,440,364
6623,440,240
6624,440,503
6625,440,132
6626,440,224
6627,440,22
6628,440,254
6629,440,396
6630,440,491
6631,440,313
6632,440,469
6633,440,69
6634,440,29
6635,440,350
6636,440,430
6637,440,83
6638,440,519
6639,440,455
6640,440,502
6641,440,256
6642,440,464
6643,440,389
6644,440,235
6645,440,431
6646,440,486
6647,440,152
6648,440,509
6649,440,331
6650,440,441
6651,440,208
6652,440,112
6653,440,507
6654,440,230
6655,440,218
6656,440,217
6657,440,154
6658,440,445
6659,440,387
6660,440,273
6661,440,63
6662,440,285
6663,440,139
6664,440,9
6665,440,61
6666,440,109
6667,440,155
6668,440,362
6669,440,276
6670,440,3
6671,440,270
6672,440,219
6673,440,427
6674,440,546
6675,440,544
6676,440,11
6677,440,88
6678,440,473
6679,440,467
6680,440,25
6681,440,393
6682,440,255
6683,440,34
6684,440,62
6685,440,265
6686,440,133
6687,440,501
6688,440,111
6689,440,330
6690,440,332
6691,440,475
6692,440,106
6693,440,325
6694,440,426
6695,440,489
6696,440,379
6697,440,557
6698,440,80
6699,440,459
6700,440,318
6701,440,222
6702,440,380
6703,440,47
6704,440,210
6705,440,336
6706,440,184
6707,440,540
6708,440,553
6709,440,548
6710,440,45
6711,440,157
6712,440,123
6713,440,116
6714,440,329
6715,440,534
6716,440,286
6717,440,411
6718,440,36
6719,440,356
6720,440,181
6721,440,39
6722,440,141
6723,440,85
6724,440,150
6725,440,300
6726,440,121
6727,440,158
6728,440,103
6729,440,527
6730,440,20
6731,440,167
6732,440,317
6733,440,169
6734,440,5
6735,440,434
6736,440,307
6737,440,13
6738,440,204
6739,440,381
6740,440,554
6741,440,10
6742,440,220
6743,440,383
6744,440,166
6745,440,382
6746,440,536
6747,440,470
6748,440,357
6749,440,466
6750,440,49
6751,440,261
6752,440,358
6753,440,398
6754,440,87
6755,440,143
6756,440,6
6757,440,414
6758,440,202
6759,440,117
6760,440,293
6761,440,186
6762,440,335
6763,440,322
6764,440,228
6765,440,72
6766,440,299
6767,440,370
6768,440,262
6769,440,374
6770,440,183
6771,440,421
6772,440,21
6773,440,315
6774,440,458
6775,440,442
6776,440,308
6777,440,188
6778,440,433
6779,440,127
6780,440,452
6781,440,267
6782,440,1
6783,440,212
6784,440,229
6785,440,297
6786,440,274
6787,440,517
6788,440,524
6789,440,26
6790,440,437
6791,440,231
6792,440,306
6793,440,200
6794,440,463
6795,440,488
6796,440,172
6797,440,164
6798,440,385
6799,440,555
6800,440,43
6801,440,346
6802,440,89
6803,440,42
6804,440,153
6805,440,32
6806,440,225
6807,440,56
6808,440,68
6809,440,145
6810,440,99
6811,440,289
6812,440,260
6813,440,425
6814,440,292
6815,440,409
6816,440,199
6817,440,480
6818,440,468
6819,440,257
6820,440,482
6821,440,309
6822,440,395
6823,440,511
6824,440,90
6825,440,44
6826,440,205
6827,440,93
6828,440,177
6829,440,477
6830,440,54
6831,440,243
6832,440,173
6833,440,311
6834,440,84
6835,440,454
6836,440,529
6837,440,474
6838,440,453
6839,440,136
6840,440,247
6841,440,94
6842,440,14
6843,440,268
6844,440,138
6845,440,447
6846,440,253
6847,440,328
6848,440,57
6849,440,114
6850,440,506
6851,440,550
6852,440,341
6853,440,556
6854,440,52
6855,440,551
6856,440,327
6857,440,194
6858,440,355
6859,440,369
6860,440,353
6861,440,264
6862,440,513
6863,440,151
6864,440,351
6865,440,312
6866,440,407
6867,440,547
6868,440,456
6869,440,211
6870,440,439
6871,440,233
6872,440,479
6873,440,17
6874,440,449
6875,440,516
6876,440,209
6877,440,352
6878,440,478
6879,440,384
6880,440,159
6881,440,420
6882,440,538
6883,440,104
6884,440,526
6885,440,354
6886,440,149
6887,440,485
6888,440,324
6889,440,284
6890,440,95
6891,440,435
6892,440,206
6893,440,238
6894,440,399
6895,440,263
6896,440,400
6897,440,23
6898,440,35
6899,440,65
6900,440,334
6901,440,67
6902,440,50
6903,440,417
6904,440,30
6905,440,71
6906,440,543
6907,440,126
6908,440,182
6909,440,213
6910,440,134
6911,440,185
6912,440,460
6913,440,70
6914,440,294
6915,440,423
6916,440,27
6917,440,96
6918,440,15
6919,440,361
6920,440,59
6921,440,197
6922,440,552
6923,440,2
6924,440,249
6925,440,290
6926,440,66
6927,440,156
6928,440,481
6929,440,179
6930,440,241
6931,440,525
6932,440,18
6933,440,340
6934,440,406
6935,440,252
6936,440,110
6937,440,465
6938,440,429
6939,440,140
6940,440,124
6941,440,279
6942,440,171
6943,440,131
6944,440,371
6945,440,319
6946,440,76
6947,440,493
6948,440,499
6949,440,492
6950,440,410
6951,440,170
6952,440,549
6953,440,344
6954,440,203
6955,440,128
6956,440,271
6957,440,165
6958,440,102
6959,440,528
6960,440,359
6961,440,291
6962,440,521
6963,440,7
6964,440,365
6965,440,226
6966,440,438
6967,440,444
6968,440,287
6969,440,378
6970,440,535
6971,440,192
6972,440,78
6973,440,86
6974,440,408
6975,440,227
6976,440,190
6977,440,129
6978,440,320
6979,440,244
6980,440,333
6981,440,24
6982,440,532
6983,440,232
6984,440,41
6985,440,508
6986,440,81
6987,440,310
6988,440,497
6989,440,343
6990,440,522
6991,440,375
6992,440,316
6993,440,512
6994,440,130
6995,440,221
6996,440,191
6997,440,419
6998,440,500
6999,440,259
7000,440,160
7001,440,404
7002,440,180
7003,440,348
7004,440,523
7005,440,108
7006,440,386
7007,440,345
7008,440,201
7009,440,401
7010,440,195
7011,440,413
7012,440,349
7013,440,450
7014,440,392
7015,440,237
7016,440,250
7017,440,304
7018,440,282
7019,440,144
7020,440,19
7021,440,537
7022,440,64
7023,440,55
7024,440,163
7025,440,162
7026,440,148
7027,440,193
7028,440,462
7029,440,302
7030,440,418
7031,440,388
7032,440,207
7033,440,347
7034,440,446
7035,440,115
7036,440,214
7037,440,515
7038,440,283
7039,440,161
7040,440,28
7041,440,367
7042,458,381
7043,458,512
7044,458,53
7045,458,513
7046,458,175
7047,458,30
7048,458,2
7049,458,544
7050,458,98
7051,458,218
7052,458,292
7053,458,142
7054,458,74
7055,458,493
7056,458,396
7057,458,93
7058,458,431
7059,458,383
7060,458,31
7061,458,164
7062,458,281
7063,458,521
7064,458,545
7065,458,495
7066,458,553
7067,458,120
7068,458,331
7069,458,34
7070,458,194
7071,458,483
7072,458,210
7073,458,219
7074,458,344
7075,458,155
7076,458,263
7077,458,357
7078,458,177
7079,458,197
7080,458,534
7081,458,363
7082,458,390
7083,458,112
7084,458,149
7085,458,463
7086,458,343
7087,458,348
7088,458,103
7089,458,128
7090,458,484
7091,458,464
7092,458,403
7093,458,287
7094,458,87
7095,458,373
7096,458,63
7097,458,305
7098,458,205
7099,458,350
7100,458,398
7101,458,268
7102,458,104
7103,458,540
7104,458,273
7105,458,276
7106,458,501
7107,458,394
7108,458,68
7109,458,379
7110,458,6
7111,458,289
7112,458,517
7113,458,135
7114,458,8
7115,458,467
7116,458,33
7117,458,10
7118,458,113
7119,458,159
7120,458,189
7121,458,326
7122,458,109
7123,458,208
7124,458,264
7125,458,530
7126,458,79
7127,458,66
7128,458,391
7129,458,471
7130,458,215
7131,458,60
7132,458,108
7133,458,254
7134,458,297
7135,458,43
7136,458,318
7137,458,507
7138,458,59
7139,458,0
7140,458,511
7141,458,393
7142,458,57
7143,458,166
7144,458,82
7145,458,429
7146,458,245
7147,458,417
7148,458,470
7149,458,176
7150,458,514
7151,458,26
7152,458,509
7153,458,16
7154,458,554
7155,458,141
7156,458,322
7157,458,491
7158,458,327
7159,458,307
7160,458,240
7161,458,212
7162,458,420
7163,458,12
7164,458,258
7165,458,257
7166,458,170
7167,458,306
7168,458,430
7169,458,520
7170,458,444
7171,458,185
7172,458,202
7173,458,375
7174,458,295
7175,458,265
7176,458,457
7177,458,286
7178,458,174
7179,458,118
7180,458,223
7181,458,198
7182,458,279
7183,458,300
7184,458,380
7185,458,336
7186,458,224
7187,458,160
7188,458,167
7189,458,9
7190,458,288
7191,458,419
7192,458,35
7193,458,20
7194,458,370
7195,458,309
7196,458,199
7197,458,157
7198,458,354
7199,458,492
7200,458,77
7201,458,341
7202,458,72
7203,458,395
7204,458,551
7205,458,178
7206,458,480
7207,458,95
7208,458,516
7209,458,107
7210,458,488
7211,458,148
7212,458,65
7213,458,293
7214,458,153
7215,458,242
7216,458,364
7217,458,228
7218,458,139
7219,458,447
7220,458,503
7221,458,32
7222,458,250
7223,458,368
7224,458,543
7225,458,437
7226,458,333
7227,458,272
7228,458,192
7229,458,453
7230,458,362
7231,458,290
7232,458,342
7233,458,550
7234,458,485
7235,458,146
7236,458,42
7237,458,91
7238,458,116
7239,458,338
7240,458,319
7241,458,332
7242,458,321
7243,458,4
7244,458,392
7245,458,133
7246,458,476
7247,458,385
7248,458,114
7249,458,201
7250,458,496
7251,458,14
7252,458,132
7253,458,269
7254,458,515
7255,458,119
7256,458,486
7257,458,445
7258,458,487
7259,458,220
7260,458,361
7261,458,209
7262,458,528
7263,458,460
7264,458,298
7265,458,525
7266,458,349
7267,458,206
7268,458,285
7269,458,448
7270,458,475
7271,458,37
7272,458,225
7273,458,92
7274,458,510
7275,458,455
7276,458,38
7277,458,1
7278,458,504
7279,458,58
7280,458,234
7281,458,461
7282,458,529
7283,458,311
7284,458,165
7285,458,17
7286,458,25
7287,458,11
7288,458,236
7289,458,145
7290,458,213
7291,458,52
7292,458,473
7293,458,45
7294,458,259
7295,458,532
7296,458,557
7297,458,162
7298,458,367
7299,262,483
7300,262,219
7301,262,194
7302,262,350
7303,262,503
7304,262,233
7305,262,554
7306,262,113
7307,262,520
7308,262,240
7309,262,0
7310,262,381
7311,262,98
7312,262,74
7313,262,245
7314,262,512
7315,262,273
7316,262,60
7317,262,326
7318,262,268
7319,262,53
7320,262,63
7321,262,189
7322,262,332
7323,262,544
7324,262,228
7325,262,489
7326,262,373
7327,262,380
7328,262,202
7329,262,250
7330,262,514
7331,262,211
7332,262,175
7333,262,51
7334,262,550
7335,262,79
7336,262,281
7337,262,13
7338,262,466
7339,262,31
7340,262,218
7341,262,305
7342,262,409
7343,262,286
7344,262,357
7345,262,508
7346,262,287
7347,262,264
7348,262,423
7349,262,254
7350,262,420
7351,262,174
7352,262,62
7353,262,149
7354,262,292
7355,262,100
7356,262,47
7357,262,492
7358,262,382
7359,262,467
7360,262,32
7361,262,431
7362,262,541
7363,262,406
7364,262,313
7365,262,434
7366,262,511
7367,262,171
7368,262,309
7369,262,290
7370,262,545
7371,262,513
7372,262,385
7373,262,38
7374,262,396
7375,262,453
7376,262,163
7377,262,325
7378,262,205
7379,262,167
7380,262,220
7381,262,425
7382,262,201
7383,262,392
7384,262,553
7385,262,157
7386,262,473
7387,262,7
7388,262,463
7389,262,521
7390,262,461
7391,262,319
7392,262,193
7393,262,108
7394,262,403
7395,262,356
7396,262,65
7397,262,83
7398,501,134
7399,501,395
7400,501,353
7401,501,439
7402,501,516
7403,501,266
7404,501,53
7405,501,26
7406,501,235
7407,501,86
7408,501,293
7409,501,491
7410,501,33
7411,501,407
7412,501,185
7413,501,403
7414,501,420
7415,501,47
7416,501,268
7417,501,363
7418,501,111
7419,501,230
7420,501,286
7421,501,430
7422,501,414
7423,501,257
7424,501,371
7425,501,485
7426,501,178
7427,501,269
7428,501,198
7429,501,509
7430,501,520
7431,501,251
7432,501,35
7433,501,98
7434,501,93
7435,501,482
7436,501,6
7437,501,44
7438,501,74
7439,501,54
7440,501,484
7441,501,163
7442,501,467
7443,501,402
7444,501,167
7445,501,272
7446,501,172
7447,501,9
7448,501,409
7449,501,175
7450,501,83
7451,501,82
7452,501,539
7453,501,348
7454,501,426
7455,501,68
7456,501,246
7457,501,215
7458,501,149
7459,501,51
7460,501,361
7461,501,540
7462,501,528
7463,501,331
7464,501,34
7465,501,554
7466,501,324
7467,501,116
7468,501,385
7469,501,555
7470,501,218
7471,501,458
7472,501,17
7473,501,0
7474,501,137
7475,501,169
7476,501,486
7477,501,508
7478,501,453
7479,501,336
7480,501,248
7481,501,8
7482,501,113
7483,501,307
7484,501,547
7485,501,199
7486,501,151
7487,501,382
7488,501,339
7489,501,31
7490,501,121
7491,501,480
7492,501,159
7493,501,186
7494,501,141
7495,501,457
7496,501,410
7497,501,338
7498,501,139
7499,501,261
7500,501,256
7501,501,22
7502,501,240
7503,501,356
7504,501,99
7505,501,241
7506,501,351
7507,501,308
7508,501,433
7509,501,374
7510,501,514
7511,501,112
7512,501,117
7513,501,330
7514,501,425
7515,501,87
7516,501,168
7517,501,470
7518,501,488
7519,501,288
7520,501,211
7521,501,254
7522,501,481
7523,501,445
7524,501,153
7525,501,212
7526,501,550
7527,501,464
7528,501,326
7529,501,66
7530,501,1
7531,501,362
7532,501,320
7533,501,103
7534,501,236
7535,501,88
7536,501,530
7537,501,379
7538,501,157
7539,501,263
7540,501,7
7541,501,38
7542,501,489
7543,501,396
7544,501,226
7545,501,204
7546,501,79
7547,501,192
7548,501,176
7549,501,321
7550,501,380
7551,501,146
7552,501,273
7553,501,133
7554,501,183
7555,501,427
7556,501,36
7557,501,59
7558,501,423
7559,501,234
7560,501,533
7561,501,483
7562,501,394
7563,501,492
7564,501,13
7565,501,154
7566,501,451
7567,501,63
7568,501,219
7569,501,299
7570,501,118
7571,501,274
7572,501,317
7573,501,545
7574,501,143
7575,501,447
7576,501,515
7577,501,132
7578,501,20
7579,501,452
7580,501,329
7581,501,495
7582,501,152
7583,501,148
7584,501,546
7585,501,220
7586,501,210
7587,501,287
7588,501,503
7589,501,42
7590,501,223
7591,501,135
7592,501,265
7593,501,472
7594,501,276
7595,501,557
7596,501,416
7597,501,194
7598,501,260
7599,501,109
7600,501,373
7601,501,85
7602,501,213
7603,501,312
7604,501,119
7605,501,12
7606,501,245
7607,501,238
7608,501,142
7609,501,404
7610,501,67
7611,501,376
7612,501,179
7613,501,466
7614,501,305
7615,501,189
7616,501,306
7617,501,551
7618,501,144
7619,501,91
7620,501,224
7621,501,335
7622,501,181
7623,501,292
7624,501,441
7625,501,114
7626,501,527
7627,501,332
7628,501,325
7629,501,62
7630,501,281
7631,501,364
7632,501,334
7633,501,131
7634,501,459
7635,501,476
7636,501,313
7637,501,72
7638,501,378
7639,501,391
7640,501,61
7641,501,398
7642,501,202
7643,501,58
7644,501,477
7645,501,173
7646,501,431
7647,501,300
7648,501,264
7649,501,504
7650,501,171
7651,501,496
7652,501,184
7653,501,502
7654,501,4
7655,501,383
7656,501,448
7657,501,229
7658,501,43
7659,501,80
7660,501,350
7661,501,432
7662,501,76
7663,501,369
7664,501,328
7665,501,60
7666,501,549
7667,501,534
7668,501,342
7669,501,138
7670,501,311
7671,501,32
7672,501,107
7673,501,438
7674,501,70
7675,501,543
7676,501,200
7677,501,255
7678,501,387
7679,501,544
7680,501,123
7681,501,370
7682,501,541
7683,501,408
7684,501,252
7685,501,145
7686,501,29
7687,501,71
7688,501,357
7689,501,519
7690,501,315
7691,501,435
7692,501,225
7693,501,233
7694,501,191
7695,501,522
7696,501,511
7697,501,390
7698,501,129
7699,501,298
7700,501,258
7701,501,166
7702,501,57
7703,501,102
7704,501,65
7705,501,228
7706,501,197
7707,501,552
7708,501,389
7709,501,465
7710,501,14
7711,501,333
7712,501,120
7713,501,524
7714,501,455
7715,501,526
7716,501,259
7717,501,507
7718,501,39
7719,501,344
7720,501,294
7721,501,437
7722,501,399
7723,501,460
7724,501,319
7725,501,417
7726,501,497
7727,501,187
7728,501,188
7729,501,449
7730,501,78
7731,501,56
7732,501,419
7733,501,50
7734,501,525
7735,501,456
7736,501,349
7737,501,473
7738,501,303
7739,501,343
7740,501,327
7741,501,165
7742,501,367
7743,501,140
7744,501,24
7745,501,195
7746,501,196
7747,501,537
7748,501,392
7749,501,108
7750,16,53
7751,16,63
7752,16,318
7753,16,473
7754,107,53
7755,107,63
7756,13,249
7757,13,28
7758,13,214
7759,13,553
7760,13,304
7761,13,71
7762,13,48
7763,13,454
7764,13,388
7765,13,515
7766,13,41
7767,13,190
7768,13,244
7769,13,410
7770,13,320
7771,13,406
7772,13,479
7773,13,556
7774,13,411
7775,13,53
7776,13,70
7777,13,151
7778,13,115
7779,13,136
7780,13,144
7781,13,349
7782,13,384
7783,13,207
7784,13,114
7785,13,359
7786,13,291
7787,13,500
7788,13,231
7789,13,237
7790,13,386
7791,13,404
7792,13,122
7793,13,153
7794,13,188
7795,13,499
7796,13,537
7797,13,312
7798,13,232
7799,13,293
7800,13,275
7801,13,497
7802,13,508
7803,13,199
7804,13,49
7805,13,97
7806,13,418
7807,13,205
7808,13,106
7809,13,213
7810,13,104
7811,13,535
7812,13,177
7813,13,310
7814,13,302
7815,13,226
7816,13,18
7817,13,424
7818,13,481
7819,13,517
7820,13,439
7821,13,351
7822,13,465
7823,13,377
7824,13,523
7825,13,480
7826,13,548
7827,13,130
7828,13,257
7829,13,422
7830,13,227
7831,13,463
7832,13,222
7833,13,183
7834,13,353
7835,13,493
7836,13,347
7837,13,282
7838,13,250
7839,13,513
7840,13,362
7841,13,419
7842,13,308
7843,13,486
7844,13,128
7845,13,340
7846,13,180
7847,13,482
7848,13,171
7849,13,110
7850,13,182
7851,13,83
7852,13,193
7853,13,90
7854,13,555
7855,13,536
7856,13,15
7857,13,67
7858,13,42
7859,13,181
7860,13,334
7861,13,475
7862,13,102
7863,13,442
7864,13,365
7865,13,389
7866,13,162
7867,13,137
7868,13,528
7869,13,450
7870,13,262
7871,13,552
7872,13,64
7873,13,428
7874,13,78
7875,13,191
7876,13,524
7877,13,124
7878,13,140
7879,13,519
7880,13,112
7881,13,252
7882,13,444
7883,13,379
7884,13,129
7885,13,135
7886,13,371
7887,13,346
7888,13,324
7889,13,551
7890,13,333
7891,13,292
7892,13,203
7893,13,395
7894,13,415
7895,13,540
7896,13,263
7897,13,194
7898,13,55
7899,13,4
7900,13,63
7901,13,74
7902,13,407
7903,13,485
7904,13,417
7905,13,527
7906,13,413
7907,13,134
7908,13,369
7909,13,385
7910,13,408
7911,13,274
7912,13,335
7913,13,6
7914,13,62
7915,13,488
7916,13,220
7917,13,305
7918,13,33
7919,13,352
7920,13,86
7921,13,103
7922,13,355
7923,13,185
7924,13,105
7925,13,163
7926,13,235
7927,13,443
7928,13,449
7929,13,120
7930,13,516
7931,13,82
7932,13,211
7933,13,297
7934,13,21
7935,13,409
7936,13,502
7937,13,370
7938,13,169
7939,13,2
7940,13,437
7941,13,434
7942,13,51
7943,13,378
7944,13,17
7945,13,57
7946,13,550
7947,13,206
7948,13,402
7949,13,160
7950,13,219
7951,13,56
7952,13,143
7953,13,554
7954,13,526
7955,13,358
7956,13,432
7957,13,87
7958,13,285
7959,13,354
7960,13,152
7961,13,68
7962,13,400
7963,13,429
7964,13,433
7965,13,150
7966,13,253
7967,13,545
7968,13,531
7969,13,368
7970,13,290
7971,13,357
7972,13,251
7973,13,156
7974,13,238
7975,13,509
7976,13,230
7977,13,23
7978,13,246
7979,13,341
7980,13,76
7981,13,173
7982,13,491
7983,13,139
7984,13,272
7985,13,264
7986,13,544
7987,13,380
7988,13,80
7989,13,98
7990,13,318
7991,13,241
7992,13,387
7993,13,423
7994,13,236
7995,13,477
7996,13,73
7997,13,468
7998,13,84
7999,13,539
8000,13,96
8001,13,247
8002,13,50
8003,13,111
8004,13,32
8005,13,27
8006,13,328
8007,13,460
8008,13,39
8009,13,176
8010,13,94
8011,13,161
8012,13,221
8013,13,530
8014,13,149
8015,13,511
8016,13,117
8017,13,259
8018,13,228
8019,13,166
8020,13,332
8021,13,446
8022,13,361
8023,13,44
8024,13,273
8025,13,447
8026,13,392
8027,13,268
8028,13,148
8029,13,159
8030,13,12
8031,13,506
8032,13,520
8033,13,435
8034,13,360
8035,13,256
8036,13,453
8037,13,192
8038,13,59
8039,13,43
8040,13,69
8041,13,543
8042,13,99
8043,13,0
8044,13,401
8045,13,338
8046,13,109
8047,13,93
8048,13,448
8049,13,309
8050,13,489
8051,13,141
8052,13,313
8053,13,170
8054,13,396
8055,13,34
8056,13,113
8057,13,492
8058,13,390
8059,13,420
8060,13,336
8061,13,456
8062,13,289
8063,13,534
8064,13,7
8065,13,54
8066,13,350
8067,13,167
8068,13,158
8069,13,184
8070,13,19
8071,13,472
8072,13,457
8073,13,29
8074,13,322
8075,13,212
8076,13,11
8077,13,525
8078,13,265
8079,13,490
8080,13,363
8081,13,327
8082,13,271
8083,13,186
8084,13,383
8085,13,476
8086,13,245
8087,13,126
8088,13,317
8089,13,381
8090,13,8
8091,13,254
8092,13,303
8093,13,127
8094,13,299
8095,13,504
8096,13,281
8097,13,430
8098,13,223
8099,13,164
8100,13,421
8101,13,266
8102,13,331
8103,13,175
8104,13,35
8105,13,10
8106,13,179
8107,13,474
8108,13,403
8109,13,459
8110,13,438
8111,13,287
8112,13,512
8113,13,427
8114,13,549
8115,13,31
8116,13,414
8117,13,210
8118,13,529
8119,13,218
8120,13,20
8121,13,189
8122,13,300
8123,13,47
8124,13,546
8125,13,373
8126,13,364
8127,13,495
8128,13,279
8129,13,470
8130,13,501
8131,13,204
8132,13,77
8133,13,107
8134,13,466
8135,13,16
8136,13,547
8137,13,276
8138,13,464
8139,13,270
8140,13,425
8141,13,514
8142,13,374
8143,13,344
8144,13,330
8145,13,467
8146,13,286
8147,13,36
8148,13,319
8149,13,507
8150,13,316
8151,13,209
8152,13,95
8153,13,431
8154,13,452
8155,13,146
8156,13,45
8157,13,367
8158,13,224
8159,13,121
8160,13,85
8161,13,108
8162,13,342
8163,112,289
8164,112,463
8165,112,245
8166,112,53
8167,112,18
8168,112,104
8169,112,279
8170,112,286
8171,112,492
8172,112,281
8173,112,103
8174,112,268
8175,112,431
8176,112,60
8177,112,544
8178,112,293
8179,112,384
8180,112,396
8181,112,189
8182,112,510
8183,112,459
8184,112,164
8185,112,410
8186,112,287
8187,112,549
8188,112,215
8189,112,343
8190,112,512
8191,112,362
8192,112,484
8193,112,227
8194,112,309
8195,112,550
8196,112,476
8197,112,368
8198,112,218
8199,112,441
8200,112,79
8201,112,317
8202,112,379
8203,112,480
8204,112,292
8205,112,219
8206,112,467
8207,112,297
8208,112,329
8209,112,393
8210,112,327
8211,112,520
8212,112,430
8213,112,464
8214,112,205
8215,112,258
8216,112,461
8217,112,12
8218,112,82
8219,112,273
8220,112,33
8221,112,391
8222,112,554
8223,112,545
8224,112,322
8225,112,78
8226,112,167
8227,112,383
8228,112,128
8229,112,272
8230,112,416
8231,112,118
8232,112,471
8233,112,66
8234,112,108
8235,112,193
8236,112,360
8237,112,74
8238,112,359
8239,112,291
8240,112,8
8241,112,138
8242,112,417
8243,112,24
8244,112,130
8245,112,326
8246,112,256
8247,112,32
8248,112,123
8249,112,394
8250,112,105
8251,112,2
8252,112,210
8253,112,198
8254,112,30
8255,112,370
8256,112,373
8257,112,65
8258,112,114
8259,112,333
8260,112,120
8261,112,119
8262,112,109
8263,112,175
8264,112,254
8265,112,145
8266,112,532
8267,112,72
8268,112,98
8269,112,197
8270,112,202
8271,112,264
8272,112,148
8273,112,194
8274,112,266
8275,112,457
8276,112,503
8277,112,10
8278,112,363
8279,112,169
8280,112,201
8281,112,90
8282,112,306
8283,112,336
8284,112,226
8285,112,406
8286,112,51
8287,112,496
8288,112,381
8289,112,313
8290,112,382
8291,112,514
8292,112,199
8293,112,149
8294,112,141
8295,112,116
8296,112,208
8297,112,47
8298,112,166
8299,112,541
8300,112,437
8301,112,380
8302,112,453
8303,112,331
8304,112,450
8305,112,0
8306,112,39
8307,112,521
8308,112,26
8309,112,212
8310,112,491
8311,112,269
8312,112,139
8313,112,185
8314,112,438
8315,112,93
8316,112,495
8317,112,332
8318,112,460
8319,112,475
8320,112,348
8321,112,211
8322,112,113
8323,112,265
8324,112,136
8325,112,9
8326,112,242
8327,112,31
8328,112,385
8329,112,546
8330,112,20
8331,112,92
8332,112,302
8333,112,71
8334,112,248
8335,112,107
8336,112,14
8337,112,117
8338,112,4
8339,112,250
8340,112,159
8341,112,534
8342,112,502
8343,112,392
8344,112,311
8345,112,483
8346,112,507
8347,112,63
8348,112,305
8349,112,509
8350,112,447
8351,112,207
8352,112,43
8353,112,38
8354,112,319
8355,112,241
8356,112,6
8357,112,426
8358,112,91
8359,112,516
8360,112,235
8361,112,540
8362,112,527
8363,112,553
8364,112,288
8365,112,481
8366,112,479
8367,112,132
8368,112,353
8369,112,398
8370,112,429
8371,112,35
8372,112,174
8373,112,100
8374,112,59
8375,112,428
8376,112,511
8377,112,341
8378,112,157
8379,112,143
8380,112,17
8381,112,445
8382,112,240
8383,112,525
8384,112,307
8385,112,342
8386,112,172
8387,112,15
8388,112,95
8389,112,153
8390,112,390
8391,112,176
8392,112,387
8393,112,222
8394,112,61
8395,112,543
8396,112,184
8397,112,315
8398,112,133
8399,112,203
8400,112,29
8401,112,223
8402,112,344
8403,112,267
8404,112,62
8405,112,209
8406,112,529
8407,112,330
8408,112,419
8409,112,301
8410,112,488
8411,112,324
8412,112,77
8413,112,501
8414,112,204
8415,112,451
8416,112,402
8417,112,178
8418,112,444
8419,112,230
8420,112,81
8421,112,334
8422,112,13
8423,112,85
8424,112,357
8425,112,349
8426,112,455
8427,112,259
8428,112,347
8429,112,533
8430,112,321
8431,112,356
8432,112,482
8433,112,224
8434,112,5
8435,112,87
8436,112,225
8437,112,135
8438,112,140
8439,112,236
8440,112,228
8441,112,49
8442,112,152
8443,112,34
8444,112,244
8445,112,530
8446,112,473
8447,112,16
8448,112,425
8449,112,1
8450,112,499
8451,112,192
8452,112,513
8453,112,485
8454,112,434
8455,112,489
8456,112,181
8457,112,424
8458,112,316
8459,112,420
8460,112,146
8461,112,271
8462,112,25
8463,112,361
8464,112,504
8465,112,270
8466,112,142
8467,112,325
8468,112,524
8469,112,300
8470,112,275
8471,112,137
8472,112,477
8473,112,500
8474,112,163
8475,112,519
8476,112,427
8477,112,28
8478,112,318
8479,112,515
8480,112,487
8481,112,355
8482,112,548
8483,112,276
8484,112,247
8485,112,134
8486,112,364
8487,112,474
8488,112,83
8489,112,539
8490,112,535
8491,112,262
8492,112,371
8493,112,298
8494,112,68
8495,112,414
8496,112,36
8497,112,466
8498,112,234
8499,112,154
8500,112,436
8501,112,320
8502,112,168
8503,112,200
8504,112,106
8505,112,403
8506,112,190
8507,112,180
8508,112,386
8509,112,399
8510,112,423
8511,112,173
8512,112,111
8513,112,395
8514,112,456
8515,112,285
8516,112,97
8517,112,388
8518,112,237
8519,112,76
8520,112,160
8521,112,312
8522,112,435
8523,112,129
8524,112,177
8525,112,557
8526,112,80
8527,112,421
8528,112,376
8529,112,346
8530,112,354
8531,112,216
8532,112,338
8533,112,352
8534,112,206
8535,112,233
8536,112,67
8537,112,295
8538,112,238
8539,112,251
8540,112,299
8541,112,493
8542,112,369
8543,112,439
8544,112,246
8545,112,155
8546,112,261
8547,112,84
8548,112,308
8549,112,7
8550,112,472
8551,112,42
8552,112,37
8553,112,165
8554,112,340
8555,112,442
8556,112,124
8557,112,217
8558,112,58
8559,112,290
8560,112,536
8561,112,506
8562,112,213
8563,112,537
8564,112,448
8565,112,44
8566,112,232
8567,112,547
8568,112,186
8569,112,151
8570,112,179
8571,112,409
8572,112,229
8573,112,408
8574,112,257
8575,112,147
8576,112,170
8577,112,538
8578,112,339
8579,112,220
8580,112,69
8581,112,64
8582,112,446
8583,112,397
8584,112,45
8585,112,345
8586,112,350
8587,112,88
8588,112,187
8589,112,413
8590,112,375
8591,112,452
8592,112,468
8593,112,57
8594,112,412
8595,112,294
8596,112,70
8597,112,21
8598,112,41
8599,112,150
8600,112,470
8601,112,358
8602,112,310
8603,112,555
8604,112,556
8605,112,411
8606,112,404
8607,112,183
8608,112,171
8609,112,161
8610,112,121
8611,112,337
8612,112,328
8613,112,517
8614,112,27
8615,112,304
8616,112,469
8617,112,377
8618,112,22
8619,112,542
8620,112,52
8621,112,249
8622,112,253
8623,112,415
8624,112,50
8625,112,552
8626,112,158
8627,112,465
8628,112,418
8629,112,366
8630,112,486
8631,112,449
8632,112,263
8633,112,231
8634,112,367
8635,112,497
8636,112,400
8637,112,102
8638,112,255
8639,112,528
8640,112,323
8641,112,23
8642,112,260
8643,112,335
8644,112,56
8645,112,389
8646,112,48
8647,112,162
8648,112,462
8649,112,378
8650,112,144
8651,112,284
8652,112,195
8653,112,351
8654,112,126
8655,112,443
8656,279,53
8657,279,463
8658,279,313
8659,279,63
8660,279,118
8661,279,350
8662,279,309
8663,279,456
8664,279,61
8665,279,322
8666,279,82
8667,279,26
8668,279,264
8669,279,8
8670,279,189
8671,279,341
8672,279,205
8673,279,208
8674,279,383
8675,279,121
8676,279,13
8677,279,286
8678,279,368
8679,279,281
8680,279,544
8681,279,342
8682,279,51
8683,279,363
8684,279,491
8685,279,83
8686,279,9
8687,279,476
8688,279,503
8689,279,81
8690,279,370
8691,279,520
8692,279,266
8693,279,0
8694,279,204
8695,279,245
8696,279,107
8697,279,338
8698,279,467
8699,279,117
8700,279,464
8701,279,336
8702,279,317
8703,279,530
8704,279,545
8705,279,227
8706,279,104
8707,279,230
8708,279,265
8709,279,554
8710,279,210
8711,279,31
8712,279,534
8713,279,507
8714,279,60
8715,279,318
8716,279,32
8717,279,471
8718,279,292
8719,279,74
8720,279,254
8721,279,448
8722,279,109
8723,279,289
8724,279,116
8725,279,77
8726,279,511
8727,279,488
8728,279,468
8729,279,113
8730,279,154
8731,279,396
8732,279,181
8733,279,269
8734,279,87
8735,279,393
8736,279,276
8737,279,98
8738,279,394
8739,279,256
8740,279,10
8741,279,474
8742,279,470
8743,279,344
8744,279,167
8745,279,156
8746,279,91
8747,279,417
8748,279,487
8749,279,29
8750,279,457
8751,279,300
8752,279,223
8753,279,80
8754,279,123
8755,279,178
8756,279,261
8757,279,430
8758,279,482
8759,279,273
8760,279,484
8761,279,34
8762,279,379
8763,279,492
8764,279,391
8765,279,4
8766,279,137
8767,279,325
8768,279,129
8769,279,33
8770,279,486
8771,279,416
8772,279,47
8773,279,12
8774,279,142
8775,279,228
8776,279,219
8777,279,234
8778,279,119
8779,279,16
8780,279,538
8781,279,11
8782,279,140
8783,279,351
8784,279,441
8785,279,307
8786,279,305
8787,279,519
8788,279,412
8789,279,73
8790,279,21
8791,279,440
8792,279,68
8793,279,502
8794,279,357
8795,279,247
8796,279,251
8797,279,466
8798,279,330
8799,279,334
8800,279,159
8801,279,149
8802,279,270
8803,279,477
8804,279,387
8805,279,206
8806,279,480
8807,279,481
8808,279,198
8809,279,188
8810,279,437
8811,279,106
8812,279,557
8813,279,495
8814,279,272
8815,279,79
8816,279,315
8817,279,39
8818,279,414
8819,279,442
8820,279,6
8821,279,445
8822,279,231
8823,279,173
8824,279,144
8825,279,175
8826,279,22
8827,279,509
8828,279,248
8829,279,402
8830,279,465
8831,279,397
8832,279,489
8833,279,550
8834,279,403
8835,279,95
8836,279,132
8837,279,306
8838,279,155
8839,279,152
8840,279,169
8841,279,37
8842,279,157
8843,279,331
8844,279,260
8845,279,506
8846,279,552
8847,279,438
8848,279,212
8849,279,232
8850,279,69
8851,279,65
8852,279,194
8853,279,458
8854,279,297
8855,279,406
8856,279,527
8857,279,510
8858,279,496
8859,279,293
8860,279,262
8861,279,499
8862,279,92
8863,279,504
8864,279,528
8865,279,93
8866,279,43
8867,279,203
8868,279,218
8869,279,420
8870,279,425
8871,279,431
8872,279,243
8873,279,85
8874,279,451
8875,279,160
8876,279,200
8877,279,529
8878,279,358
8879,279,174
8880,279,427
8881,279,359
8882,279,291
8883,279,398
8884,279,401
8885,279,112
8886,279,418
8887,279,555
8888,279,453
8889,279,100
8890,279,128
8891,279,146
8892,279,111
8893,279,179
8894,279,17
8895,279,86
8896,279,349
8897,279,551
8898,279,236
8899,279,452
8900,279,177
8901,279,472
8902,279,240
8903,279,141
8904,279,533
8905,279,429
8906,279,267
8907,279,133
8908,279,526
8909,279,346
8910,279,460
8911,279,517
8912,279,328
8913,279,355
8914,279,432
8915,279,556
8916,279,52
8917,279,546
8918,279,252
8919,279,411
8920,279,258
8921,279,171
8922,279,337
8923,279,84
8924,279,501
8925,279,96
8926,279,410
8927,279,352
8928,279,333
8929,279,176
8930,279,207
8931,279,235
8932,279,44
8933,279,151
8934,279,361
8935,279,422
8936,279,15
8937,279,7
8938,279,62
8939,279,103
8940,279,268
8941,279,164
8942,279,288
8943,279,543
8944,279,42
8945,279,413
8946,279,435
8947,279,120
8948,279,320
8949,279,399
8950,279,378
8951,279,5
8952,279,57
8953,279,332
8954,279,362
8955,279,447
8956,279,49
8957,279,90
8958,279,380
8959,279,136
8960,279,497
8961,279,163
8962,279,392
8963,279,523
8964,279,2
8965,279,407
8966,279,521
8967,279,381
8968,279,371
8969,279,257
8970,279,215
8971,279,143
8972,279,548
8973,279,50
8974,279,110
8975,279,312
8976,279,535
8977,279,114
8978,279,246
8979,279,185
8980,279,158
8981,279,162
8982,279,299
8983,279,536
8984,279,54
8985,279,426
8986,279,23
8987,279,500
8988,279,282
8989,279,516
8990,279,364
8991,279,259
8992,279,374
8993,279,244
8994,279,287
8995,279,124
8996,279,233
8997,279,335
8998,279,38
8999,279,229
9000,279,353
9001,279,455
9002,279,220
9003,279,439
9004,279,226
9005,279,172
9006,279,222
9007,279,20
9008,279,88
9009,279,542
9010,279,130
9011,279,186
9012,279,479
9013,279,539
9014,279,485
9015,279,354
9016,279,45
9017,279,3
9018,279,64
9019,279,18
9020,279,183
9021,279,327
9022,279,211
9023,279,449
9024,279,326
9025,279,99
9026,279,166
9027,279,134
9028,279,41
9029,279,408
9030,279,409
9031,279,434
9032,279,384
9033,279,182
9034,279,419
9035,279,373
9036,279,139
9037,279,490
9038,279,89
9039,279,553
9040,279,274
9041,279,153
9042,279,549
9043,279,193
9044,279,78
9045,279,237
9046,279,213
9047,279,180
9048,279,28
9049,279,191
9050,279,35
9051,279,30
9052,279,459
9053,279,275
9054,279,148
9055,279,345
9056,279,59
9057,279,115
9058,279,444
9059,279,131
9060,279,67
9061,279,462
9062,279,400
9063,279,540
9064,279,421
9065,279,395
9066,279,214
9067,279,209
9068,279,241
9069,279,475
9070,279,541
9071,279,310
9072,279,199
9073,279,58
9074,279,389
9075,279,27
9076,279,385
9077,279,253
9078,279,433
9079,279,202
9080,279,19
9081,279,290
9082,279,56
9083,279,150
9084,279,48
9085,279,184
9086,279,25
9087,279,321
9088,279,55
9089,279,70
9090,279,404
9091,279,525
9092,279,382
9093,279,302
9094,279,1
9095,279,284
9096,279,263
9097,279,294
9098,279,168
9099,279,308
9100,279,195
9101,279,423
9102,279,514
9103,279,36
9104,279,190
9105,279,102
9106,279,369
9107,279,537
9108,279,547
9109,279,524
9110,279,97
9111,279,388
9112,279,366
9113,279,66
9114,279,170
9115,279,365
9116,279,225
9117,279,192
9118,279,304
9119,279,515
9120,279,348
9121,279,454
9122,279,461
9123,279,285
9124,279,255
9125,279,161
9126,279,356
9127,279,347
9128,279,201
9129,279,224
9130,279,340
9131,279,329
9132,279,94
9133,279,483
9134,279,238
9135,279,303
9136,279,513
9137,279,216
9138,279,145
9139,279,71
9140,279,493
9141,279,271
9142,279,339
9143,279,323
9144,279,14
9145,279,249
9146,279,197
9147,279,360
9148,279,324
9149,279,473
9150,279,428
9151,279,76
9152,279,122
9153,279,376
9154,279,405
9155,279,343
9156,279,138
9157,279,72
9158,11,53
9159,11,149
9160,11,30
9161,11,47
9162,11,512
9163,11,197
9164,11,467
9165,11,463
9166,11,318
9167,11,520
9168,11,63
9169,11,44
9170,11,383
9171,11,544
9172,11,344
9173,11,357
9174,11,202
9175,11,218
9176,11,509
9177,11,392
9178,11,154
9179,11,167
9180,11,250
9181,11,108
9182,11,521
9183,11,228
9184,11,65
9185,11,141
9186,11,516
9187,11,193
9188,11,249
9189,529,394
9190,529,326
9191,529,265
9192,529,176
9193,529,441
9194,529,134
9195,529,75
9196,529,398
9197,529,491
9198,529,357
9199,529,546
9200,529,467
9201,529,158
9202,529,12
9203,529,311
9204,529,223
9205,529,51
9206,529,490
9207,529,162
9208,529,342
9209,529,464
9210,529,72
9211,529,35
9212,529,381
9213,529,81
9214,163,443
9215,163,383
9216,121,251
9217,121,6
9218,121,138
9219,121,500
9220,121,147
9221,121,507
9222,121,515
9223,121,291
9224,121,359
9225,121,486
9226,121,331
9227,121,339
9228,121,313
9229,121,551
9230,121,467
9231,121,162
9232,121,411
9233,121,254
9234,121,146
9235,121,318
9236,121,499
9237,121,34
9238,121,391
9239,121,51
9240,121,420
9241,121,263
9242,121,118
9243,121,409
9244,121,100
9245,121,286
9246,121,322
9247,121,74
9248,121,388
9249,121,276
9250,121,193
9251,121,238
9252,121,329
9253,121,493
9254,121,50
9255,121,374
9256,121,538
9257,121,440
9258,121,461
9259,121,381
9260,121,154
9261,121,143
9262,121,357
9263,121,351
9264,121,112
9265,121,354
9266,121,335
9267,121,449
9268,121,372
9269,121,82
9270,10,296
9271,10,377
9272,10,443
9273,10,28
9274,10,500
9275,10,515
9276,10,291
9277,10,359
9278,10,486
9279,10,384
9280,10,244
9281,10,310
9282,10,71
9283,10,418
9284,10,424
9285,10,450
9286,10,105
9287,10,162
9288,10,213
9289,10,499
9290,10,302
9291,10,406
9292,10,475
9293,10,115
9294,10,479
9295,10,304
9296,10,386
9297,10,388
9298,10,275
9299,10,122
9300,10,153
9301,10,193
9302,10,188
9303,10,497
9304,10,222
9305,10,237
9306,10,508
9307,214,378
9308,214,253
9309,214,285
9310,214,526
9311,214,251
9312,214,6
9313,214,495
9314,214,126
9315,214,451
9316,214,356
9317,214,413
9318,214,227
9319,214,443
9320,214,28
9321,214,509
9322,214,320
9323,214,194
9324,214,506
9325,214,216
9326,214,371
9327,214,359
9328,214,360
9329,214,328
9330,214,151
9331,214,177
9332,214,56
9333,214,60
9334,214,207
9335,214,422
9336,214,244
9337,214,324
9338,214,407
9339,214,83
9340,214,14
9341,214,4
9342,214,204
9343,214,466
9344,214,313
9345,214,315
9346,214,92
9347,214,71
9348,214,548
9349,214,108
9350,214,551
9351,214,278
9352,214,162
9353,214,453
9354,214,48
9355,214,111
9356,214,469
9357,214,267
9358,214,266
9359,214,89
9360,214,484
9361,214,327
9362,214,366
9363,214,499
9364,214,231
9365,214,179
9366,214,350
9367,214,438
9368,214,368
9369,214,247
9370,214,45
9371,214,522
9372,214,260
9373,214,365
9374,214,281
9375,214,427
9376,214,149
9377,214,468
9378,214,460
9379,214,283
9380,214,225
9381,214,256
9382,214,409
9383,214,406
9384,214,338
9385,214,389
9386,214,88
9387,214,475
9388,214,184
9389,214,513
9390,214,210
9391,214,235
9392,214,349
9393,214,115
9394,214,19
9395,214,76
9396,214,123
9397,214,490
9398,214,226
9399,214,98
9400,214,243
9401,214,275
9402,214,31
9403,214,153
9404,214,547
9405,214,242
9406,214,419
9407,214,130
9408,214,188
9409,214,305
9410,214,514
9411,214,482
9412,214,3
9413,214,164
9414,214,374
9415,214,22
9416,214,8
9417,214,465
9418,214,134
9419,214,239
9420,214,538
9421,214,433
9422,214,116
9423,214,440
9424,214,501
9425,214,155
9426,214,166
9427,214,357
9428,214,421
9429,214,351
9430,214,13
9431,214,288
9432,214,354
9433,214,23
9434,214,182
9435,214,439
9436,214,301
9437,214,152
9438,214,335
9439,214,209
9440,214,157
9441,214,145
9442,214,200
9443,214,234
9444,214,233
9445,214,15
9446,214,457
9447,214,470
9448,214,96
9449,214,372
9450,214,362
9451,214,120
9452,214,400
9453,214,127
9454,214,124
9455,214,221
9456,214,54
9457,214,57
9458,300,296
9459,300,443
9460,45,358
9461,45,141
9462,45,239
9463,45,192
9464,45,27
9465,45,397
9466,45,505
9467,263,550
9468,263,148
9469,263,495
9470,263,377
9471,263,437
9472,263,290
9473,263,443
9474,263,500
9475,263,259
9476,263,215
9477,263,9
9478,263,291
9479,263,359
9480,263,280
9481,263,196
9482,263,384
9483,263,324
9484,263,14
9485,263,361
9486,263,208
9487,263,52
9488,263,183
9489,263,450
9490,263,105
9491,263,162
9492,263,267
9493,263,323
9494,263,176
9495,263,89
9496,263,499
9497,263,488
9498,263,365
9499,263,35
9500,263,283
9501,263,406
9502,263,475
9503,263,513
9504,263,115
9505,263,19
9506,263,479
9507,263,454
9508,263,304
9509,263,386
9510,263,243
9511,263,275
9512,263,153
9513,263,130
9514,263,493
9515,263,250
9516,263,262
9517,263,381
9518,263,16
9519,263,143
9520,263,295
9521,263,237
9522,263,25
9523,263,233
9524,263,372
9525,263,400
9526,263,127
9527,263,57
9528,19,85
9529,19,6
9530,19,495
9531,19,356
9532,19,5
9533,19,38
9534,19,383
9535,19,509
9536,19,215
9537,19,33
9538,19,371
9539,19,507
9540,19,121
9541,19,133
9542,19,486
9543,19,60
9544,19,331
9545,19,240
9546,19,204
9547,19,342
9548,19,339
9549,19,300
9550,19,131
9551,19,52
9552,19,548
9553,19,108
9554,19,545
9555,19,551
9556,19,160
9557,19,554
9558,19,323
9559,19,266
9560,19,491
9561,19,89
9562,19,484
9563,19,423
9564,19,350
9565,19,488
9566,19,391
9567,19,247
9568,19,427
9569,19,51
9570,19,355
9571,19,468
9572,19,321
9573,19,256
9574,19,382
9575,19,487
9576,19,496
9577,19,103
9578,19,21
9579,19,309
9580,19,210
9581,19,235
9582,19,286
9583,19,512
9584,19,322
9585,19,519
9586,19,17
9587,19,74
9588,19,159
9589,19,490
9590,19,543
9591,19,98
9592,19,232
9593,19,276
9594,19,243
9595,19,393
9596,19,329
9597,19,483
9598,19,305
9599,19,174
9600,19,79
9601,19,341
9602,19,516
9603,19,265
9604,19,534
9605,19,3
9606,19,164
9607,19,374
9608,19,538
9609,19,230
9610,19,262
9611,19,381
9612,19,501
9613,19,16
9614,19,155
9615,19,93
9616,19,143
9617,19,504
9618,19,357
9619,19,13
9620,19,245
9621,19,521
9622,19,189
9623,19,223
9624,19,158
9625,19,37
9626,19,397
9627,19,224
9628,19,363
9629,19,175
9630,19,400
9631,19,246
9632,512,494
9633,512,125
9634,512,101
9635,512,126
9636,512,296
9637,512,424
9638,512,115
9639,512,490
9640,512,404
9641,512,461
9642,512,537
9643,512,23
9644,512,200
9645,512,390
9646,512,40
9647,512,96
9648,512,400
9649,512,124
9650,512,221
9651,544,480
9652,544,296
9653,544,377
9654,544,227
9655,544,249
9656,544,443
9657,544,28
9658,544,541
9659,544,515
9660,544,291
9661,544,359
9662,544,207
9663,544,384
9664,544,310
9665,544,71
9666,544,548
9667,544,424
9668,544,450
9669,544,105
9670,544,162
9671,544,499
9672,544,302
9673,544,406
9674,544,475
9675,544,115
9676,544,479
9677,544,454
9678,544,304
9679,544,386
9680,544,388
9681,544,275
9682,544,122
9683,544,153
9684,544,419
9685,544,193
9686,544,188
9687,544,203
9688,544,497
9689,544,222
9690,544,237
9691,544,508
9692,30,101
9693,30,126
9694,30,500
9695,30,259
9696,30,121
9697,30,156
9698,30,360
9699,30,422
9700,30,244
9701,30,361
9702,30,214
9703,30,183
9704,30,411
9705,30,499
9706,30,99
9707,30,247
9708,30,406
9709,30,115
9710,30,454
9711,30,485
9712,30,130
9713,30,404
9714,30,539
9715,30,18
9716,30,433
9717,30,436
9718,30,395
9719,30,27
9720,30,449
9721,30,40
9722,30,96
9723,30,372
9724,30,221
9725,250,550
9726,250,494
9727,250,526
9728,250,292
9729,250,380
9730,250,126
9731,250,451
9732,250,32
9733,250,356
9734,250,47
9735,250,139
9736,250,287
9737,250,290
9738,250,443
9739,250,320
9740,250,552
9741,250,259
9742,250,163
9743,250,216
9744,250,371
9745,250,507
9746,250,46
9747,250,540
9748,250,384
9749,250,244
9750,250,10
9751,250,284
9752,250,310
9753,250,361
9754,250,55
9755,250,86
9756,250,358
9757,250,466
9758,250,52
9759,250,551
9760,250,150
9761,250,136
9762,250,467
9763,250,160
9764,250,48
9765,250,111
9766,250,266
9767,250,89
9768,250,366
9769,250,528
9770,250,438
9771,250,343
9772,250,488
9773,250,477
9774,250,45
9775,250,379
9776,250,51
9777,250,420
9778,250,149
9779,250,263
9780,250,35
9781,250,468
9782,250,283
9783,250,140
9784,250,409
9785,250,202
9786,250,201
9787,250,277
9788,250,309
9789,250,115
9790,250,399
9791,250,19
9792,250,80
9793,250,322
9794,250,444
9795,250,519
9796,250,17
9797,250,392
9798,250,490
9799,250,525
9800,250,388
9801,250,39
9802,250,275
9803,250,122
9804,250,345
9805,250,153
9806,250,430
9807,250,242
9808,250,393
9809,250,248
9810,250,336
9811,250,188
9812,250,514
9813,250,30
9814,250,297
9815,250,482
9816,250,341
9817,250,455
9818,250,50
9819,250,141
9820,250,516
9821,250,241
9822,250,429
9823,250,3
9824,250,538
9825,250,81
9826,250,252
9827,250,230
9828,250,53
9829,250,527
9830,250,417
9831,250,381
9832,250,16
9833,250,155
9834,250,143
9835,250,357
9836,250,436
9837,250,537
9838,250,542
9839,250,161
9840,250,112
9841,250,129
9842,250,511
9843,250,181
9844,250,11
9845,250,158
9846,250,152
9847,250,492
9848,250,414
9849,250,145
9850,250,489
9851,250,42
9852,250,390
9853,250,325
9854,250,463
9855,250,142
9856,250,127
9857,250,124
9858,22,378
9859,22,495
9860,22,296
9861,22,290
9862,22,59
9863,22,320
9864,22,194
9865,22,33
9866,22,371
9867,22,446
9868,22,156
9869,22,486
9870,22,207
9871,22,165
9872,22,244
9873,22,407
9874,22,128
9875,22,55
9876,22,214
9877,22,131
9878,22,467
9879,22,144
9880,22,48
9881,22,452
9882,22,366
9883,22,405
9884,22,394
9885,22,247
9886,22,420
9887,22,149
9888,22,35
9889,22,468
9890,22,406
9891,22,21
9892,22,286
9893,22,115
9894,22,19
9895,22,269
9896,22,173
9897,22,392
9898,22,159
9899,22,543
9900,22,39
9901,22,122
9902,22,345
9903,22,393
9904,22,102
9905,22,193
9906,22,188
9907,22,174
9908,22,297
9909,22,341
9910,22,510
9911,22,538
9912,22,18
9913,22,252
9914,22,461
9915,22,458
9916,22,107
9917,22,537
9918,22,351
9919,22,416
9920,22,73
9921,22,354
9922,22,511
9923,22,412
9924,22,233
9925,22,40
9926,22,363
9927,22,124
9928,22,508
9929,81,268
9930,81,126
9931,81,32
9932,81,47
9933,81,296
9934,81,413
9935,81,437
9936,81,443
9937,81,500
9938,81,147
9939,81,383
9940,81,445
9941,81,259
9942,81,33
9943,81,156
9944,81,291
9945,81,167
9946,81,280
9947,81,196
9948,81,331
9949,81,128
9950,81,284
9951,81,55
9952,81,358
9953,81,466
9954,81,90
9955,81,300
9956,81,348
9957,81,52
9958,81,162
9959,81,267
9960,81,89
9961,81,104
9962,81,488
9963,81,99
9964,81,247
9965,81,45
9966,81,51
9967,81,355
9968,81,468
9969,81,255
9970,81,140
9971,81,256
9972,81,117
9973,81,264
9974,81,19
9975,81,444
9976,81,74
9977,81,485
9978,81,39
9979,81,275
9980,81,430
9981,81,493
9982,81,30
9983,81,297
9984,81,50
9985,81,317
9986,81,538
9987,81,312
9988,81,18
9989,81,461
9990,81,381
9991,81,222
9992,81,155
9993,81,357
9994,81,352
9995,81,152
9996,81,476
9997,81,234
9998,81,15
9999,81,505
10000,81,470
10001,81,447
10002,81,372
10003,81,127
10004,81,82
10005,13,296
10006,13,339
10007,13,89
10008,13,505
