,TF,Target
0,45,931
1,45,1213
2,45,548
3,45,1280
4,45,717
5,45,913
6,45,201
7,45,599
8,45,1352
9,45,210
10,45,1439
11,45,864
12,45,1420
13,45,1204
14,45,327
15,45,1066
16,45,374
17,45,1425
18,45,1297
19,45,1435
20,45,859
21,45,540
22,45,1194
23,45,134
24,45,396
25,45,709
26,45,1138
27,45,1133
28,45,262
29,45,96
30,45,456
31,45,1400
32,45,81
33,45,1062
34,45,927
35,45,841
36,45,884
37,45,437
38,45,28
39,45,731
40,45,1192
41,45,338
42,45,367
43,45,970
44,45,1154
45,45,196
46,45,307
47,45,1230
48,45,649
49,45,582
50,45,654
51,45,1176
52,45,768
53,45,371
54,45,462
55,45,755
56,45,149
57,45,1173
58,45,205
59,45,1197
60,45,432
61,45,1135
62,45,272
63,45,247
64,45,312
65,45,364
66,45,573
67,45,909
68,45,1025
69,45,862
70,45,1311
71,45,1075
72,45,263
73,45,840
74,45,373
75,45,126
76,45,780
77,45,1444
78,45,685
79,45,960
80,45,660
81,45,231
82,45,605
83,45,634
84,45,1222
85,45,422
86,45,981
87,45,473
88,45,64
89,45,1413
90,45,652
91,45,54
92,45,20
93,45,621
94,45,1183
95,1283,638
96,1283,555
97,1283,1213
98,1283,360
99,1283,1007
100,1283,1272
101,1283,325
102,1283,1454
103,1283,332
104,1283,548
105,1283,1280
106,1283,717
107,1283,1357
108,1283,1080
109,1283,759
110,1283,623
111,1283,754
112,1283,66
113,1283,728
114,1283,18
115,1283,201
116,1283,1211
117,1283,599
118,1283,1130
119,1283,1322
120,1283,219
121,1283,877
122,1283,838
123,1283,153
124,1283,489
125,1283,1063
126,1283,702
127,1283,445
128,1283,1242
129,1283,210
130,1283,229
131,1283,835
132,1283,410
133,1283,716
134,1283,95
135,1283,1210
136,1283,917
137,1283,976
138,1283,579
139,1283,254
140,1283,1306
141,1283,603
142,1283,1204
143,1283,327
144,1283,1405
145,1283,1066
146,1283,248
147,1283,374
148,1283,1257
149,1283,225
150,1283,656
151,1283,553
152,1283,223
153,1283,1425
154,1283,1188
155,1283,232
156,1283,311
157,1283,663
158,1283,70
159,1283,314
160,1283,1195
161,1283,88
162,1283,421
163,1283,1435
164,1283,958
165,1283,597
166,1283,859
167,1283,585
168,1283,478
169,1283,40
170,1283,277
171,1283,1134
172,1283,1361
173,1283,544
174,1283,1194
175,1283,134
176,1283,556
177,1283,860
178,1283,125
179,1283,162
180,1283,1334
181,1283,588
182,1283,709
183,1283,549
184,1283,1220
185,1283,304
186,1283,1179
187,1283,116
188,1283,1133
189,1283,1026
190,1283,1151
191,1283,806
192,1283,262
193,1283,595
194,1283,1010
195,1283,96
196,1283,147
197,1283,456
198,1283,81
199,1283,790
200,1283,1107
201,1283,1062
202,1283,841
203,1283,884
204,1283,437
205,1283,923
206,1283,55
207,1283,763
208,1283,1106
209,1283,17
210,1283,1071
211,1283,376
212,1283,388
213,1283,1192
214,1283,724
215,1283,721
216,1283,1093
217,1283,296
218,1283,606
219,1283,395
220,1283,968
221,1283,698
222,1283,338
223,1283,997
224,1283,970
225,1283,1018
226,1283,196
227,1283,307
228,1283,1230
229,1283,822
230,1283,732
231,1283,452
232,1283,357
233,1283,649
234,1283,1032
235,1283,260
236,1283,664
237,1283,582
238,1283,1254
239,1283,287
240,1283,745
241,1283,1333
242,1283,1273
243,1283,1410
244,1283,654
245,1283,1394
246,1283,86
247,1283,1164
248,1283,371
249,1283,938
250,1283,1438
251,1283,845
252,1283,1290
253,1283,980
254,1283,755
255,1283,428
256,1283,900
257,1283,186
258,1283,629
259,1283,983
260,1283,947
261,1283,1173
262,1283,1078
263,1283,205
264,1283,413
265,1283,199
266,1283,378
267,1283,1056
268,1283,117
269,1283,499
270,1283,1148
271,1283,676
272,1283,1197
273,1283,432
274,1283,195
275,1283,568
276,1283,272
277,1283,688
278,1283,447
279,1283,802
280,1283,25
281,1283,819
282,1283,334
283,1283,247
284,1283,586
285,1283,962
286,1283,133
287,1283,1163
288,1283,364
289,1283,550
290,1283,573
291,1283,909
292,1283,862
293,1283,712
294,1283,1311
295,1283,1432
296,1283,263
297,1283,1343
298,1283,1417
299,1283,840
300,1283,1141
301,1283,842
302,1283,780
303,1283,215
304,1283,528
305,1283,1259
306,1283,1449
307,1283,1225
308,1283,867
309,1283,1057
310,1283,1253
311,1283,1291
312,1283,685
313,1283,992
314,1283,1031
315,1283,960
316,1283,660
317,1283,231
318,1283,1304
319,1283,1060
320,1283,583
321,1283,102
322,1283,446
323,1283,1222
324,1283,31
325,1283,422
326,1283,389
327,1283,646
328,1283,981
329,1283,918
330,1283,1421
331,1283,1430
332,1283,170
333,1283,404
334,1283,1413
335,1283,1235
336,1283,652
337,1283,9
338,1283,1219
339,1283,54
340,1283,140
341,1283,749
342,66,508
343,66,639
344,66,1093
345,66,1148
346,66,1441
347,66,1222
348,365,1074
349,365,638
350,365,331
351,365,1213
352,365,1007
353,365,115
354,365,325
355,365,57
356,365,876
357,365,684
358,365,1454
359,365,919
360,365,1068
361,365,1181
362,365,1119
363,365,564
364,365,1280
365,365,717
366,365,925
367,365,1080
368,365,759
369,365,623
370,365,747
371,365,66
372,365,279
373,365,365
374,365,728
375,365,18
376,365,306
377,365,201
378,365,1201
379,365,1211
380,365,161
381,365,599
382,365,1344
383,365,1208
384,365,1130
385,365,1322
386,365,73
387,365,369
388,365,838
389,365,153
390,365,551
391,365,833
392,365,1450
393,365,1063
394,365,702
395,365,316
396,365,445
397,365,590
398,365,1347
399,365,1439
400,365,410
401,365,779
402,365,716
403,365,197
404,365,1210
405,365,1337
406,365,976
407,365,525
408,365,241
409,365,579
410,365,809
411,365,434
412,365,661
413,365,864
414,365,254
415,365,1420
416,365,1306
417,365,1204
418,365,327
419,365,1405
420,365,1455
421,365,1066
422,365,626
423,365,248
424,365,374
425,365,625
426,365,225
427,365,766
428,365,1145
429,365,656
430,365,567
431,365,693
432,365,1425
433,365,753
434,365,1297
435,365,232
436,365,602
437,365,311
438,365,408
439,365,663
440,365,70
441,365,314
442,365,1195
443,365,88
444,365,1437
445,365,421
446,365,1435
447,365,958
448,365,859
449,365,642
450,365,478
451,365,203
452,365,1136
453,365,29
454,365,1134
455,365,222
456,365,431
457,365,1361
458,365,134
459,365,1364
460,365,539
461,365,535
462,365,860
463,365,313
464,365,125
465,365,162
466,365,348
467,365,758
468,365,665
469,365,850
470,365,265
471,365,588
472,365,709
473,365,5
474,365,549
475,365,1220
476,365,932
477,365,308
478,365,1055
479,365,304
480,365,1126
481,365,1179
482,365,184
483,365,1138
484,365,288
485,365,116
486,365,1133
487,365,1026
488,365,1151
489,365,565
490,365,262
491,365,534
492,365,893
493,365,639
494,365,810
495,365,317
496,365,595
497,365,1010
498,365,96
499,365,147
500,365,456
501,365,345
502,365,81
503,365,558
504,365,67
505,365,841
506,365,1005
507,365,511
508,365,884
509,365,437
510,365,923
511,365,55
512,365,28
513,365,536
514,365,1106
515,365,17
516,365,463
517,365,1071
518,365,392
519,365,1345
520,365,376
521,365,388
522,365,100
523,365,1192
524,365,353
525,365,724
526,365,1093
527,365,606
528,365,1320
529,365,395
530,365,968
531,365,956
532,365,698
533,365,338
534,365,367
535,365,1237
536,365,1018
537,365,1154
538,365,292
539,365,1061
540,365,196
541,365,1331
542,365,1339
543,365,774
544,365,711
545,365,165
546,365,1003
547,365,307
548,365,1230
549,365,822
550,365,852
551,365,221
552,365,732
553,365,452
554,365,649
555,365,619
556,365,1032
557,365,260
558,365,664
559,365,143
560,365,582
561,365,384
562,365,1246
563,365,745
564,365,226
565,365,1333
566,365,707
567,365,1040
568,365,1143
569,365,1410
570,365,1028
571,365,1394
572,365,208
573,365,8
574,365,86
575,365,896
576,365,233
577,365,703
578,365,1142
579,365,768
580,365,371
581,365,938
582,365,1380
583,365,1438
584,365,1407
585,365,845
586,365,1290
587,365,44
588,365,1092
589,365,980
590,365,755
591,365,1042
592,365,428
593,365,900
594,365,186
595,365,899
596,365,691
597,365,629
598,365,734
599,365,149
600,365,1054
601,365,947
602,365,1013
603,365,1173
604,365,342
605,365,419
606,365,1078
607,365,300
608,365,413
609,365,199
610,365,417
611,365,378
612,365,1056
613,365,117
614,365,476
615,365,405
616,365,1148
617,365,676
618,365,1065
619,365,432
620,365,793
621,365,272
622,365,163
623,365,273
624,365,1441
625,365,802
626,365,577
627,365,819
628,365,283
629,365,560
630,365,1433
631,365,334
632,365,1153
633,365,247
634,365,3
635,365,962
636,365,695
637,365,294
638,365,1226
639,365,364
640,365,494
641,365,751
642,365,818
643,365,786
644,365,999
645,365,550
646,365,573
647,365,909
648,365,1311
649,365,379
650,365,1432
651,365,1277
652,365,1446
653,365,1075
654,365,738
655,365,263
656,365,1417
657,365,957
658,365,1156
659,365,840
660,365,60
661,365,373
662,365,678
663,365,821
664,365,1095
665,365,842
666,365,780
667,365,1038
668,365,501
669,365,1259
670,365,264
671,365,1449
672,365,409
673,365,662
674,365,581
675,365,611
676,365,538
677,365,164
678,365,1292
679,365,1057
680,365,477
681,365,801
682,365,1444
683,365,608
684,365,1291
685,365,685
686,365,660
687,365,231
688,365,1304
689,365,1060
690,365,583
691,365,102
692,365,605
693,365,984
694,365,1110
695,365,110
696,365,58
697,365,446
698,365,1222
699,365,422
700,365,42
701,365,389
702,365,1268
703,365,981
704,365,748
705,365,1351
706,365,918
707,365,733
708,365,1421
709,365,1430
710,365,170
711,365,473
712,365,1372
713,365,979
714,365,808
715,365,64
716,365,404
717,365,815
718,365,1235
719,365,652
720,365,1219
721,365,782
722,365,1289
723,365,658
724,365,886
725,365,1325
726,365,140
727,365,749
728,365,436
729,365,20
730,365,346
731,365,1183
732,728,19
733,728,1454
734,728,919
735,728,1068
736,728,1255
737,728,717
738,728,1080
739,728,913
740,728,201
741,728,1070
742,728,1344
743,728,1208
744,728,1322
745,728,153
746,728,1352
747,728,833
748,728,513
749,728,411
750,728,1293
751,728,590
752,728,1439
753,728,1210
754,728,976
755,728,525
756,728,1306
757,728,1202
758,728,693
759,728,311
760,728,663
761,728,963
762,728,527
763,728,1310
764,728,478
765,728,1361
766,728,134
767,728,860
768,728,1334
769,728,396
770,728,709
771,728,5
772,728,1138
773,728,1133
774,728,700
775,728,1151
776,728,456
777,728,927
778,728,704
779,728,1207
780,728,884
781,728,644
782,728,437
783,728,923
784,728,1106
785,728,1345
786,728,1192
787,728,721
788,728,606
789,728,968
790,728,146
791,728,997
792,728,970
793,728,196
794,728,1331
795,728,711
796,728,221
797,728,619
798,728,384
799,728,1415
800,728,176
801,728,1410
802,728,233
803,728,938
804,728,1380
805,728,44
806,728,496
807,728,980
808,728,991
809,728,1054
810,728,1041
811,728,107
812,728,199
813,728,1045
814,728,802
815,728,819
816,728,283
817,728,1243
818,728,1324
819,728,1392
820,728,494
821,728,1321
822,728,172
823,728,1301
824,728,1057
825,728,960
826,728,1060
827,728,446
828,728,1222
829,728,422
830,728,646
831,728,1268
832,728,981
833,728,1351
834,728,1421
835,728,1430
836,728,170
837,728,473
838,728,979
839,728,1235
840,728,9
841,728,1183
842,18,1074
843,18,638
844,18,726
845,18,1213
846,18,360
847,18,1007
848,18,115
849,18,876
850,18,1454
851,18,919
852,18,564
853,18,1280
854,18,717
855,18,925
856,18,623
857,18,1283
858,18,279
859,18,365
860,18,728
861,18,18
862,18,306
863,18,201
864,18,1211
865,18,599
866,18,1344
867,18,1208
868,18,1322
869,18,219
870,18,838
871,18,551
872,18,1450
873,18,1063
874,18,702
875,18,445
876,18,590
877,18,410
878,18,80
879,18,383
880,18,95
881,18,917
882,18,976
883,18,624
884,18,241
885,18,579
886,18,434
887,18,157
888,18,864
889,18,1306
890,18,603
891,18,1204
892,18,327
893,18,1066
894,18,626
895,18,248
896,18,374
897,18,250
898,18,656
899,18,92
900,18,567
901,18,1425
902,18,79
903,18,508
904,18,6
905,18,311
906,18,408
907,18,663
908,18,70
909,18,1195
910,18,1437
911,18,421
912,18,958
913,18,512
914,18,642
915,18,120
916,18,277
917,18,1136
918,18,29
919,18,540
920,18,222
921,18,1361
922,18,1194
923,18,1364
924,18,539
925,18,441
926,18,860
927,18,313
928,18,162
929,18,348
930,18,758
931,18,850
932,18,1120
933,18,598
934,18,588
935,18,709
936,18,1128
937,18,5
938,18,549
939,18,1220
940,18,1179
941,18,1138
942,18,288
943,18,116
944,18,1133
945,18,700
946,18,1151
947,18,275
948,18,565
949,18,262
950,18,788
951,18,534
952,18,810
953,18,317
954,18,595
955,18,96
956,18,147
957,18,456
958,18,1400
959,18,566
960,18,356
961,18,67
962,18,68
963,18,1062
964,18,841
965,18,1108
966,18,884
967,18,923
968,18,672
969,18,28
970,18,536
971,18,1106
972,18,1071
973,18,392
974,18,1345
975,18,1192
976,18,353
977,18,1348
978,18,724
979,18,1093
980,18,296
981,18,606
982,18,216
983,18,1369
984,18,968
985,18,956
986,18,338
987,18,367
988,18,109
989,18,1018
990,18,1061
991,18,366
992,18,196
993,18,483
994,18,1339
995,18,1239
996,18,521
997,18,711
998,18,1230
999,18,335
1000,18,732
1001,18,452
1002,18,357
1003,18,649
1004,18,619
1005,18,1032
1006,18,260
1007,18,664
1008,18,1254
1009,18,879
1010,18,1132
1011,18,226
1012,18,1368
1013,18,1333
1014,18,385
1015,18,1273
1016,18,1143
1017,18,1410
1018,18,1394
1019,18,8
1020,18,86
1021,18,777
1022,18,768
1023,18,938
1024,18,1380
1025,18,1407
1026,18,1229
1027,18,845
1028,18,1290
1029,18,44
1030,18,354
1031,18,980
1032,18,755
1033,18,428
1034,18,900
1035,18,186
1036,18,899
1037,18,691
1038,18,629
1039,18,149
1040,18,1173
1041,18,342
1042,18,1078
1043,18,1014
1044,18,300
1045,18,413
1046,18,199
1047,18,378
1048,18,1056
1049,18,117
1050,18,1148
1051,18,676
1052,18,1309
1053,18,1065
1054,18,1197
1055,18,793
1056,18,568
1057,18,1135
1058,18,272
1059,18,163
1060,18,273
1061,18,1441
1062,18,99
1063,18,802
1064,18,577
1065,18,819
1066,18,1433
1067,18,334
1068,18,3
1069,18,962
1070,18,294
1071,18,1226
1072,18,955
1073,18,1163
1074,18,364
1075,18,494
1076,18,751
1077,18,818
1078,18,526
1079,18,909
1080,18,1025
1081,18,1383
1082,18,862
1083,18,1311
1084,18,1432
1085,18,1277
1086,18,1446
1087,18,1075
1088,18,738
1089,18,263
1090,18,1343
1091,18,1328
1092,18,1417
1093,18,60
1094,18,678
1095,18,821
1096,18,126
1097,18,1095
1098,18,1141
1099,18,842
1100,18,1038
1101,18,528
1102,18,1259
1103,18,264
1104,18,1301
1105,18,867
1106,18,581
1107,18,611
1108,18,538
1109,18,164
1110,18,1292
1111,18,1057
1112,18,477
1113,18,801
1114,18,608
1115,18,1291
1116,18,685
1117,18,190
1118,18,1031
1119,18,699
1120,18,231
1121,18,315
1122,18,1060
1123,18,102
1124,18,605
1125,18,1110
1126,18,634
1127,18,680
1128,18,446
1129,18,1222
1130,18,31
1131,18,422
1132,18,1022
1133,18,646
1134,18,616
1135,18,1268
1136,18,981
1137,18,1351
1138,18,918
1139,18,933
1140,18,1421
1141,18,1430
1142,18,170
1143,18,473
1144,18,979
1145,18,667
1146,18,64
1147,18,404
1148,18,571
1149,18,1235
1150,18,652
1151,18,9
1152,18,1219
1153,18,782
1154,18,54
1155,18,78
1156,18,741
1157,18,886
1158,18,1325
1159,18,749
1160,18,436
1161,18,1362
1162,18,1183
1163,201,638
1164,201,931
1165,201,331
1166,201,1213
1167,201,684
1168,201,19
1169,201,332
1170,201,1068
1171,201,548
1172,201,1354
1173,201,1280
1174,201,717
1175,201,759
1176,201,623
1177,201,66
1178,201,365
1179,201,728
1180,201,18
1181,201,913
1182,201,201
1183,201,599
1184,201,1344
1185,201,576
1186,201,34
1187,201,1063
1188,201,204
1189,201,316
1190,201,445
1191,201,1242
1192,201,1293
1193,201,922
1194,201,298
1195,201,590
1196,201,1439
1197,201,1398
1198,201,976
1199,201,809
1200,201,1358
1201,201,661
1202,201,524
1203,201,254
1204,201,1420
1205,201,1204
1206,201,327
1207,201,1405
1208,201,433
1209,201,374
1210,201,1202
1211,201,1391
1212,201,225
1213,201,656
1214,201,92
1215,201,553
1216,201,602
1217,201,311
1218,201,663
1219,201,1286
1220,201,1437
1221,201,421
1222,201,1435
1223,201,958
1224,201,859
1225,201,585
1226,201,502
1227,201,642
1228,201,478
1229,201,277
1230,201,1136
1231,201,450
1232,201,540
1233,201,1134
1234,201,1361
1235,201,134
1236,201,843
1237,201,127
1238,201,125
1239,201,162
1240,201,348
1241,201,665
1242,201,1334
1243,201,280
1244,201,396
1245,201,598
1246,201,588
1247,201,709
1248,201,549
1249,201,1077
1250,201,1179
1251,201,116
1252,201,1133
1253,201,1026
1254,201,328
1255,201,1151
1256,201,737
1257,201,985
1258,201,262
1259,201,810
1260,201,547
1261,201,595
1262,201,131
1263,201,147
1264,201,456
1265,201,566
1266,201,345
1267,201,1048
1268,201,558
1269,201,68
1270,201,1062
1271,201,927
1272,201,841
1273,201,437
1274,201,832
1275,201,55
1276,201,536
1277,201,1106
1278,201,848
1279,201,1071
1280,201,392
1281,201,376
1282,201,1192
1283,201,742
1284,201,101
1285,201,721
1286,201,1093
1287,201,1320
1288,201,216
1289,201,146
1290,201,698
1291,201,338
1292,201,367
1293,201,997
1294,201,970
1295,201,1018
1296,201,1154
1297,201,366
1298,201,196
1299,201,1331
1300,201,483
1301,201,1239
1302,201,363
1303,201,307
1304,201,1230
1305,201,335
1306,201,732
1307,201,452
1308,201,613
1309,201,1043
1310,201,649
1311,201,1032
1312,201,260
1313,201,664
1314,201,708
1315,201,1246
1316,201,87
1317,201,879
1318,201,745
1319,201,226
1320,201,1368
1321,201,1333
1322,201,1410
1323,201,1193
1324,201,654
1325,201,1217
1326,201,856
1327,201,451
1328,201,1394
1329,201,208
1330,201,1180
1331,201,233
1332,201,1164
1333,201,768
1334,201,371
1335,201,414
1336,201,1229
1337,201,1000
1338,201,1290
1339,201,687
1340,201,1092
1341,201,496
1342,201,462
1343,201,1266
1344,201,980
1345,201,14
1346,201,755
1347,201,1042
1348,201,900
1349,201,186
1350,201,829
1351,201,691
1352,201,578
1353,201,659
1354,201,629
1355,201,734
1356,201,983
1357,201,342
1358,201,1078
1359,201,417
1360,201,394
1361,201,378
1362,201,1056
1363,201,1159
1364,201,188
1365,201,668
1366,201,117
1367,201,1148
1368,201,1197
1369,201,432
1370,201,568
1371,201,1135
1372,201,688
1373,201,163
1374,201,447
1375,201,1441
1376,201,802
1377,201,819
1378,201,283
1379,201,799
1380,201,1433
1381,201,1153
1382,201,247
1383,201,294
1384,201,133
1385,201,537
1386,201,955
1387,201,1324
1388,201,1163
1389,201,1370
1390,201,364
1391,201,98
1392,201,494
1393,201,297
1394,201,167
1395,201,390
1396,201,550
1397,201,573
1398,201,909
1399,201,1064
1400,201,1175
1401,201,1311
1402,201,1432
1403,201,1446
1404,201,1075
1405,201,263
1406,201,1343
1407,201,840
1408,201,60
1409,201,373
1410,201,1141
1411,201,842
1412,201,780
1413,201,1038
1414,201,479
1415,201,501
1416,201,1030
1417,201,1449
1418,201,1225
1419,201,1301
1420,201,662
1421,201,867
1422,201,538
1423,201,1057
1424,201,671
1425,201,1444
1426,201,992
1427,201,190
1428,201,1031
1429,201,960
1430,201,990
1431,201,660
1432,201,803
1433,201,1060
1434,201,530
1435,201,762
1436,201,605
1437,201,58
1438,201,446
1439,201,1222
1440,201,42
1441,201,1022
1442,201,562
1443,201,646
1444,201,641
1445,201,289
1446,201,748
1447,201,171
1448,201,1351
1449,201,918
1450,201,1430
1451,201,170
1452,201,979
1453,201,667
1454,201,64
1455,201,404
1456,201,1413
1457,201,33
1458,201,1235
1459,201,782
1460,201,54
1461,201,886
1462,201,749
1463,201,20
1464,201,621
1465,201,614
1466,201,1183
1467,1211,331
1468,1211,1213
1469,1211,115
1470,1211,57
1471,1211,684
1472,1211,919
1473,1211,1068
1474,1211,47
1475,1211,420
1476,1211,1280
1477,1211,717
1478,1211,759
1479,1211,739
1480,1211,728
1481,1211,306
1482,1211,201
1483,1211,161
1484,1211,1344
1485,1211,1322
1486,1211,551
1487,1211,702
1488,1211,445
1489,1211,922
1490,1211,590
1491,1211,1439
1492,1211,1402
1493,1211,95
1494,1211,917
1495,1211,1029
1496,1211,241
1497,1211,579
1498,1211,661
1499,1211,864
1500,1211,1355
1501,1211,322
1502,1211,1455
1503,1211,1066
1504,1211,248
1505,1211,374
1506,1211,669
1507,1211,656
1508,1211,567
1509,1211,1425
1510,1211,1188
1511,1211,232
1512,1211,111
1513,1211,70
1514,1211,421
1515,1211,958
1516,1211,761
1517,1211,859
1518,1211,431
1519,1211,758
1520,1211,665
1521,1211,850
1522,1211,588
1523,1211,709
1524,1211,713
1525,1211,308
1526,1211,1179
1527,1211,1178
1528,1211,1138
1529,1211,1419
1530,1211,116
1531,1211,1151
1532,1211,806
1533,1211,893
1534,1211,810
1535,1211,317
1536,1211,595
1537,1211,147
1538,1211,456
1539,1211,345
1540,1211,81
1541,1211,1108
1542,1211,28
1543,1211,536
1544,1211,763
1545,1211,1106
1546,1211,1011
1547,1211,1071
1548,1211,392
1549,1211,376
1550,1211,1192
1551,1211,724
1552,1211,1093
1553,1211,296
1554,1211,395
1555,1211,367
1556,1211,109
1557,1211,1339
1558,1211,774
1559,1211,165
1560,1211,1003
1561,1211,307
1562,1211,1230
1563,1211,357
1564,1211,260
1565,1211,1115
1566,1211,582
1567,1211,1294
1568,1211,1295
1569,1211,145
1570,1211,249
1571,1211,654
1572,1211,1394
1573,1211,8
1574,1211,86
1575,1211,896
1576,1211,1164
1577,1211,768
1578,1211,1438
1579,1211,1407
1580,1211,845
1581,1211,1290
1582,1211,980
1583,1211,428
1584,1211,186
1585,1211,497
1586,1211,149
1587,1211,1054
1588,1211,1173
1589,1211,419
1590,1211,1050
1591,1211,413
1592,1211,668
1593,1211,117
1594,1211,476
1595,1211,499
1596,1211,38
1597,1211,195
1598,1211,814
1599,1211,1135
1600,1211,163
1601,1211,273
1602,1211,819
1603,1211,863
1604,1211,255
1605,1211,586
1606,1211,1165
1607,1211,962
1608,1211,294
1609,1211,1226
1610,1211,928
1611,1211,1163
1612,1211,364
1613,1211,987
1614,1211,573
1615,1211,1343
1616,1211,1417
1617,1211,854
1618,1211,528
1619,1211,51
1620,1211,867
1621,1211,1403
1622,1211,1414
1623,1211,276
1624,1211,1292
1625,1211,1057
1626,1211,1253
1627,1211,608
1628,1211,685
1629,1211,1027
1630,1211,960
1631,1211,660
1632,1211,231
1633,1211,583
1634,1211,634
1635,1211,238
1636,1211,1222
1637,1211,1022
1638,1211,562
1639,1211,1351
1640,1211,1430
1641,1211,170
1642,1211,979
1643,1211,1413
1644,1211,652
1645,1211,1325
1646,1211,749
1647,1211,112
1648,161,638
1649,161,1213
1650,161,1272
1651,161,325
1652,161,919
1653,161,351
1654,161,136
1655,161,728
1656,161,201
1657,161,1344
1658,161,551
1659,161,316
1660,161,445
1661,161,679
1662,161,661
1663,161,864
1664,161,982
1665,161,1066
1666,161,374
1667,161,656
1668,161,1425
1669,161,88
1670,161,958
1671,161,859
1672,161,268
1673,161,1364
1674,161,539
1675,161,850
1676,161,265
1677,161,709
1678,161,932
1679,161,308
1680,161,304
1681,161,1126
1682,161,116
1683,161,1151
1684,161,806
1685,161,565
1686,161,810
1687,161,595
1688,161,147
1689,161,456
1690,161,345
1691,161,81
1692,161,558
1693,161,67
1694,161,1062
1695,161,927
1696,161,1106
1697,161,17
1698,161,848
1699,161,1071
1700,161,1345
1701,161,376
1702,161,724
1703,161,1093
1704,161,395
1705,161,338
1706,161,367
1707,161,1154
1708,161,1003
1709,161,1427
1710,161,620
1711,161,1230
1712,161,822
1713,161,852
1714,161,335
1715,161,732
1716,161,452
1717,161,649
1718,161,1032
1719,161,664
1720,161,582
1721,161,385
1722,161,654
1723,161,86
1724,161,1438
1725,161,845
1726,161,1290
1727,161,496
1728,161,980
1729,161,428
1730,161,323
1731,161,149
1732,161,983
1733,161,1173
1734,161,342
1735,161,413
1736,161,199
1737,161,417
1738,161,378
1739,161,117
1740,161,432
1741,161,1135
1742,161,273
1743,161,283
1744,161,3
1745,161,586
1746,161,294
1747,161,1226
1748,161,364
1749,161,494
1750,161,573
1751,161,1025
1752,161,1064
1753,161,263
1754,161,1343
1755,161,1156
1756,161,840
1757,161,382
1758,161,531
1759,161,1292
1760,161,1206
1761,161,190
1762,161,231
1763,161,1060
1764,161,1389
1765,161,102
1766,161,634
1767,161,1222
1768,161,1022
1769,161,981
1770,161,1351
1771,161,1430
1772,161,170
1773,161,808
1774,161,404
1775,161,815
1776,161,436
1777,358,1213
1778,358,325
1779,358,1157
1780,358,57
1781,358,919
1782,358,1068
1783,358,1181
1784,358,548
1785,358,1270
1786,358,564
1787,358,1280
1788,358,1091
1789,358,498
1790,358,136
1791,358,1080
1792,358,365
1793,358,728
1794,358,752
1795,358,438
1796,358,201
1797,358,1067
1798,358,599
1799,358,1344
1800,358,1208
1801,358,838
1802,358,153
1803,358,34
1804,358,1359
1805,358,298
1806,358,835
1807,358,1439
1808,358,1210
1809,358,1398
1810,358,1358
1811,358,661
1812,358,864
1813,358,254
1814,358,982
1815,358,1420
1816,358,1204
1817,358,327
1818,358,374
1819,358,1391
1820,358,225
1821,358,656
1822,358,1341
1823,358,553
1824,358,567
1825,358,1033
1826,358,1297
1827,358,232
1828,358,311
1829,358,527
1830,358,314
1831,358,1435
1832,358,11
1833,358,63
1834,358,450
1835,358,268
1836,358,953
1837,358,193
1838,358,1361
1839,358,134
1840,358,1364
1841,358,556
1842,358,1342
1843,358,665
1844,358,709
1845,358,1128
1846,358,549
1847,358,308
1848,358,4
1849,358,1133
1850,358,696
1851,358,275
1852,358,806
1853,358,262
1854,358,893
1855,358,810
1856,358,336
1857,358,595
1858,358,96
1859,358,456
1860,358,345
1861,358,81
1862,358,558
1863,358,967
1864,358,826
1865,358,67
1866,358,1062
1867,358,1382
1868,358,644
1869,358,37
1870,358,1106
1871,358,1071
1872,358,392
1873,358,486
1874,358,198
1875,358,1174
1876,358,1345
1877,358,376
1878,358,1192
1879,358,724
1880,358,721
1881,358,1093
1882,358,1320
1883,358,587
1884,358,1369
1885,358,698
1886,358,338
1887,358,183
1888,358,367
1889,358,2
1890,358,1018
1891,358,1408
1892,358,366
1893,358,196
1894,358,1331
1895,358,483
1896,358,363
1897,358,774
1898,358,165
1899,358,1003
1900,358,1230
1901,358,1017
1902,358,732
1903,358,613
1904,358,649
1905,358,1032
1906,358,260
1907,358,582
1908,358,1442
1909,358,1246
1910,358,1412
1911,358,1273
1912,358,654
1913,358,1394
1914,358,208
1915,358,233
1916,358,414
1917,358,1200
1918,358,1438
1919,358,797
1920,358,496
1921,358,354
1922,358,980
1923,358,1042
1924,358,428
1925,358,900
1926,358,10
1927,358,659
1928,358,323
1929,358,629
1930,358,149
1931,358,983
1932,358,1173
1933,358,205
1934,358,300
1935,358,413
1936,358,378
1937,358,1056
1938,358,650
1939,358,117
1940,358,676
1941,358,1197
1942,358,793
1943,358,1135
1944,358,1045
1945,358,447
1946,358,273
1947,358,802
1948,358,552
1949,358,819
1950,358,283
1951,358,247
1952,358,695
1953,358,294
1954,358,1226
1955,358,928
1956,358,1324
1957,358,1370
1958,358,364
1959,358,494
1960,358,573
1961,358,909
1962,358,1432
1963,358,1075
1964,358,738
1965,358,263
1966,358,1343
1967,358,1328
1968,358,891
1969,358,1417
1970,358,373
1971,358,875
1972,358,126
1973,358,1095
1974,358,355
1975,358,780
1976,358,1449
1977,358,998
1978,358,1301
1979,358,662
1980,358,867
1981,358,1057
1982,358,685
1983,358,1027
1984,358,1031
1985,358,960
1986,358,660
1987,358,1085
1988,358,231
1989,358,1304
1990,358,1060
1991,358,530
1992,358,102
1993,358,1110
1994,358,110
1995,358,446
1996,358,1222
1997,358,31
1998,358,422
1999,358,616
2000,358,981
2001,358,289
2002,358,748
2003,358,1351
2004,358,918
2005,358,170
2006,358,815
2007,358,1235
2008,358,652
2009,358,749
2010,358,436
2011,358,621
2012,358,1183
2013,599,387
2014,599,638
2015,599,555
2016,599,331
2017,599,726
2018,599,1213
2019,599,360
2020,599,347
2021,599,1007
2022,599,618
2023,599,325
2024,599,1157
2025,599,684
2026,599,302
2027,599,1454
2028,599,919
2029,599,1068
2030,599,548
2031,599,564
2032,599,1280
2033,599,717
2034,599,1091
2035,599,136
2036,599,1080
2037,599,759
2038,599,623
2039,599,1443
2040,599,66
2041,599,365
2042,599,18
2043,599,1116
2044,599,913
2045,599,201
2046,599,1211
2047,599,1373
2048,599,161
2049,599,1428
2050,599,599
2051,599,1344
2052,599,1208
2053,599,576
2054,599,1130
2055,599,1322
2056,599,73
2057,599,838
2058,599,153
2059,599,489
2060,599,34
2061,599,71
2062,599,551
2063,599,1450
2064,599,1063
2065,599,702
2066,599,513
2067,599,316
2068,599,445
2069,599,1242
2070,599,1293
2071,599,922
2072,599,298
2073,599,590
2074,599,1347
2075,599,835
2076,599,1439
2077,599,410
2078,599,627
2079,599,522
2080,599,779
2081,599,716
2082,599,383
2083,599,1402
2084,599,197
2085,599,95
2086,599,976
2087,599,525
2088,599,624
2089,599,241
2090,599,809
2091,599,1358
2092,599,661
2093,599,157
2094,599,1327
2095,599,254
2096,599,1098
2097,599,1420
2098,599,603
2099,599,492
2100,599,1204
2101,599,1198
2102,599,327
2103,599,830
2104,599,1455
2105,599,1066
2106,599,812
2107,599,248
2108,599,374
2109,599,1202
2110,599,1257
2111,599,1391
2112,599,225
2113,599,656
2114,599,92
2115,599,567
2116,599,693
2117,599,106
2118,599,1250
2119,599,79
2120,599,903
2121,599,1265
2122,599,753
2123,599,1188
2124,599,6
2125,599,1297
2126,599,232
2127,599,602
2128,599,311
2129,599,663
2130,599,681
2131,599,314
2132,599,174
2133,599,88
2134,599,1310
2135,599,421
2136,599,1435
2137,599,958
2138,599,761
2139,599,859
2140,599,1162
2141,599,512
2142,599,642
2143,599,478
2144,599,40
2145,599,277
2146,599,450
2147,599,505
2148,599,540
2149,599,1431
2150,599,1006
2151,599,193
2152,599,1361
2153,599,1194
2154,599,134
2155,599,1364
2156,599,539
2157,599,556
2158,599,441
2159,599,127
2160,599,1342
2161,599,860
2162,599,313
2163,599,125
2164,599,348
2165,599,758
2166,599,850
2167,599,468
2168,599,396
2169,599,1024
2170,599,1120
2171,599,598
2172,599,588
2173,599,709
2174,599,46
2175,599,5
2176,599,549
2177,599,1220
2178,599,308
2179,599,304
2180,599,1077
2181,599,546
2182,599,1179
2183,599,993
2184,599,1138
2185,599,288
2186,599,116
2187,599,1133
2188,599,696
2189,599,520
2190,599,1026
2191,599,1151
2192,599,1182
2193,599,275
2194,599,1117
2195,599,565
2196,599,639
2197,599,810
2198,599,336
2199,599,1099
2200,599,317
2201,599,595
2202,599,1010
2203,599,131
2204,599,96
2205,599,147
2206,599,456
2207,599,1312
2208,599,1400
2209,599,566
2210,599,345
2211,599,81
2212,599,1187
2213,599,1048
2214,599,558
2215,599,356
2216,599,148
2217,599,218
2218,599,1316
2219,599,68
2220,599,1062
2221,599,927
2222,599,841
2223,599,1005
2224,599,771
2225,599,644
2226,599,437
2227,599,923
2228,599,536
2229,599,763
2230,599,1106
2231,599,17
2232,599,1020
2233,599,463
2234,599,1071
2235,599,180
2236,599,61
2237,599,1345
2238,599,89
2239,599,388
2240,599,731
2241,599,1192
2242,599,1348
2243,599,724
2244,599,296
2245,599,27
2246,599,606
2247,599,1320
2248,599,216
2249,599,1369
2250,599,968
2251,599,209
2252,599,698
2253,599,338
2254,599,367
2255,599,997
2256,599,970
2257,599,1018
2258,599,1408
2259,599,292
2260,599,366
2261,599,196
2262,599,1331
2263,599,1339
2264,599,1239
2265,599,711
2266,599,165
2267,599,1003
2268,599,307
2269,599,620
2270,599,1230
2271,599,822
2272,599,852
2273,599,221
2274,599,335
2275,599,732
2276,599,452
2277,599,613
2278,599,357
2279,599,649
2280,599,619
2281,599,1032
2282,599,1296
2283,599,260
2284,599,708
2285,599,582
2286,599,15
2287,599,1254
2288,599,1246
2289,599,398
2290,599,879
2291,599,245
2292,599,745
2293,599,226
2294,599,1368
2295,599,1412
2296,599,1333
2297,599,24
2298,599,1410
2299,599,1394
2300,599,1170
2301,599,208
2302,599,545
2303,599,233
2304,599,703
2305,599,1142
2306,599,1164
2307,599,768
2308,599,371
2309,599,938
2310,599,1380
2311,599,1438
2312,599,1019
2313,599,1407
2314,599,1229
2315,599,845
2316,599,1290
2317,599,1092
2318,599,755
2319,599,1042
2320,599,428
2321,599,900
2322,599,899
2323,599,829
2324,599,991
2325,599,10
2326,599,659
2327,599,323
2328,599,629
2329,599,734
2330,599,149
2331,599,939
2332,599,947
2333,599,1173
2334,599,342
2335,599,419
2336,599,1078
2337,599,205
2338,599,413
2339,599,199
2340,599,394
2341,599,378
2342,599,1056
2343,599,650
2344,599,188
2345,599,668
2346,599,117
2347,599,499
2348,599,676
2349,599,1058
2350,599,482
2351,599,1197
2352,599,793
2353,599,568
2354,599,814
2355,599,1135
2356,599,272
2357,599,447
2358,599,273
2359,599,1441
2360,599,802
2361,599,1251
2362,599,76
2363,599,819
2364,599,283
2365,599,402
2366,599,334
2367,599,1153
2368,599,255
2369,599,247
2370,599,1314
2371,599,962
2372,599,312
2373,599,695
2374,599,294
2375,599,1226
2376,599,1243
2377,599,133
2378,599,928
2379,599,1324
2380,599,1163
2381,599,1370
2382,599,364
2383,599,1111
2384,599,892
2385,599,494
2386,599,390
2387,599,818
2388,599,1104
2389,599,550
2390,599,573
2391,599,909
2392,599,1025
2393,599,757
2394,599,1064
2395,599,712
2396,599,1311
2397,599,1432
2398,599,1016
2399,599,1075
2400,599,738
2401,599,263
2402,599,1343
2403,599,1328
2404,599,891
2405,599,1417
2406,599,1156
2407,599,840
2408,599,1426
2409,599,60
2410,599,373
2411,599,678
2412,599,821
2413,599,1321
2414,599,1095
2415,599,1141
2416,599,842
2417,599,355
2418,599,780
2419,599,1038
2420,599,479
2421,599,501
2422,599,528
2423,599,1069
2424,599,1030
2425,599,264
2426,599,1449
2427,599,75
2428,599,409
2429,599,1301
2430,599,662
2431,599,867
2432,599,581
2433,599,276
2434,599,611
2435,599,538
2436,599,164
2437,599,1057
2438,599,93
2439,599,1444
2440,599,519
2441,599,608
2442,599,1291
2443,599,685
2444,599,1027
2445,599,1053
2446,599,960
2447,599,990
2448,599,660
2449,599,803
2450,599,705
2451,599,231
2452,599,1304
2453,599,350
2454,599,1060
2455,599,690
2456,599,166
2457,599,102
2458,599,1144
2459,599,605
2460,599,1313
2461,599,984
2462,599,943
2463,599,680
2464,599,110
2465,599,58
2466,599,446
2467,599,1222
2468,599,422
2469,599,42
2470,599,837
2471,599,646
2472,599,1268
2473,599,805
2474,599,981
2475,599,748
2476,599,1351
2477,599,918
2478,599,733
2479,599,933
2480,599,1421
2481,599,1430
2482,599,170
2483,599,473
2484,599,1372
2485,599,979
2486,599,808
2487,599,667
2488,599,64
2489,599,404
2490,599,571
2491,599,1413
2492,599,33
2493,599,1235
2494,599,652
2495,599,9
2496,599,1219
2497,599,782
2498,599,1289
2499,599,1434
2500,599,886
2501,599,1325
2502,599,749
2503,599,902
2504,599,20
2505,599,621
2506,599,1362
2507,599,872
2508,599,614
2509,599,1183
2510,1344,1074
2511,1344,638
2512,1344,555
2513,1344,931
2514,1344,331
2515,1344,1213
2516,1344,360
2517,1344,347
2518,1344,1007
2519,1344,115
2520,1344,618
2521,1344,706
2522,1344,1287
2523,1344,1272
2524,1344,769
2525,1344,57
2526,1344,361
2527,1344,302
2528,1344,19
2529,1344,1454
2530,1344,919
2531,1344,332
2532,1344,1068
2533,1344,1181
2534,1344,548
2535,1344,1270
2536,1344,564
2537,1344,1280
2538,1344,1255
2539,1344,717
2540,1344,925
2541,1344,136
2542,1344,1357
2543,1344,1080
2544,1344,759
2545,1344,589
2546,1344,1330
2547,1344,739
2548,1344,623
2549,1344,1152
2550,1344,45
2551,1344,1443
2552,1344,1283
2553,1344,727
2554,1344,936
2555,1344,66
2556,1344,279
2557,1344,365
2558,1344,728
2559,1344,18
2560,1344,438
2561,1344,718
2562,1344,118
2563,1344,1116
2564,1344,913
2565,1344,201
2566,1344,1201
2567,1344,1211
2568,1344,448
2569,1344,1387
2570,1344,161
2571,1344,358
2572,1344,1428
2573,1344,599
2574,1344,43
2575,1344,1344
2576,1344,435
2577,1344,1208
2578,1344,1346
2579,1344,576
2580,1344,1130
2581,1344,1322
2582,1344,219
2583,1344,73
2584,1344,877
2585,1344,736
2586,1344,574
2587,1344,838
2588,1344,153
2589,1344,1169
2590,1344,1352
2591,1344,34
2592,1344,1002
2593,1344,71
2594,1344,551
2595,1344,207
2596,1344,833
2597,1344,1450
2598,1344,1063
2599,1344,702
2600,1344,1087
2601,1344,316
2602,1344,445
2603,1344,1242
2604,1344,210
2605,1344,411
2606,1344,475
2607,1344,1293
2608,1344,229
2609,1344,922
2610,1344,298
2611,1344,590
2612,1344,1347
2613,1344,835
2614,1344,1009
2615,1344,1439
2616,1344,1315
2617,1344,627
2618,1344,779
2619,1344,716
2620,1344,80
2621,1344,1216
2622,1344,1363
2623,1344,1402
2624,1344,197
2625,1344,894
2626,1344,679
2627,1344,95
2628,1344,1210
2629,1344,1337
2630,1344,1398
2631,1344,637
2632,1344,976
2633,1344,525
2634,1344,624
2635,1344,604
2636,1344,241
2637,1344,579
2638,1344,809
2639,1344,434
2640,1344,1358
2641,1344,661
2642,1344,1327
2643,1344,254
2644,1344,1098
2645,1344,934
2646,1344,1420
2647,1344,1306
2648,1344,603
2649,1344,492
2650,1344,1204
2651,1344,1336
2652,1344,1198
2653,1344,327
2654,1344,322
2655,1344,1405
2656,1344,114
2657,1344,433
2658,1344,253
2659,1344,1455
2660,1344,1066
2661,1344,812
2662,1344,885
2663,1344,626
2664,1344,248
2665,1344,374
2666,1344,625
2667,1344,669
2668,1344,206
2669,1344,250
2670,1344,1202
2671,1344,1257
2672,1344,1391
2673,1344,225
2674,1344,766
2675,1344,656
2676,1344,92
2677,1344,553
2678,1344,223
2679,1344,567
2680,1344,321
2681,1344,693
2682,1344,847
2683,1344,106
2684,1344,1033
2685,1344,1425
2686,1344,824
2687,1344,1250
2688,1344,643
2689,1344,79
2690,1344,903
2691,1344,1265
2692,1344,753
2693,1344,508
2694,1344,1188
2695,1344,6
2696,1344,1297
2697,1344,232
2698,1344,602
2699,1344,311
2700,1344,408
2701,1344,663
2702,1344,681
2703,1344,963
2704,1344,70
2705,1344,314
2706,1344,1286
2707,1344,174
2708,1344,1195
2709,1344,88
2710,1344,1437
2711,1344,1310
2712,1344,421
2713,1344,1435
2714,1344,958
2715,1344,859
2716,1344,585
2717,1344,1162
2718,1344,258
2719,1344,502
2720,1344,642
2721,1344,478
2722,1344,40
2723,1344,120
2724,1344,1224
2725,1344,1147
2726,1344,277
2727,1344,1136
2728,1344,320
2729,1344,63
2730,1344,450
2731,1344,540
2732,1344,268
2733,1344,1431
2734,1344,1134
2735,1344,222
2736,1344,1006
2737,1344,988
2738,1344,193
2739,1344,1361
2740,1344,544
2741,1344,1194
2742,1344,134
2743,1344,1364
2744,1344,556
2745,1344,441
2746,1344,843
2747,1344,1161
2748,1344,535
2749,1344,127
2750,1344,1342
2751,1344,860
2752,1344,125
2753,1344,162
2754,1344,348
2755,1344,758
2756,1344,665
2757,1344,1334
2758,1344,817
2759,1344,850
2760,1344,468
2761,1344,280
2762,1344,396
2763,1344,265
2764,1344,729
2765,1344,1024
2766,1344,783
2767,1344,791
2768,1344,764
2769,1344,1120
2770,1344,588
2771,1344,709
2772,1344,46
2773,1344,1128
2774,1344,767
2775,1344,1388
2776,1344,5
2777,1344,549
2778,1344,1220
2779,1344,932
2780,1344,915
2781,1344,308
2782,1344,304
2783,1344,1126
2784,1344,1077
2785,1344,546
2786,1344,82
2787,1344,1179
2788,1344,993
2789,1344,184
2790,1344,1178
2791,1344,1138
2792,1344,901
2793,1344,288
2794,1344,116
2795,1344,1133
2796,1344,700
2797,1344,696
2798,1344,1026
2799,1344,1151
2800,1344,1340
2801,1344,1182
2802,1344,275
2803,1344,181
2804,1344,1117
2805,1344,806
2806,1344,565
2807,1344,788
2808,1344,324
2809,1344,1349
2810,1344,893
2811,1344,639
2812,1344,810
2813,1344,547
2814,1344,554
2815,1344,317
2816,1344,595
2817,1344,1010
2818,1344,131
2819,1344,269
2820,1344,96
2821,1344,147
2822,1344,456
2823,1344,1312
2824,1344,1400
2825,1344,566
2826,1344,345
2827,1344,940
2828,1344,81
2829,1344,666
2830,1344,790
2831,1344,1048
2832,1344,558
2833,1344,218
2834,1344,967
2835,1344,67
2836,1344,68
2837,1344,1107
2838,1344,1062
2839,1344,927
2840,1344,841
2841,1344,1005
2842,1344,246
2843,1344,1207
2844,1344,1382
2845,1344,511
2846,1344,617
2847,1344,1108
2848,1344,884
2849,1344,771
2850,1344,846
2851,1344,53
2852,1344,644
2853,1344,437
2854,1344,651
2855,1344,923
2856,1344,832
2857,1344,672
2858,1344,55
2859,1344,28
2860,1344,77
2861,1344,257
2862,1344,763
2863,1344,1106
2864,1344,17
2865,1344,1020
2866,1344,463
2867,1344,1071
2868,1344,392
2869,1344,486
2870,1344,677
2871,1344,1345
2872,1344,722
2873,1344,376
2874,1344,388
2875,1344,965
2876,1344,731
2877,1344,1192
2878,1344,353
2879,1344,742
2880,1344,1348
2881,1344,724
2882,1344,91
2883,1344,101
2884,1344,721
2885,1344,1093
2886,1344,296
2887,1344,474
2888,1344,27
2889,1344,1338
2890,1344,341
2891,1344,606
2892,1344,1320
2893,1344,216
2894,1344,395
2895,1344,1369
2896,1344,968
2897,1344,146
2898,1344,698
2899,1344,338
2900,1344,183
2901,1344,367
2902,1344,966
2903,1344,518
2904,1344,997
2905,1344,318
2906,1344,970
2907,1344,109
2908,1344,600
2909,1344,243
2910,1344,1018
2911,1344,1408
2912,1344,1154
2913,1344,292
2914,1344,1061
2915,1344,366
2916,1344,196
2917,1344,1331
2918,1344,483
2919,1344,1239
2920,1344,363
2921,1344,774
2922,1344,521
2923,1344,711
2924,1344,165
2925,1344,1003
2926,1344,307
2927,1344,1423
2928,1344,1427
2929,1344,359
2930,1344,523
2931,1344,1230
2932,1344,852
2933,1344,221
2934,1344,335
2935,1344,732
2936,1344,452
2937,1344,74
2938,1344,613
2939,1344,1043
2940,1344,1103
2941,1344,357
2942,1344,649
2943,1344,619
2944,1344,541
2945,1344,1032
2946,1344,880
2947,1344,1360
2948,1344,986
2949,1344,1296
2950,1344,260
2951,1344,1115
2952,1344,664
2953,1344,708
2954,1344,582
2955,1344,15
2956,1344,59
2957,1344,1415
2958,1344,1246
2959,1344,87
2960,1344,287
2961,1344,415
2962,1344,398
2963,1344,879
2964,1344,245
2965,1344,1393
2966,1344,1132
2967,1344,580
2968,1344,1105
2969,1344,1215
2970,1344,745
2971,1344,226
2972,1344,1412
2973,1344,1333
2974,1344,385
2975,1344,145
2976,1344,24
2977,1344,1273
2978,1344,1410
2979,1344,249
2980,1344,1028
2981,1344,1193
2982,1344,1149
2983,1344,654
2984,1344,1217
2985,1344,1176
2986,1344,451
2987,1344,1082
2988,1344,208
2989,1344,777
2990,1344,657
2991,1344,233
2992,1344,484
2993,1344,703
2994,1344,1142
2995,1344,1164
2996,1344,768
2997,1344,371
2998,1344,938
2999,1344,414
3000,1344,429
3001,1344,1200
3002,1344,1380
3003,1344,1438
3004,1344,1019
3005,1344,1407
3006,1344,1229
3007,1344,281
3008,1344,1000
3009,1344,1223
3010,1344,845
3011,1344,1118
3012,1344,1290
3013,1344,775
3014,1344,687
3015,1344,44
3016,1344,689
3017,1344,1092
3018,1344,496
3019,1344,462
3020,1344,354
3021,1344,1266
3022,1344,980
3023,1344,14
3024,1344,755
3025,1344,1042
3026,1344,428
3027,1344,900
3028,1344,186
3029,1344,899
3030,1344,829
3031,1344,691
3032,1344,991
3033,1344,959
3034,1344,895
3035,1344,578
3036,1344,659
3037,1344,629
3038,1344,734
3039,1344,149
3040,1344,983
3041,1344,23
3042,1344,1054
3043,1344,939
3044,1344,370
3045,1344,1150
3046,1344,1013
3047,1344,1173
3048,1344,236
3049,1344,342
3050,1344,517
3051,1344,1041
3052,1344,107
3053,1344,640
3054,1344,1050
3055,1344,1171
3056,1344,1078
3057,1344,205
3058,1344,300
3059,1344,413
3060,1344,199
3061,1344,394
3062,1344,378
3063,1344,1056
3064,1344,650
3065,1344,1159
3066,1344,188
3067,1344,668
3068,1344,117
3069,1344,457
3070,1344,476
3071,1344,499
3072,1344,444
3073,1344,1148
3074,1344,921
3075,1344,676
3076,1344,1058
3077,1344,482
3078,1344,1065
3079,1344,1197
3080,1344,432
3081,1344,195
3082,1344,568
3083,1344,1125
3084,1344,1135
3085,1344,1045
3086,1344,272
3087,1344,688
3088,1344,1302
3089,1344,163
3090,1344,447
3091,1344,1441
3092,1344,99
3093,1344,391
3094,1344,802
3095,1344,76
3096,1344,819
3097,1344,283
3098,1344,1177
3099,1344,799
3100,1344,402
3101,1344,1052
3102,1344,1433
3103,1344,334
3104,1344,1153
3105,1344,1167
3106,1344,255
3107,1344,247
3108,1344,586
3109,1344,1314
3110,1344,962
3111,1344,844
3112,1344,312
3113,1344,695
3114,1344,294
3115,1344,1226
3116,1344,454
3117,1344,1243
3118,1344,133
3119,1344,400
3120,1344,928
3121,1344,537
3122,1344,955
3123,1344,1324
3124,1344,1163
3125,1344,1370
3126,1344,364
3127,1344,1111
3128,1344,892
3129,1344,98
3130,1344,1392
3131,1344,494
3132,1344,297
3133,1344,751
3134,1344,12
3135,1344,372
3136,1344,526
3137,1344,550
3138,1344,573
3139,1344,909
3140,1344,1025
3141,1344,757
3142,1344,1064
3143,1344,862
3144,1344,1175
3145,1344,712
3146,1344,1311
3147,1344,533
3148,1344,379
3149,1344,1432
3150,1344,1411
3151,1344,1016
3152,1344,340
3153,1344,1446
3154,1344,1075
3155,1344,1424
3156,1344,738
3157,1344,263
3158,1344,1343
3159,1344,1328
3160,1344,891
3161,1344,1417
3162,1344,175
3163,1344,1089
3164,1344,957
3165,1344,1156
3166,1344,840
3167,1344,645
3168,1344,1426
3169,1344,60
3170,1344,373
3171,1344,875
3172,1344,821
3173,1344,126
3174,1344,1321
3175,1344,1095
3176,1344,1141
3177,1344,914
3178,1344,842
3179,1344,907
3180,1344,303
3181,1344,355
3182,1344,780
3183,1344,1038
3184,1344,215
3185,1344,479
3186,1344,172
3187,1344,501
3188,1344,949
3189,1344,1259
3190,1344,1069
3191,1344,1030
3192,1344,264
3193,1344,1449
3194,1344,75
3195,1344,1225
3196,1344,998
3197,1344,409
3198,1344,1301
3199,1344,662
3200,1344,1384
3201,1344,867
3202,1344,1414
3203,1344,1285
3204,1344,581
3205,1344,276
3206,1344,1232
3207,1344,974
3208,1344,611
3209,1344,538
3210,1344,164
3211,1344,1292
3212,1344,1057
3213,1344,671
3214,1344,673
3215,1344,477
3216,1344,801
3217,1344,93
3218,1344,1444
3219,1344,519
3220,1344,1253
3221,1344,608
3222,1344,1291
3223,1344,685
3224,1344,992
3225,1344,190
3226,1344,242
3227,1344,1027
3228,1344,1451
3229,1344,1053
3230,1344,1031
3231,1344,960
3232,1344,990
3233,1344,660
3234,1344,803
3235,1344,231
3236,1344,1304
3237,1344,883
3238,1344,1060
3239,1344,1139
3240,1344,690
3241,1344,583
3242,1344,530
3243,1344,762
3244,1344,166
3245,1344,1144
3246,1344,605
3247,1344,1313
3248,1344,1110
3249,1344,634
3250,1344,680
3251,1344,58
3252,1344,446
3253,1344,1222
3254,1344,1452
3255,1344,422
3256,1344,42
3257,1344,1022
3258,1344,562
3259,1344,1102
3260,1344,837
3261,1344,389
3262,1344,646
3263,1344,616
3264,1344,641
3265,1344,192
3266,1344,910
3267,1344,1268
3268,1344,978
3269,1344,805
3270,1344,981
3271,1344,289
3272,1344,748
3273,1344,171
3274,1344,424
3275,1344,1351
3276,1344,918
3277,1344,733
3278,1344,933
3279,1344,1430
3280,1344,170
3281,1344,473
3282,1344,1372
3283,1344,979
3284,1344,808
3285,1344,299
3286,1344,667
3287,1344,64
3288,1344,839
3289,1344,404
3290,1344,815
3291,1344,1413
3292,1344,33
3293,1344,1235
3294,1344,652
3295,1344,9
3296,1344,1219
3297,1344,782
3298,1344,54
3299,1344,78
3300,1344,1275
3301,1344,1434
3302,1344,886
3303,1344,140
3304,1344,749
3305,1344,112
3306,1344,461
3307,1344,952
3308,1344,20
3309,1344,346
3310,1344,621
3311,1344,1362
3312,1344,872
3313,1344,614
3314,1344,1183
3315,1346,361
3316,1346,897
3317,1346,22
3318,1346,759
3319,1346,279
3320,1346,728
3321,1346,438
3322,1346,1201
3323,1346,972
3324,1346,1373
3325,1346,599
3326,1346,1344
3327,1346,1322
3328,1346,73
3329,1346,838
3330,1346,1002
3331,1346,833
3332,1346,1450
3333,1346,694
3334,1346,590
3335,1346,1347
3336,1346,1439
3337,1346,224
3338,1346,525
3339,1346,434
3340,1346,157
3341,1346,1327
3342,1346,864
3343,1346,982
3344,1346,327
3345,1346,374
3346,1346,656
3347,1346,106
3348,1346,79
3349,1346,1265
3350,1346,1297
3351,1346,602
3352,1346,311
3353,1346,527
3354,1346,958
3355,1346,859
3356,1346,1162
3357,1346,277
3358,1346,1361
3359,1346,1194
3360,1346,1364
3361,1346,441
3362,1346,860
3363,1346,1185
3364,1346,791
3365,1346,1388
3366,1346,5
3367,1346,308
3368,1346,800
3369,1346,1138
3370,1346,116
3371,1346,1151
3372,1346,806
3373,1346,985
3374,1346,595
3375,1346,147
3376,1346,456
3377,1346,558
3378,1346,572
3379,1346,246
3380,1346,884
3381,1346,771
3382,1346,28
3383,1346,151
3384,1346,1106
3385,1346,848
3386,1346,1071
3387,1346,392
3388,1346,908
3389,1346,61
3390,1346,376
3391,1346,1192
3392,1346,724
3393,1346,1093
3394,1346,146
3395,1346,338
3396,1346,367
3397,1346,970
3398,1346,243
3399,1346,196
3400,1346,363
3401,1346,715
3402,1346,335
3403,1346,430
3404,1346,1115
3405,1346,664
3406,1346,879
3407,1346,1333
3408,1346,1143
3409,1346,249
3410,1346,451
3411,1346,484
3412,1346,1290
3413,1346,980
3414,1346,428
3415,1346,734
3416,1346,149
3417,1346,983
3418,1346,939
3419,1346,370
3420,1346,1173
3421,1346,1078
3422,1346,378
3423,1346,482
3424,1346,105
3425,1346,688
3426,1346,447
3427,1346,99
3428,1346,334
3429,1346,3
3430,1346,962
3431,1346,935
3432,1346,909
3433,1346,1383
3434,1346,533
3435,1346,1417
3436,1346,60
3437,1346,373
3438,1346,528
3439,1346,1259
3440,1346,409
3441,1346,538
3442,1346,1292
3443,1346,519
3444,1346,685
3445,1346,190
3446,1346,699
3447,1346,803
3448,1346,231
3449,1346,102
3450,1346,1222
3451,1346,1022
3452,1346,1268
3453,1346,1351
3454,1346,170
3455,1346,979
3456,1346,839
3457,1346,652
3458,1346,749
3459,1346,621
3460,1322,1454
3461,1322,66
3462,1322,365
3463,1322,18
3464,1322,599
3465,1322,833
3466,1322,254
3467,1322,860
3468,1322,791
3469,1322,700
3470,1322,456
3471,1322,698
3472,1322,880
3473,1322,654
3474,1322,768
3475,1322,938
3476,1322,1092
3477,1322,900
3478,1322,413
3479,1322,25
3480,1322,573
3481,1322,909
3482,1322,1432
3483,1322,1141
3484,1322,1038
3485,1322,1449
3486,1322,409
3487,1322,1057
3488,1322,446
3489,1322,1222
3490,1322,42
3491,1322,1022
3492,1322,1183
3493,219,1339
3494,219,1222
3495,922,1074
3496,922,638
3497,922,726
3498,922,1213
3499,922,1007
3500,922,57
3501,922,1454
3502,922,332
3503,922,351
3504,922,564
3505,922,717
3506,922,136
3507,922,66
3508,922,365
3509,922,18
3510,922,913
3511,922,201
3512,922,1211
3513,922,599
3514,922,1322
3515,922,73
3516,922,838
3517,922,153
3518,922,71
3519,922,551
3520,922,833
3521,922,1063
3522,922,702
3523,922,316
3524,922,445
3525,922,922
3526,922,590
3527,922,1439
3528,922,779
3529,922,716
3530,922,197
3531,922,1398
3532,922,976
3533,922,157
3534,922,254
3535,922,1204
3536,922,327
3537,922,433
3538,922,1066
3539,922,885
3540,922,248
3541,922,374
3542,922,1257
3543,922,225
3544,922,656
3545,922,92
3546,922,567
3547,922,693
3548,922,1265
3549,922,232
3550,922,311
3551,922,408
3552,922,663
3553,922,88
3554,922,1437
3555,922,421
3556,922,1435
3557,922,958
3558,922,512
3559,922,642
3560,922,277
3561,922,1361
3562,922,134
3563,922,539
3564,922,556
3565,922,860
3566,922,850
3567,922,588
3568,922,709
3569,922,5
3570,922,549
3571,922,1220
3572,922,304
3573,922,1126
3574,922,1179
3575,922,184
3576,922,1138
3577,922,700
3578,922,1151
3579,922,810
3580,922,1010
3581,922,96
3582,922,147
3583,922,456
3584,922,1400
3585,922,566
3586,922,345
3587,922,81
3588,922,1048
3589,922,558
3590,922,218
3591,922,68
3592,922,1062
3593,922,841
3594,922,1005
3595,922,771
3596,922,437
3597,922,923
3598,922,832
3599,922,28
3600,922,1071
3601,922,1345
3602,922,1192
3603,922,721
3604,922,1093
3605,922,606
3606,922,1320
3607,922,216
3608,922,956
3609,922,698
3610,922,367
3611,922,109
3612,922,1154
3613,922,292
3614,922,1061
3615,922,366
3616,922,196
3617,922,1331
3618,922,483
3619,922,363
3620,922,774
3621,922,1003
3622,922,307
3623,922,620
3624,922,1230
3625,922,613
3626,922,649
3627,922,619
3628,922,1032
3629,922,260
3630,922,582
3631,922,226
3632,922,1333
3633,922,1273
3634,922,1143
3635,922,1410
3636,922,654
3637,922,1394
3638,922,208
3639,922,233
3640,922,484
3641,922,703
3642,922,768
3643,922,938
3644,922,429
3645,922,1407
3646,922,1290
3647,922,44
3648,922,1092
3649,922,496
3650,922,462
3651,922,354
3652,922,755
3653,922,428
3654,922,900
3655,922,186
3656,922,578
3657,922,734
3658,922,149
3659,922,995
3660,922,1173
3661,922,342
3662,922,205
3663,922,413
3664,922,199
3665,922,378
3666,922,1056
3667,922,668
3668,922,117
3669,922,1148
3670,922,676
3671,922,1058
3672,922,1197
3673,922,432
3674,922,195
3675,922,814
3676,922,1135
3677,922,272
3678,922,447
3679,922,273
3680,922,802
3681,922,25
3682,922,819
3683,922,1433
3684,922,255
3685,922,247
3686,922,962
3687,922,1226
3688,922,1243
3689,922,1370
3690,922,364
3691,922,1111
3692,922,892
3693,922,573
3694,922,909
3695,922,1175
3696,922,1311
3697,922,1277
3698,922,263
3699,922,1343
3700,922,1417
3701,922,840
3702,922,60
3703,922,373
3704,922,126
3705,922,1321
3706,922,1095
3707,922,1141
3708,922,842
3709,922,780
3710,922,501
3711,922,1449
3712,922,409
3713,922,662
3714,922,867
3715,922,1414
3716,922,974
3717,922,611
3718,922,538
3719,922,164
3720,922,1057
3721,922,477
3722,922,1206
3723,922,1444
3724,922,685
3725,922,190
3726,922,660
3727,922,1304
3728,922,1060
3729,922,166
3730,922,102
3731,922,680
3732,922,110
3733,922,446
3734,922,1222
3735,922,422
3736,922,1022
3737,922,646
3738,922,981
3739,922,748
3740,922,1351
3741,922,733
3742,922,1261
3743,922,1421
3744,922,1430
3745,922,170
3746,922,473
3747,922,1372
3748,922,979
3749,922,808
3750,922,404
3751,922,815
3752,922,1413
3753,922,1235
3754,922,652
3755,922,9
3756,922,1219
3757,922,658
3758,922,78
3759,922,741
3760,922,886
3761,922,749
3762,922,112
3763,922,436
3764,922,20
3765,922,872
3766,922,1183
3767,298,1222
3768,590,1074
3769,590,1213
3770,590,1157
3771,590,57
3772,590,1454
3773,590,1068
3774,590,351
3775,590,564
3776,590,1280
3777,590,717
3778,590,1330
3779,590,623
3780,590,1443
3781,590,66
3782,590,728
3783,590,18
3784,590,1344
3785,590,219
3786,590,838
3787,590,153
3788,590,489
3789,590,1450
3790,590,1063
3791,590,702
3792,590,445
3793,590,1242
3794,590,210
3795,590,298
3796,590,835
3797,590,1439
3798,590,522
3799,590,80
3800,590,976
3801,590,624
3802,590,144
3803,590,579
3804,590,1358
3805,590,661
3806,590,1284
3807,590,254
3808,590,1098
3809,590,1420
3810,590,1204
3811,590,1198
3812,590,1066
3813,590,885
3814,590,626
3815,590,374
3816,590,206
3817,590,567
3818,590,693
3819,590,1297
3820,590,232
3821,590,663
3822,590,681
3823,590,70
3824,590,314
3825,590,174
3826,590,1195
3827,590,88
3828,590,421
3829,590,1435
3830,590,958
3831,590,761
3832,590,1162
3833,590,512
3834,590,478
3835,590,203
3836,590,450
3837,590,505
3838,590,540
3839,590,268
3840,590,1361
3841,590,134
3842,590,556
3843,590,535
3844,590,1342
3845,590,588
3846,590,709
3847,590,46
3848,590,1179
3849,590,184
3850,590,1138
3851,590,1133
3852,590,520
3853,590,1026
3854,590,1151
3855,590,262
3856,590,131
3857,590,147
3858,590,456
3859,590,1312
3860,590,566
3861,590,345
3862,590,81
3863,590,1316
3864,590,68
3865,590,1107
3866,590,1062
3867,590,927
3868,590,841
3869,590,1005
3870,590,884
3871,590,644
3872,590,437
3873,590,923
3874,590,672
3875,590,1020
3876,590,463
3877,590,1071
3878,590,486
3879,590,1192
3880,590,91
3881,590,721
3882,590,1093
3883,590,296
3884,590,1320
3885,590,216
3886,590,956
3887,590,698
3888,590,338
3889,590,367
3890,590,109
3891,590,600
3892,590,1154
3893,590,1061
3894,590,196
3895,590,483
3896,590,711
3897,590,307
3898,590,1230
3899,590,221
3900,590,335
3901,590,613
3902,590,357
3903,590,649
3904,590,1032
3905,590,260
3906,590,582
3907,590,1254
3908,590,1246
3909,590,226
3910,590,1333
3911,590,1040
3912,590,1149
3913,590,1394
3914,590,1170
3915,590,8
3916,590,233
3917,590,371
3918,590,938
3919,590,1019
3920,590,1407
3921,590,496
3922,590,462
3923,590,1042
3924,590,629
3925,590,1049
3926,590,149
3927,590,1173
3928,590,342
3929,590,205
3930,590,413
3931,590,117
3932,590,499
3933,590,676
3934,590,1197
3935,590,432
3936,590,568
3937,590,814
3938,590,273
3939,590,819
3940,590,283
3941,590,402
3942,590,334
3943,590,1153
3944,590,255
3945,590,247
3946,590,586
3947,590,962
3948,590,695
3949,590,786
3950,590,550
3951,590,573
3952,590,909
3953,590,1064
3954,590,738
3955,590,263
3956,590,1343
3957,590,1417
3958,590,1156
3959,590,840
3960,590,1426
3961,590,373
3962,590,842
3963,590,780
3964,590,501
3965,590,1259
3966,590,1030
3967,590,1449
3968,590,75
3969,590,1301
3970,590,662
3971,590,974
3972,590,611
3973,590,1057
3974,590,93
3975,590,1444
3976,590,685
3977,590,190
3978,590,960
3979,590,660
3980,590,803
3981,590,1304
3982,590,1060
3983,590,102
3984,590,605
3985,590,680
3986,590,110
3987,590,446
3988,590,1222
3989,590,422
3990,590,1022
3991,590,837
3992,590,192
3993,590,1268
3994,590,981
3995,590,289
3996,590,1351
3997,590,918
3998,590,1172
3999,590,1430
4000,590,473
4001,590,1372
4002,590,808
4003,590,667
4004,590,64
4005,590,815
4006,590,1413
4007,590,1235
4008,590,652
4009,590,9
4010,590,782
4011,590,1289
4012,590,886
4013,590,1325
4014,590,140
4015,590,112
4016,590,20
4017,590,614
4018,590,1183
4019,1347,1388
4020,1347,1192
4021,1347,724
4022,1347,533
4023,1347,1222
4024,241,1074
4025,241,638
4026,241,931
4027,241,1213
4028,241,564
4029,241,1280
4030,241,925
4031,241,728
4032,241,201
4033,241,599
4034,241,1322
4035,241,410
4036,241,197
4037,241,241
4038,241,661
4039,241,982
4040,241,1204
4041,241,1066
4042,241,374
4043,241,92
4044,241,508
4045,241,663
4046,241,314
4047,241,958
4048,241,308
4049,241,1055
4050,241,1179
4051,241,1133
4052,241,639
4053,241,810
4054,241,96
4055,241,147
4056,241,456
4057,241,81
4058,241,927
4059,241,884
4060,241,437
4061,241,536
4062,241,1192
4063,241,724
4064,241,1093
4065,241,698
4066,241,367
4067,241,1331
4068,241,774
4069,241,1230
4070,241,1032
4071,241,582
4072,241,1410
4073,241,657
4074,241,371
4075,241,938
4076,241,1407
4077,241,496
4078,241,462
4079,241,1042
4080,241,428
4081,241,149
4082,241,1054
4083,241,413
4084,241,117
4085,241,457
4086,241,432
4087,241,568
4088,241,814
4089,241,819
4090,241,909
4091,241,263
4092,241,1417
4093,241,840
4094,241,1449
4095,241,867
4096,241,1057
4097,241,685
4098,241,660
4099,241,231
4100,241,1304
4101,241,102
4102,241,680
4103,241,1222
4104,241,981
4105,241,748
4106,241,1351
4107,241,652
4108,241,1362
4109,241,1183
4110,579,726
4111,579,590
4112,579,525
4113,579,567
4114,579,824
4115,579,421
4116,579,600
4117,579,1246
4118,579,1143
4119,579,657
4120,579,312
4121,579,1064
4122,579,1311
4123,579,1432
4124,579,1038
4125,579,501
4126,579,1292
4127,579,1222
4128,579,473
4129,579,78
4130,579,749
4131,579,112
4132,661,638
4133,661,1213
4134,661,1007
4135,661,1255
4136,661,18
4137,661,599
4138,661,1130
4139,661,316
4140,661,298
4141,661,590
4142,661,80
4143,661,809
4144,661,1204
4145,661,1455
4146,661,374
4147,661,903
4148,661,663
4149,661,421
4150,661,958
4151,661,642
4152,661,1361
4153,661,162
4154,661,758
4155,661,588
4156,661,288
4157,661,1151
4158,661,1182
4159,661,639
4160,661,1320
4161,661,216
4162,661,698
4163,661,338
4164,661,970
4165,661,335
4166,661,619
4167,661,582
4168,661,654
4169,661,86
4170,661,371
4171,661,1229
4172,661,845
4173,661,496
4174,661,14
4175,661,755
4176,661,899
4177,661,342
4178,661,650
4179,661,117
4180,661,1065
4181,661,1197
4182,661,195
4183,661,272
4184,661,955
4185,661,526
4186,661,573
4187,661,909
4188,661,1311
4189,661,1075
4190,661,263
4191,661,1328
4192,661,678
4193,661,126
4194,661,1141
4195,661,528
4196,661,662
4197,661,519
4198,661,660
4199,661,1304
4200,661,315
4201,661,102
4202,661,446
4203,661,1222
4204,661,422
4205,661,981
4206,661,473
4207,661,979
4208,661,64
4209,661,404
4210,661,1219
4211,661,78
4212,661,749
4213,661,1183
4214,1284,638
4215,1284,555
4216,1284,331
4217,1284,1213
4218,1284,115
4219,1284,1272
4220,1284,19
4221,1284,1454
4222,1284,919
4223,1284,1068
4224,1284,1181
4225,1284,548
4226,1284,564
4227,1284,1280
4228,1284,1255
4229,1284,717
4230,1284,925
4231,1284,1357
4232,1284,1080
4233,1284,623
4234,1284,1283
4235,1284,936
4236,1284,66
4237,1284,279
4238,1284,365
4239,1284,728
4240,1284,18
4241,1284,156
4242,1284,913
4243,1284,306
4244,1284,201
4245,1284,972
4246,1284,1428
4247,1284,599
4248,1284,1344
4249,1284,1208
4250,1284,1322
4251,1284,73
4252,1284,838
4253,1284,34
4254,1284,71
4255,1284,833
4256,1284,1450
4257,1284,1063
4258,1284,702
4259,1284,316
4260,1284,445
4261,1284,1242
4262,1284,210
4263,1284,411
4264,1284,1293
4265,1284,1035
4266,1284,229
4267,1284,922
4268,1284,298
4269,1284,590
4270,1284,1347
4271,1284,1439
4272,1284,410
4273,1284,779
4274,1284,716
4275,1284,679
4276,1284,1210
4277,1284,1337
4278,1284,1398
4279,1284,976
4280,1284,624
4281,1284,604
4282,1284,579
4283,1284,794
4284,1284,157
4285,1284,254
4286,1284,982
4287,1284,1420
4288,1284,603
4289,1284,1204
4290,1284,327
4291,1284,1326
4292,1284,1066
4293,1284,626
4294,1284,374
4295,1284,1202
4296,1284,656
4297,1284,92
4298,1284,567
4299,1284,693
4300,1284,1425
4301,1284,824
4302,1284,79
4303,1284,1265
4304,1284,753
4305,1284,6
4306,1284,232
4307,1284,602
4308,1284,311
4309,1284,663
4310,1284,70
4311,1284,88
4312,1284,421
4313,1284,1435
4314,1284,958
4315,1284,859
4316,1284,1162
4317,1284,642
4318,1284,1147
4319,1284,450
4320,1284,540
4321,1284,1361
4322,1284,1194
4323,1284,535
4324,1284,1342
4325,1284,860
4326,1284,162
4327,1284,348
4328,1284,1334
4329,1284,783
4330,1284,791
4331,1284,588
4332,1284,709
4333,1284,5
4334,1284,549
4335,1284,304
4336,1284,82
4337,1284,1179
4338,1284,993
4339,1284,288
4340,1284,116
4341,1284,1133
4342,1284,700
4343,1284,696
4344,1284,1026
4345,1284,1151
4346,1284,1340
4347,1284,275
4348,1284,806
4349,1284,737
4350,1284,565
4351,1284,865
4352,1284,262
4353,1284,1121
4354,1284,1349
4355,1284,810
4356,1284,595
4357,1284,1010
4358,1284,96
4359,1284,147
4360,1284,456
4361,1284,1400
4362,1284,345
4363,1284,940
4364,1284,1048
4365,1284,356
4366,1284,811
4367,1284,148
4368,1284,218
4369,1284,68
4370,1284,1062
4371,1284,841
4372,1284,1005
4373,1284,884
4374,1284,771
4375,1284,437
4376,1284,923
4377,1284,28
4378,1284,77
4379,1284,1071
4380,1284,392
4381,1284,486
4382,1284,908
4383,1284,1192
4384,1284,724
4385,1284,721
4386,1284,1093
4387,1284,606
4388,1284,1320
4389,1284,216
4390,1284,968
4391,1284,698
4392,1284,338
4393,1284,367
4394,1284,997
4395,1284,970
4396,1284,109
4397,1284,1079
4398,1284,1018
4399,1284,1408
4400,1284,1154
4401,1284,292
4402,1284,366
4403,1284,196
4404,1284,1331
4405,1284,483
4406,1284,1339
4407,1284,1239
4408,1284,711
4409,1284,1003
4410,1284,307
4411,1284,1230
4412,1284,221
4413,1284,335
4414,1284,732
4415,1284,452
4416,1284,357
4417,1284,649
4418,1284,619
4419,1284,1032
4420,1284,880
4421,1284,260
4422,1284,664
4423,1284,582
4424,1284,15
4425,1284,1246
4426,1284,879
4427,1284,245
4428,1284,580
4429,1284,226
4430,1284,1368
4431,1284,1333
4432,1284,1410
4433,1284,654
4434,1284,856
4435,1284,1176
4436,1284,129
4437,1284,777
4438,1284,657
4439,1284,233
4440,1284,703
4441,1284,1142
4442,1284,1164
4443,1284,768
4444,1284,371
4445,1284,938
4446,1284,429
4447,1284,1200
4448,1284,1407
4449,1284,1229
4450,1284,281
4451,1284,1000
4452,1284,1223
4453,1284,845
4454,1284,1290
4455,1284,687
4456,1284,44
4457,1284,1092
4458,1284,1266
4459,1284,980
4460,1284,755
4461,1284,428
4462,1284,900
4463,1284,899
4464,1284,829
4465,1284,659
4466,1284,629
4467,1284,734
4468,1284,983
4469,1284,1054
4470,1284,370
4471,1284,1150
4472,1284,1173
4473,1284,236
4474,1284,342
4475,1284,107
4476,1284,1078
4477,1284,205
4478,1284,300
4479,1284,413
4480,1284,199
4481,1284,378
4482,1284,1056
4483,1284,650
4484,1284,1159
4485,1284,188
4486,1284,117
4487,1284,1148
4488,1284,1065
4489,1284,1197
4490,1284,793
4491,1284,195
4492,1284,568
4493,1284,814
4494,1284,828
4495,1284,1135
4496,1284,1045
4497,1284,272
4498,1284,688
4499,1284,1302
4500,1284,447
4501,1284,273
4502,1284,802
4503,1284,819
4504,1284,283
4505,1284,1433
4506,1284,334
4507,1284,1153
4508,1284,1167
4509,1284,247
4510,1284,586
4511,1284,962
4512,1284,312
4513,1284,344
4514,1284,695
4515,1284,294
4516,1284,1226
4517,1284,1243
4518,1284,1324
4519,1284,1163
4520,1284,364
4521,1284,1111
4522,1284,494
4523,1284,297
4524,1284,573
4525,1284,909
4526,1284,1025
4527,1284,1383
4528,1284,1064
4529,1284,1311
4530,1284,1432
4531,1284,1446
4532,1284,1075
4533,1284,263
4534,1284,1343
4535,1284,891
4536,1284,1417
4537,1284,1156
4538,1284,840
4539,1284,645
4540,1284,60
4541,1284,373
4542,1284,678
4543,1284,821
4544,1284,1321
4545,1284,914
4546,1284,842
4547,1284,355
4548,1284,780
4549,1284,1038
4550,1284,215
4551,1284,501
4552,1284,1259
4553,1284,1449
4554,1284,409
4555,1284,1301
4556,1284,662
4557,1284,1384
4558,1284,867
4559,1284,581
4560,1284,611
4561,1284,538
4562,1284,164
4563,1284,1292
4564,1284,1057
4565,1284,507
4566,1284,519
4567,1284,1253
4568,1284,685
4569,1284,190
4570,1284,1027
4571,1284,1053
4572,1284,1031
4573,1284,960
4574,1284,990
4575,1284,660
4576,1284,803
4577,1284,1304
4578,1284,315
4579,1284,883
4580,1284,1060
4581,1284,690
4582,1284,102
4583,1284,605
4584,1284,446
4585,1284,1222
4586,1284,422
4587,1284,42
4588,1284,389
4589,1284,646
4590,1284,616
4591,1284,641
4592,1284,192
4593,1284,910
4594,1284,1268
4595,1284,978
4596,1284,805
4597,1284,981
4598,1284,748
4599,1284,171
4600,1284,1351
4601,1284,918
4602,1284,933
4603,1284,1421
4604,1284,1430
4605,1284,170
4606,1284,49
4607,1284,473
4608,1284,1372
4609,1284,979
4610,1284,808
4611,1284,667
4612,1284,64
4613,1284,839
4614,1284,404
4615,1284,815
4616,1284,1413
4617,1284,33
4618,1284,1235
4619,1284,652
4620,1284,9
4621,1284,1219
4622,1284,1289
4623,1284,54
4624,1284,741
4625,1284,886
4626,1284,1325
4627,1284,140
4628,1284,760
4629,1284,749
4630,1284,112
4631,1284,461
4632,1284,902
4633,1284,20
4634,1284,346
4635,1284,614
4636,1284,1183
4637,157,151
4638,157,1222
4639,1327,133
4640,1327,1432
4641,1327,1222
4642,885,1074
4643,885,636
4644,885,638
4645,885,555
4646,885,931
4647,885,331
4648,885,726
4649,885,1213
4650,885,360
4651,885,347
4652,885,1007
4653,885,796
4654,885,115
4655,885,618
4656,885,1287
4657,885,1272
4658,885,325
4659,885,1157
4660,885,500
4661,885,361
4662,885,302
4663,885,19
4664,885,1454
4665,885,919
4666,885,1068
4667,885,1181
4668,885,548
4669,885,564
4670,885,1280
4671,885,1255
4672,885,717
4673,885,1091
4674,885,925
4675,885,136
4676,885,1080
4677,885,623
4678,885,45
4679,885,1443
4680,885,936
4681,885,66
4682,885,279
4683,885,365
4684,885,728
4685,885,18
4686,885,438
4687,885,156
4688,885,913
4689,885,306
4690,885,201
4691,885,1201
4692,885,1211
4693,885,161
4694,885,599
4695,885,1344
4696,885,1322
4697,885,219
4698,885,73
4699,885,877
4700,885,838
4701,885,781
4702,885,153
4703,885,489
4704,885,1352
4705,885,34
4706,885,1002
4707,885,71
4708,885,551
4709,885,207
4710,885,833
4711,885,1450
4712,885,1063
4713,885,694
4714,885,702
4715,885,316
4716,885,445
4717,885,1242
4718,885,1376
4719,885,210
4720,885,411
4721,885,1293
4722,885,267
4723,885,298
4724,885,590
4725,885,835
4726,885,1439
4727,885,522
4728,885,779
4729,885,716
4730,885,383
4731,885,1402
4732,885,197
4733,885,509
4734,885,1210
4735,885,1337
4736,885,1398
4737,885,917
4738,885,637
4739,885,976
4740,885,525
4741,885,624
4742,885,144
4743,885,241
4744,885,1358
4745,885,1233
4746,885,794
4747,885,661
4748,885,157
4749,885,1327
4750,885,254
4751,885,934
4752,885,982
4753,885,1420
4754,885,1306
4755,885,492
4756,885,1204
4757,885,1198
4758,885,327
4759,885,830
4760,885,1405
4761,885,433
4762,885,1066
4763,885,248
4764,885,374
4765,885,625
4766,885,250
4767,885,1202
4768,885,1391
4769,885,225
4770,885,656
4771,885,92
4772,885,223
4773,885,119
4774,885,567
4775,885,693
4776,885,1425
4777,885,1250
4778,885,79
4779,885,753
4780,885,508
4781,885,1188
4782,885,1297
4783,885,232
4784,885,602
4785,885,311
4786,885,663
4787,885,681
4788,885,963
4789,885,527
4790,885,314
4791,885,174
4792,885,1195
4793,885,88
4794,885,1437
4795,885,1310
4796,885,421
4797,885,958
4798,885,761
4799,885,154
4800,885,859
4801,885,585
4802,885,1162
4803,885,258
4804,885,642
4805,885,478
4806,885,1147
4807,885,277
4808,885,1136
4809,885,29
4810,885,450
4811,885,540
4812,885,268
4813,885,1431
4814,885,1134
4815,885,222
4816,885,193
4817,885,1361
4818,885,1194
4819,885,134
4820,885,1364
4821,885,441
4822,885,535
4823,885,1342
4824,885,860
4825,885,313
4826,885,125
4827,885,162
4828,885,348
4829,885,758
4830,885,665
4831,885,1334
4832,885,468
4833,885,265
4834,885,1024
4835,885,783
4836,885,1332
4837,885,598
4838,885,588
4839,885,709
4840,885,767
4841,885,1388
4842,885,5
4843,885,549
4844,885,1220
4845,885,1055
4846,885,304
4847,885,1077
4848,885,546
4849,885,1179
4850,885,993
4851,885,1178
4852,885,1138
4853,885,1445
4854,885,288
4855,885,116
4856,885,700
4857,885,696
4858,885,1026
4859,885,1151
4860,885,275
4861,885,1117
4862,885,985
4863,885,565
4864,885,865
4865,885,1121
4866,885,1046
4867,885,1349
4868,885,893
4869,885,639
4870,885,810
4871,885,336
4872,885,547
4873,885,595
4874,885,131
4875,885,269
4876,885,147
4877,885,456
4878,885,1400
4879,885,566
4880,885,345
4881,885,940
4882,885,81
4883,885,1187
4884,885,356
4885,885,148
4886,885,218
4887,885,967
4888,885,67
4889,885,68
4890,885,1062
4891,885,927
4892,885,841
4893,885,1005
4894,885,246
4895,885,1382
4896,885,511
4897,885,617
4898,885,884
4899,885,771
4900,885,846
4901,885,644
4902,885,437
4903,885,651
4904,885,923
4905,885,37
4906,885,55
4907,885,28
4908,885,536
4909,885,1106
4910,885,17
4911,885,1020
4912,885,848
4913,885,1011
4914,885,1071
4915,885,908
4916,885,61
4917,885,388
4918,885,1192
4919,885,353
4920,885,1348
4921,885,724
4922,885,91
4923,885,721
4924,885,1093
4925,885,296
4926,885,1338
4927,885,606
4928,885,1320
4929,885,216
4930,885,1369
4931,885,968
4932,885,698
4933,885,338
4934,885,183
4935,885,367
4936,885,997
4937,885,970
4938,885,488
4939,885,2
4940,885,109
4941,885,1237
4942,885,1079
4943,885,600
4944,885,1018
4945,885,1408
4946,885,292
4947,885,1061
4948,885,366
4949,885,196
4950,885,1331
4951,885,483
4952,885,1239
4953,885,363
4954,885,521
4955,885,711
4956,885,165
4957,885,1003
4958,885,307
4959,885,1230
4960,885,822
4961,885,221
4962,885,732
4963,885,613
4964,885,1043
4965,885,357
4966,885,649
4967,885,619
4968,885,541
4969,885,1032
4970,885,1360
4971,885,260
4972,885,1115
4973,885,708
4974,885,582
4975,885,15
4976,885,384
4977,885,1415
4978,885,1254
4979,885,1246
4980,885,398
4981,885,778
4982,885,879
4983,885,245
4984,885,1294
4985,885,1393
4986,885,1132
4987,885,745
4988,885,226
4989,885,1412
4990,885,1333
4991,885,1040
4992,885,1273
4993,885,1410
4994,885,249
4995,885,1193
4996,885,1149
4997,885,1
4998,885,451
4999,885,1394
5000,885,1170
5001,885,208
5002,885,416
5003,885,86
5004,885,777
5005,885,657
5006,885,233
5007,885,484
5008,885,703
5009,885,1142
5010,885,1164
5011,885,768
5012,885,371
5013,885,938
5014,885,414
5015,885,429
5016,885,1438
5017,885,1019
5018,885,1407
5019,885,1229
5020,885,797
5021,885,281
5022,885,1223
5023,885,1290
5024,885,1401
5025,885,687
5026,885,44
5027,885,1092
5028,885,496
5029,885,354
5030,885,1266
5031,885,980
5032,885,14
5033,885,755
5034,885,428
5035,885,900
5036,885,899
5037,885,829
5038,885,691
5039,885,991
5040,885,578
5041,885,659
5042,885,629
5043,885,734
5044,885,149
5045,885,995
5046,885,1054
5047,885,939
5048,885,213
5049,885,370
5050,885,1013
5051,885,342
5052,885,419
5053,885,107
5054,885,1078
5055,885,205
5056,885,1014
5057,885,300
5058,885,413
5059,885,199
5060,885,417
5061,885,394
5062,885,378
5063,885,1056
5064,885,1159
5065,885,188
5066,885,117
5067,885,476
5068,885,405
5069,885,482
5070,885,1065
5071,885,1197
5072,885,432
5073,885,793
5074,885,195
5075,885,568
5076,885,814
5077,885,1135
5078,885,1045
5079,885,272
5080,885,163
5081,885,447
5082,885,273
5083,885,1441
5084,885,802
5085,885,25
5086,885,855
5087,885,1090
5088,885,76
5089,885,819
5090,885,283
5091,885,1177
5092,885,402
5093,885,1433
5094,885,334
5095,885,1153
5096,885,1167
5097,885,255
5098,885,247
5099,885,1314
5100,885,962
5101,885,844
5102,885,312
5103,885,344
5104,885,695
5105,885,294
5106,885,1226
5107,885,1243
5108,885,133
5109,885,928
5110,885,1324
5111,885,1163
5112,885,1370
5113,885,364
5114,885,1111
5115,885,892
5116,885,1392
5117,885,494
5118,885,297
5119,885,167
5120,885,751
5121,885,1184
5122,885,935
5123,885,999
5124,885,550
5125,885,573
5126,885,909
5127,885,1025
5128,885,757
5129,885,121
5130,885,807
5131,885,1064
5132,885,1311
5133,885,379
5134,885,1016
5135,885,340
5136,885,1446
5137,885,1075
5138,885,263
5139,885,891
5140,885,1417
5141,885,957
5142,885,1156
5143,885,1426
5144,885,60
5145,885,373
5146,885,875
5147,885,412
5148,885,821
5149,885,1321
5150,885,1095
5151,885,842
5152,885,355
5153,885,780
5154,885,501
5155,885,528
5156,885,1069
5157,885,264
5158,885,1449
5159,885,409
5160,885,1301
5161,885,662
5162,885,1384
5163,885,867
5164,885,581
5165,885,974
5166,885,538
5167,885,164
5168,885,1292
5169,885,1057
5170,885,671
5171,885,673
5172,885,801
5173,885,1444
5174,885,507
5175,885,1291
5176,885,685
5177,885,992
5178,885,1053
5179,885,1031
5180,885,960
5181,885,990
5182,885,660
5183,885,803
5184,885,705
5185,885,231
5186,885,1304
5187,885,350
5188,885,315
5189,885,883
5190,885,1060
5191,885,690
5192,885,583
5193,885,530
5194,885,762
5195,885,166
5196,885,102
5197,885,605
5198,885,1110
5199,885,446
5200,885,1222
5201,885,31
5202,885,422
5203,885,562
5204,885,837
5205,885,389
5206,885,646
5207,885,616
5208,885,641
5209,885,192
5210,885,910
5211,885,1268
5212,885,978
5213,885,748
5214,885,1351
5215,885,918
5216,885,733
5217,885,1421
5218,885,1430
5219,885,170
5220,885,473
5221,885,1372
5222,885,979
5223,885,808
5224,885,667
5225,885,64
5226,885,839
5227,885,404
5228,885,815
5229,885,1413
5230,885,33
5231,885,1416
5232,885,1235
5233,885,652
5234,885,9
5235,885,1219
5236,885,782
5237,885,1289
5238,885,658
5239,885,78
5240,885,1275
5241,885,741
5242,885,1434
5243,885,886
5244,885,1325
5245,885,776
5246,885,140
5247,885,760
5248,885,749
5249,885,112
5250,885,461
5251,885,436
5252,885,20
5253,885,346
5254,885,621
5255,885,1051
5256,885,1362
5257,885,872
5258,885,614
5259,885,1323
5260,885,1008
5261,885,1183
5262,374,1074
5263,374,638
5264,374,931
5265,374,726
5266,374,1213
5267,374,1272
5268,374,325
5269,374,1157
5270,374,57
5271,374,1454
5272,374,919
5273,374,332
5274,374,1068
5275,374,1181
5276,374,548
5277,374,1270
5278,374,564
5279,374,1280
5280,374,717
5281,374,925
5282,374,1080
5283,374,759
5284,374,589
5285,374,623
5286,374,45
5287,374,1443
5288,374,1283
5289,374,936
5290,374,66
5291,374,279
5292,374,365
5293,374,728
5294,374,18
5295,374,913
5296,374,201
5297,374,1201
5298,374,1211
5299,374,599
5300,374,1344
5301,374,1130
5302,374,1322
5303,374,219
5304,374,73
5305,374,36
5306,374,877
5307,374,838
5308,374,153
5309,374,71
5310,374,833
5311,374,1450
5312,374,1063
5313,374,702
5314,374,316
5315,374,445
5316,374,1242
5317,374,411
5318,374,267
5319,374,298
5320,374,590
5321,374,1347
5322,374,835
5323,374,1439
5324,374,410
5325,374,1155
5326,374,779
5327,374,716
5328,374,197
5329,374,679
5330,374,1210
5331,374,1337
5332,374,1029
5333,374,976
5334,374,525
5335,374,624
5336,374,604
5337,374,241
5338,374,579
5339,374,1358
5340,374,794
5341,374,661
5342,374,157
5343,374,254
5344,374,934
5345,374,1420
5346,374,1306
5347,374,603
5348,374,1204
5349,374,327
5350,374,253
5351,374,1455
5352,374,1066
5353,374,885
5354,374,626
5355,374,248
5356,374,374
5357,374,625
5358,374,250
5359,374,1202
5360,374,1257
5361,374,1391
5362,374,225
5363,374,656
5364,374,92
5365,374,553
5366,374,223
5367,374,567
5368,374,693
5369,374,1425
5370,374,824
5371,374,79
5372,374,1265
5373,374,753
5374,374,508
5375,374,1188
5376,374,6
5377,374,1297
5378,374,232
5379,374,602
5380,374,311
5381,374,663
5382,374,70
5383,374,314
5384,374,174
5385,374,88
5386,374,1437
5387,374,1310
5388,374,421
5389,374,1435
5390,374,958
5391,374,761
5392,374,597
5393,374,859
5394,374,1162
5395,374,512
5396,374,642
5397,374,478
5398,374,277
5399,374,320
5400,374,63
5401,374,450
5402,374,540
5403,374,268
5404,374,193
5405,374,1361
5406,374,134
5407,374,535
5408,374,1342
5409,374,860
5410,374,125
5411,374,162
5412,374,348
5413,374,758
5414,374,665
5415,374,817
5416,374,265
5417,374,1120
5418,374,598
5419,374,588
5420,374,709
5421,374,767
5422,374,5
5423,374,549
5424,374,1220
5425,374,308
5426,374,1055
5427,374,1179
5428,374,1178
5429,374,1138
5430,374,288
5431,374,116
5432,374,700
5433,374,696
5434,374,1026
5435,374,328
5436,374,1151
5437,374,1117
5438,374,806
5439,374,565
5440,374,262
5441,374,1121
5442,374,639
5443,374,810
5444,374,595
5445,374,147
5446,374,456
5447,374,1312
5448,374,1400
5449,374,566
5450,374,345
5451,374,940
5452,374,81
5453,374,1048
5454,374,811
5455,374,67
5456,374,68
5457,374,1062
5458,374,841
5459,374,704
5460,374,511
5461,374,1108
5462,374,884
5463,374,771
5464,374,846
5465,374,644
5466,374,437
5467,374,923
5468,374,55
5469,374,28
5470,374,763
5471,374,17
5472,374,1020
5473,374,1071
5474,374,486
5475,374,908
5476,374,1345
5477,374,376
5478,374,1192
5479,374,353
5480,374,1348
5481,374,724
5482,374,721
5483,374,1093
5484,374,296
5485,374,606
5486,374,1320
5487,374,395
5488,374,968
5489,374,698
5490,374,338
5491,374,367
5492,374,997
5493,374,970
5494,374,109
5495,374,1079
5496,374,600
5497,374,1018
5498,374,1154
5499,374,292
5500,374,1061
5501,374,366
5502,374,196
5503,374,1331
5504,374,1239
5505,374,363
5506,374,774
5507,374,711
5508,374,165
5509,374,1003
5510,374,307
5511,374,620
5512,374,1230
5513,374,822
5514,374,221
5515,374,335
5516,374,732
5517,374,452
5518,374,74
5519,374,357
5520,374,649
5521,374,619
5522,374,541
5523,374,1032
5524,374,880
5525,374,260
5526,374,1115
5527,374,664
5528,374,582
5529,374,15
5530,374,384
5531,374,1415
5532,374,1254
5533,374,1246
5534,374,287
5535,374,879
5536,374,1294
5537,374,1132
5538,374,745
5539,374,453
5540,374,226
5541,374,1368
5542,374,1412
5543,374,1333
5544,374,1143
5545,374,1410
5546,374,1193
5547,374,654
5548,374,856
5549,374,1176
5550,374,208
5551,374,8
5552,374,657
5553,374,233
5554,374,484
5555,374,703
5556,374,1142
5557,374,1164
5558,374,768
5559,374,371
5560,374,938
5561,374,1380
5562,374,1438
5563,374,1407
5564,374,1229
5565,374,281
5566,374,1223
5567,374,1290
5568,374,1401
5569,374,44
5570,374,1092
5571,374,462
5572,374,980
5573,374,14
5574,374,755
5575,374,428
5576,374,900
5577,374,186
5578,374,899
5579,374,829
5580,374,691
5581,374,991
5582,374,629
5583,374,734
5584,374,149
5585,374,1054
5586,374,939
5587,374,1150
5588,374,947
5589,374,1173
5590,374,342
5591,374,1078
5592,374,205
5593,374,300
5594,374,413
5595,374,199
5596,374,394
5597,374,378
5598,374,1056
5599,374,650
5600,374,668
5601,374,117
5602,374,476
5603,374,405
5604,374,1148
5605,374,676
5606,374,1058
5607,374,1197
5608,374,432
5609,374,793
5610,374,195
5611,374,568
5612,374,814
5613,374,1135
5614,374,272
5615,374,688
5616,374,163
5617,374,447
5618,374,273
5619,374,1441
5620,374,802
5621,374,855
5622,374,577
5623,374,819
5624,374,283
5625,374,1433
5626,374,334
5627,374,1153
5628,374,1167
5629,374,247
5630,374,586
5631,374,962
5632,374,312
5633,374,695
5634,374,294
5635,374,1226
5636,374,454
5637,374,133
5638,374,955
5639,374,1324
5640,374,1370
5641,374,364
5642,374,1111
5643,374,1392
5644,374,297
5645,374,751
5646,374,999
5647,374,550
5648,374,573
5649,374,909
5650,374,1025
5651,374,1064
5652,374,1311
5653,374,379
5654,374,1432
5655,374,1277
5656,374,1446
5657,374,1075
5658,374,263
5659,374,1343
5660,374,1417
5661,374,957
5662,374,1156
5663,374,840
5664,374,60
5665,374,373
5666,374,678
5667,374,821
5668,374,126
5669,374,1321
5670,374,1095
5671,374,842
5672,374,355
5673,374,780
5674,374,215
5675,374,501
5676,374,528
5677,374,52
5678,374,1069
5679,374,264
5680,374,1449
5681,374,409
5682,374,1301
5683,374,662
5684,374,867
5685,374,581
5686,374,276
5687,374,974
5688,374,611
5689,374,538
5690,374,164
5691,374,1057
5692,374,671
5693,374,673
5694,374,477
5695,374,801
5696,374,1206
5697,374,1444
5698,374,1291
5699,374,685
5700,374,190
5701,374,1027
5702,374,1031
5703,374,960
5704,374,660
5705,374,231
5706,374,1304
5707,374,315
5708,374,1060
5709,374,690
5710,374,166
5711,374,102
5712,374,605
5713,374,1110
5714,374,680
5715,374,110
5716,374,58
5717,374,446
5718,374,1222
5719,374,31
5720,374,422
5721,374,42
5722,374,1022
5723,374,1102
5724,374,389
5725,374,646
5726,374,616
5727,374,1268
5728,374,978
5729,374,981
5730,374,289
5731,374,748
5732,374,171
5733,374,1351
5734,374,918
5735,374,733
5736,374,1172
5737,374,933
5738,374,1421
5739,374,1430
5740,374,170
5741,374,473
5742,374,1372
5743,374,979
5744,374,808
5745,374,667
5746,374,64
5747,374,404
5748,374,1235
5749,374,652
5750,374,9
5751,374,1219
5752,374,782
5753,374,1289
5754,374,54
5755,374,78
5756,374,1434
5757,374,886
5758,374,776
5759,374,140
5760,374,760
5761,374,749
5762,374,112
5763,374,461
5764,374,902
5765,374,436
5766,374,20
5767,374,346
5768,374,614
5769,374,1183
5770,250,134
5771,250,1222
5772,1202,1374
5773,1202,1074
5774,1202,898
5775,1202,636
5776,1202,1114
5777,1202,387
5778,1202,638
5779,1202,555
5780,1202,516
5781,1202,331
5782,1202,1213
5783,1202,347
5784,1202,1007
5785,1202,796
5786,1202,185
5787,1202,1228
5788,1202,1278
5789,1202,115
5790,1202,618
5791,1202,706
5792,1202,1272
5793,1202,769
5794,1202,1157
5795,1202,235
5796,1202,504
5797,1202,302
5798,1202,1454
5799,1202,919
5800,1202,332
5801,1202,1068
5802,1202,1181
5803,1202,187
5804,1202,351
5805,1202,548
5806,1202,1354
5807,1202,47
5808,1202,628
5809,1202,1270
5810,1202,420
5811,1202,564
5812,1202,1255
5813,1202,717
5814,1202,1091
5815,1202,136
5816,1202,1357
5817,1202,1080
5818,1202,759
5819,1202,1330
5820,1202,739
5821,1202,623
5822,1202,1152
5823,1202,1263
5824,1202,1443
5825,1202,728
5826,1202,18
5827,1202,718
5828,1202,1116
5829,1202,156
5830,1202,913
5831,1202,306
5832,1202,201
5833,1202,1201
5834,1202,1067
5835,1202,972
5836,1202,448
5837,1202,1373
5838,1202,161
5839,1202,1428
5840,1202,599
5841,1202,43
5842,1202,1344
5843,1202,1346
5844,1202,576
5845,1202,1322
5846,1202,219
5847,1202,73
5848,1202,369
5849,1202,838
5850,1202,792
5851,1202,153
5852,1202,1169
5853,1202,489
5854,1202,1352
5855,1202,34
5856,1202,1002
5857,1202,551
5858,1202,1359
5859,1202,833
5860,1202,1450
5861,1202,1063
5862,1202,702
5863,1202,204
5864,1202,1087
5865,1202,513
5866,1202,445
5867,1202,1242
5868,1202,1376
5869,1202,210
5870,1202,411
5871,1202,1293
5872,1202,1035
5873,1202,229
5874,1202,1081
5875,1202,869
5876,1202,274
5877,1202,922
5878,1202,1347
5879,1202,835
5880,1202,410
5881,1202,1155
5882,1202,224
5883,1202,522
5884,1202,779
5885,1202,80
5886,1202,1363
5887,1202,383
5888,1202,197
5889,1202,1210
5890,1202,1337
5891,1202,1398
5892,1202,917
5893,1202,1029
5894,1202,637
5895,1202,976
5896,1202,525
5897,1202,624
5898,1202,144
5899,1202,241
5900,1202,579
5901,1202,1112
5902,1202,434
5903,1202,1358
5904,1202,1233
5905,1202,794
5906,1202,1284
5907,1202,157
5908,1202,1327
5909,1202,524
5910,1202,864
5911,1202,32
5912,1202,1281
5913,1202,870
5914,1202,1404
5915,1202,254
5916,1202,1098
5917,1202,934
5918,1202,1306
5919,1202,1204
5920,1202,1336
5921,1202,1198
5922,1202,327
5923,1202,904
5924,1202,211
5925,1202,286
5926,1202,719
5927,1202,830
5928,1202,138
5929,1202,322
5930,1202,1326
5931,1202,114
5932,1202,433
5933,1202,683
5934,1202,812
5935,1202,885
5936,1202,626
5937,1202,248
5938,1202,374
5939,1202,669
5940,1202,1122
5941,1202,206
5942,1202,250
5943,1202,1202
5944,1202,1391
5945,1202,225
5946,1202,1113
5947,1202,766
5948,1202,200
5949,1202,656
5950,1202,301
5951,1202,92
5952,1202,259
5953,1202,553
5954,1202,223
5955,1202,567
5956,1202,321
5957,1202,455
5958,1202,693
5959,1202,847
5960,1202,106
5961,1202,670
5962,1202,1425
5963,1202,824
5964,1202,1076
5965,1202,189
5966,1202,1250
5967,1202,508
5968,1202,1188
5969,1202,6
5970,1202,1409
5971,1202,1297
5972,1202,232
5973,1202,311
5974,1202,663
5975,1202,314
5976,1202,174
5977,1202,1195
5978,1202,88
5979,1202,1437
5980,1202,1310
5981,1202,1435
5982,1202,481
5983,1202,958
5984,1202,761
5985,1202,154
5986,1202,597
5987,1202,11
5988,1202,859
5989,1202,697
5990,1202,1162
5991,1202,177
5992,1202,266
5993,1202,512
5994,1202,502
5995,1202,642
5996,1202,478
5997,1202,1260
5998,1202,203
5999,1202,40
6000,1202,7
6001,1202,1224
6002,1202,277
6003,1202,1136
6004,1202,63
6005,1202,337
6006,1202,505
6007,1202,540
6008,1202,268
6009,1202,1431
6010,1202,1006
6011,1202,431
6012,1202,1168
6013,1202,1361
6014,1202,134
6015,1202,1364
6016,1202,539
6017,1202,556
6018,1202,946
6019,1202,843
6020,1202,1161
6021,1202,535
6022,1202,127
6023,1202,1342
6024,1202,313
6025,1202,125
6026,1202,348
6027,1202,758
6028,1202,309
6029,1202,1334
6030,1202,468
6031,1202,280
6032,1202,396
6033,1202,1186
6034,1202,729
6035,1202,1024
6036,1202,783
6037,1202,1332
6038,1202,791
6039,1202,764
6040,1202,1120
6041,1202,598
6042,1202,1123
6043,1202,1353
6044,1202,588
6045,1202,709
6046,1202,857
6047,1202,46
6048,1202,1128
6049,1202,767
6050,1202,1388
6051,1202,549
6052,1202,1220
6053,1202,932
6054,1202,713
6055,1202,1055
6056,1202,304
6057,1202,1100
6058,1202,926
6059,1202,542
6060,1202,418
6061,1202,1077
6062,1202,270
6063,1202,546
6064,1202,333
6065,1202,1179
6066,1202,993
6067,1202,765
6068,1202,1178
6069,1202,1138
6070,1202,487
6071,1202,1445
6072,1202,271
6073,1202,1305
6074,1202,1133
6075,1202,1241
6076,1202,696
6077,1202,520
6078,1202,1381
6079,1202,328
6080,1202,1340
6081,1202,1182
6082,1202,275
6083,1202,1083
6084,1202,737
6085,1202,1221
6086,1202,565
6087,1202,393
6088,1202,865
6089,1202,262
6090,1202,1121
6091,1202,788
6092,1202,324
6093,1202,911
6094,1202,1127
6095,1202,534
6096,1202,893
6097,1202,639
6098,1202,547
6099,1202,554
6100,1202,1396
6101,1202,1010
6102,1202,131
6103,1202,269
6104,1202,147
6105,1202,456
6106,1202,989
6107,1202,1400
6108,1202,566
6109,1202,345
6110,1202,940
6111,1202,929
6112,1202,81
6113,1202,666
6114,1202,1187
6115,1202,790
6116,1202,1048
6117,1202,356
6118,1202,572
6119,1202,218
6120,1202,1316
6121,1202,967
6122,1202,826
6123,1202,67
6124,1202,439
6125,1202,610
6126,1202,1131
6127,1202,68
6128,1202,1107
6129,1202,1062
6130,1202,927
6131,1202,841
6132,1202,861
6133,1202,1005
6134,1202,704
6135,1202,246
6136,1202,1207
6137,1202,1382
6138,1202,617
6139,1202,1108
6140,1202,884
6141,1202,771
6142,1202,846
6143,1202,53
6144,1202,644
6145,1202,437
6146,1202,923
6147,1202,832
6148,1202,1371
6149,1202,55
6150,1202,28
6151,1202,1124
6152,1202,151
6153,1202,763
6154,1202,284
6155,1202,1020
6156,1202,848
6157,1202,463
6158,1202,1011
6159,1202,1071
6160,1202,180
6161,1202,392
6162,1202,486
6163,1202,198
6164,1202,21
6165,1202,677
6166,1202,61
6167,1202,89
6168,1202,529
6169,1202,722
6170,1202,376
6171,1202,388
6172,1202,100
6173,1202,965
6174,1202,731
6175,1202,353
6176,1202,1348
6177,1202,756
6178,1202,878
6179,1202,91
6180,1202,101
6181,1202,721
6182,1202,1093
6183,1202,296
6184,1202,1440
6185,1202,27
6186,1202,1338
6187,1202,341
6188,1202,606
6189,1202,1320
6190,1202,587
6191,1202,395
6192,1202,1369
6193,1202,209
6194,1202,146
6195,1202,698
6196,1202,338
6197,1202,367
6198,1202,591
6199,1202,1269
6200,1202,966
6201,1202,518
6202,1202,997
6203,1202,318
6204,1202,109
6205,1202,291
6206,1202,1079
6207,1202,600
6208,1202,601
6209,1202,243
6210,1202,244
6211,1202,1018
6212,1202,851
6213,1202,48
6214,1202,1408
6215,1202,1154
6216,1202,292
6217,1202,1061
6218,1202,366
6219,1202,196
6220,1202,191
6221,1202,906
6222,1202,1331
6223,1202,483
6224,1202,1239
6225,1202,1231
6226,1202,182
6227,1202,363
6228,1202,521
6229,1202,711
6230,1202,1003
6231,1202,137
6232,1202,307
6233,1202,290
6234,1202,1423
6235,1202,256
6236,1202,359
6237,1202,715
6238,1202,523
6239,1202,723
6240,1202,1230
6241,1202,469
6242,1202,822
6243,1202,1017
6244,1202,732
6245,1202,452
6246,1202,785
6247,1202,74
6248,1202,613
6249,1202,1101
6250,1202,1043
6251,1202,1103
6252,1202,357
6253,1202,649
6254,1202,619
6255,1202,541
6256,1202,1032
6257,1202,1360
6258,1202,986
6259,1202,260
6260,1202,460
6261,1202,1115
6262,1202,708
6263,1202,582
6264,1202,15
6265,1202,1442
6266,1202,59
6267,1202,1415
6268,1202,612
6269,1202,339
6270,1202,1254
6271,1202,1246
6272,1202,87
6273,1202,287
6274,1202,415
6275,1202,398
6276,1202,245
6277,1202,1393
6278,1202,1132
6279,1202,1105
6280,1202,1215
6281,1202,745
6282,1202,226
6283,1202,1368
6284,1202,1412
6285,1202,385
6286,1202,145
6287,1202,24
6288,1202,1040
6289,1202,1273
6290,1202,1084
6291,1202,1410
6292,1202,1149
6293,1202,654
6294,1202,856
6295,1202,1176
6296,1202,1
6297,1202,1394
6298,1202,874
6299,1202,1279
6300,1202,1082
6301,1202,208
6302,1202,924
6303,1202,330
6304,1202,8
6305,1202,882
6306,1202,86
6307,1202,950
6308,1202,777
6309,1202,545
6310,1202,1164
6311,1202,768
6312,1202,371
6313,1202,414
6314,1202,1380
6315,1202,1438
6316,1202,1019
6317,1202,994
6318,1202,230
6319,1202,1407
6320,1202,1229
6321,1202,797
6322,1202,465
6323,1202,281
6324,1202,1059
6325,1202,1290
6326,1202,1401
6327,1202,687
6328,1202,44
6329,1202,496
6330,1202,462
6331,1202,354
6332,1202,980
6333,1202,16
6334,1202,14
6335,1202,755
6336,1202,1395
6337,1202,900
6338,1202,186
6339,1202,899
6340,1202,829
6341,1202,691
6342,1202,991
6343,1202,959
6344,1202,1308
6345,1202,895
6346,1202,740
6347,1202,578
6348,1202,563
6349,1202,659
6350,1202,629
6351,1202,942
6352,1202,734
6353,1202,149
6354,1202,995
6355,1202,983
6356,1202,939
6357,1202,1013
6358,1202,1173
6359,1202,236
6360,1202,342
6361,1202,831
6362,1202,1137
6363,1202,517
6364,1202,419
6365,1202,1041
6366,1202,107
6367,1202,648
6368,1202,640
6369,1202,1050
6370,1202,1171
6371,1202,239
6372,1202,1078
6373,1202,205
6374,1202,413
6375,1202,199
6376,1202,417
6377,1202,394
6378,1202,378
6379,1202,1056
6380,1202,1159
6381,1202,188
6382,1202,668
6383,1202,117
6384,1202,305
6385,1202,476
6386,1202,499
6387,1202,35
6388,1202,405
6389,1202,1148
6390,1202,676
6391,1202,1058
6392,1202,482
6393,1202,1065
6394,1202,1197
6395,1202,432
6396,1202,152
6397,1202,251
6398,1202,793
6399,1202,195
6400,1202,1125
6401,1202,440
6402,1202,814
6403,1202,1135
6404,1202,1045
6405,1202,272
6406,1202,688
6407,1202,1367
6408,1202,543
6409,1202,163
6410,1202,491
6411,1202,343
6412,1202,1441
6413,1202,25
6414,1202,552
6415,1202,577
6416,1202,1090
6417,1202,1251
6418,1202,76
6419,1202,819
6420,1202,283
6421,1202,1177
6422,1202,799
6423,1202,863
6424,1202,402
6425,1202,1252
6426,1202,1052
6427,1202,1433
6428,1202,334
6429,1202,1153
6430,1202,255
6431,1202,247
6432,1202,586
6433,1202,1288
6434,1202,1314
6435,1202,962
6436,1202,312
6437,1202,344
6438,1202,695
6439,1202,294
6440,1202,454
6441,1202,240
6442,1202,133
6443,1202,400
6444,1202,928
6445,1202,537
6446,1202,955
6447,1202,1324
6448,1202,1163
6449,1202,1370
6450,1202,364
6451,1202,1111
6452,1202,892
6453,1202,772
6454,1202,98
6455,1202,1392
6456,1202,494
6457,1202,297
6458,1202,1184
6459,1202,12
6460,1202,1267
6461,1202,372
6462,1202,526
6463,1202,786
6464,1202,1104
6465,1202,999
6466,1202,573
6467,1202,909
6468,1202,1025
6469,1202,757
6470,1202,1064
6471,1202,1175
6472,1202,712
6473,1202,510
6474,1202,784
6475,1202,1311
6476,1202,379
6477,1202,1432
6478,1202,1277
6479,1202,1411
6480,1202,1016
6481,1202,340
6482,1202,1075
6483,1202,1190
6484,1202,1424
6485,1202,738
6486,1202,263
6487,1202,1343
6488,1202,945
6489,1202,891
6490,1202,1417
6491,1202,485
6492,1202,175
6493,1202,1234
6494,1202,1156
6495,1202,840
6496,1202,789
6497,1202,60
6498,1202,678
6499,1202,875
6500,1202,412
6501,1202,821
6502,1202,1095
6503,1202,842
6504,1202,0
6505,1202,907
6506,1202,355
6507,1202,780
6508,1202,1038
6509,1202,215
6510,1202,836
6511,1202,479
6512,1202,172
6513,1202,501
6514,1202,949
6515,1202,407
6516,1202,1259
6517,1202,51
6518,1202,1030
6519,1202,264
6520,1202,1449
6521,1202,75
6522,1202,998
6523,1202,561
6524,1202,1301
6525,1202,662
6526,1202,1384
6527,1202,867
6528,1202,150
6529,1202,1414
6530,1202,1285
6531,1202,581
6532,1202,349
6533,1202,1232
6534,1202,611
6535,1202,538
6536,1202,164
6537,1202,1303
6538,1202,1292
6539,1202,1057
6540,1202,1248
6541,1202,655
6542,1202,477
6543,1202,1329
6544,1202,801
6545,1202,93
6546,1202,592
6547,1202,1444
6548,1202,1044
6549,1202,515
6550,1202,519
6551,1202,1253
6552,1202,1291
6553,1202,685
6554,1202,992
6555,1202,1086
6556,1202,1451
6557,1202,1072
6558,1202,1053
6559,1202,1031
6560,1202,699
6561,1202,750
6562,1202,635
6563,1202,960
6564,1202,868
6565,1202,990
6566,1202,660
6567,1202,285
6568,1202,803
6569,1202,1085
6570,1202,1300
6571,1202,231
6572,1202,350
6573,1202,315
6574,1202,883
6575,1202,1060
6576,1202,480
6577,1202,583
6578,1202,530
6579,1202,762
6580,1202,166
6581,1202,1144
6582,1202,1313
6583,1202,984
6584,1202,1110
6585,1202,943
6586,1202,13
6587,1202,634
6588,1202,110
6589,1202,58
6590,1202,446
6591,1202,1222
6592,1202,686
6593,1202,1452
6594,1202,422
6595,1202,42
6596,1202,1418
6597,1202,1022
6598,1202,1102
6599,1202,319
6600,1202,389
6601,1202,646
6602,1202,616
6603,1202,641
6604,1202,910
6605,1202,1268
6606,1202,978
6607,1202,805
6608,1202,981
6609,1202,289
6610,1202,748
6611,1202,171
6612,1202,743
6613,1202,1351
6614,1202,918
6615,1202,733
6616,1202,933
6617,1202,1430
6618,1202,170
6619,1202,473
6620,1202,808
6621,1202,299
6622,1202,667
6623,1202,64
6624,1202,404
6625,1202,571
6626,1202,1413
6627,1202,33
6628,1202,124
6629,1202,652
6630,1202,26
6631,1202,1219
6632,1202,889
6633,1202,782
6634,1202,1289
6635,1202,1275
6636,1202,741
6637,1202,1434
6638,1202,886
6639,1202,749
6640,1202,112
6641,1202,461
6642,1202,952
6643,1202,20
6644,1202,346
6645,1202,621
6646,1202,1051
6647,1202,1362
6648,1202,614
6649,1202,1323
6650,1202,1008
6651,1202,1183
6652,1391,638
6653,1391,325
6654,1391,1454
6655,1391,1283
6656,1391,728
6657,1391,1211
6658,1391,34
6659,1391,716
6660,1391,1402
6661,1391,374
6662,1391,1391
6663,1391,656
6664,1391,663
6665,1391,1136
6666,1391,134
6667,1391,696
6668,1391,1151
6669,1391,565
6670,1391,639
6671,1391,810
6672,1391,595
6673,1391,147
6674,1391,456
6675,1391,884
6676,1391,392
6677,1391,721
6678,1391,997
6679,1391,1408
6680,1391,1032
6681,1391,582
6682,1391,980
6683,1391,629
6684,1391,983
6685,1391,413
6686,1391,199
6687,1391,819
6688,1391,586
6689,1391,695
6690,1391,1226
6691,1391,751
6692,1391,1432
6693,1391,842
6694,1391,190
6695,1391,990
6696,1391,58
6697,1391,1222
6698,1391,652
6699,903,1074
6700,903,638
6701,903,931
6702,903,331
6703,903,726
6704,903,1213
6705,903,360
6706,903,347
6707,903,1007
6708,903,1272
6709,903,325
6710,903,57
6711,903,684
6712,903,361
6713,903,19
6714,903,919
6715,903,1068
6716,903,1181
6717,903,351
6718,903,548
6719,903,1270
6720,903,564
6721,903,1280
6722,903,1255
6723,903,717
6724,903,136
6725,903,1357
6726,903,1080
6727,903,759
6728,903,589
6729,903,623
6730,903,1443
6731,903,754
6732,903,936
6733,903,66
6734,903,279
6735,903,365
6736,903,728
6737,903,18
6738,903,438
6739,903,718
6740,903,913
6741,903,201
6742,903,972
6743,903,599
6744,903,1344
6745,903,435
6746,903,1208
6747,903,576
6748,903,1322
6749,903,153
6750,903,1169
6751,903,489
6752,903,1352
6753,903,34
6754,903,551
6755,903,207
6756,903,833
6757,903,1063
6758,903,702
6759,903,513
6760,903,316
6761,903,445
6762,903,210
6763,903,411
6764,903,1293
6765,903,229
6766,903,922
6767,903,590
6768,903,835
6769,903,1439
6770,903,1155
6771,903,224
6772,903,779
6773,903,1363
6774,903,1402
6775,903,197
6776,903,1210
6777,903,1337
6778,903,1398
6779,903,976
6780,903,624
6781,903,434
6782,903,1358
6783,903,1327
6784,903,864
6785,903,254
6786,903,982
6787,903,1420
6788,903,1306
6789,903,603
6790,903,492
6791,903,1204
6792,903,1336
6793,903,327
6794,903,433
6795,903,253
6796,903,1455
6797,903,1066
6798,903,885
6799,903,626
6800,903,248
6801,903,374
6802,903,669
6803,903,250
6804,903,1391
6805,903,225
6806,903,1299
6807,903,766
6808,903,656
6809,903,92
6810,903,553
6811,903,223
6812,903,567
6813,903,693
6814,903,106
6815,903,1425
6816,903,824
6817,903,643
6818,903,79
6819,903,1265
6820,903,508
6821,903,1188
6822,903,1297
6823,903,232
6824,903,311
6825,903,663
6826,903,681
6827,903,70
6828,903,174
6829,903,88
6830,903,1437
6831,903,421
6832,903,958
6833,903,859
6834,903,585
6835,903,502
6836,903,642
6837,903,478
6838,903,40
6839,903,120
6840,903,277
6841,903,1136
6842,903,320
6843,903,63
6844,903,540
6845,903,1134
6846,903,1361
6847,903,544
6848,903,1194
6849,903,134
6850,903,1364
6851,903,556
6852,903,127
6853,903,1342
6854,903,125
6855,903,162
6856,903,758
6857,903,665
6858,903,1334
6859,903,817
6860,903,850
6861,903,468
6862,903,396
6863,903,1024
6864,903,783
6865,903,1120
6866,903,598
6867,903,588
6868,903,709
6869,903,46
6870,903,549
6871,903,308
6872,903,304
6873,903,1077
6874,903,1179
6875,903,993
6876,903,1178
6877,903,901
6878,903,288
6879,903,116
6880,903,1133
6881,903,696
6882,903,1026
6883,903,328
6884,903,1151
6885,903,1182
6886,903,275
6887,903,806
6888,903,985
6889,903,565
6890,903,865
6891,903,262
6892,903,1349
6893,903,893
6894,903,639
6895,903,810
6896,903,547
6897,903,317
6898,903,595
6899,903,1010
6900,903,131
6901,903,96
6902,903,456
6903,903,345
6904,903,81
6905,903,1048
6906,903,811
6907,903,826
6908,903,67
6909,903,68
6910,903,841
6911,903,1005
6912,903,246
6913,903,884
6914,903,437
6915,903,672
6916,903,55
6917,903,28
6918,903,257
6919,903,536
6920,903,763
6921,903,1106
6922,903,1020
6923,903,848
6924,903,463
6925,903,1071
6926,903,392
6927,903,1345
6928,903,376
6929,903,388
6930,903,731
6931,903,353
6932,903,724
6933,903,91
6934,903,101
6935,903,721
6936,903,1093
6937,903,1338
6938,903,606
6939,903,1320
6940,903,216
6941,903,1369
6942,903,968
6943,903,338
6944,903,183
6945,903,367
6946,903,997
6947,903,970
6948,903,109
6949,903,600
6950,903,1154
6951,903,292
6952,903,1061
6953,903,196
6954,903,1331
6955,903,483
6956,903,1239
6957,903,363
6958,903,307
6959,903,1423
6960,903,1427
6961,903,359
6962,903,715
6963,903,1097
6964,903,1230
6965,903,822
6966,903,852
6967,903,221
6968,903,732
6969,903,357
6970,903,649
6971,903,619
6972,903,1032
6973,903,1360
6974,903,260
6975,903,664
6976,903,708
6977,903,1415
6978,903,1254
6979,903,1246
6980,903,398
6981,903,879
6982,903,245
6983,903,580
6984,903,745
6985,903,226
6986,903,1368
6987,903,1412
6988,903,1333
6989,903,385
6990,903,145
6991,903,24
6992,903,1143
6993,903,1410
6994,903,1028
6995,903,1193
6996,903,1217
6997,903,1176
6998,903,129
6999,903,1394
7000,903,1170
7001,903,8
7002,903,777
7003,903,657
7004,903,233
7005,903,484
7006,903,1142
7007,903,768
7008,903,371
7009,903,429
7010,903,1407
7011,903,1229
7012,903,281
7013,903,845
7014,903,1118
7015,903,1290
7016,903,687
7017,903,44
7018,903,1092
7019,903,462
7020,903,980
7021,903,755
7022,903,428
7023,903,899
7024,903,829
7025,903,991
7026,903,895
7027,903,659
7028,903,734
7029,903,1054
7030,903,939
7031,903,370
7032,903,1150
7033,903,947
7034,903,1173
7035,903,342
7036,903,419
7037,903,205
7038,903,300
7039,903,413
7040,903,199
7041,903,417
7042,903,394
7043,903,378
7044,903,1056
7045,903,188
7046,903,117
7047,903,499
7048,903,405
7049,903,1148
7050,903,1197
7051,903,432
7052,903,568
7053,903,814
7054,903,1135
7055,903,1045
7056,903,272
7057,903,163
7058,903,447
7059,903,1441
7060,903,819
7061,903,283
7062,903,1433
7063,903,334
7064,903,1153
7065,903,1167
7066,903,255
7067,903,247
7068,903,3
7069,903,1314
7070,903,344
7071,903,695
7072,903,294
7073,903,1243
7074,903,133
7075,903,928
7076,903,955
7077,903,1324
7078,903,1163
7079,903,1370
7080,903,364
7081,903,1111
7082,903,892
7083,903,494
7084,903,297
7085,903,550
7086,903,573
7087,903,909
7088,903,757
7089,903,1383
7090,903,1064
7091,903,862
7092,903,1175
7093,903,712
7094,903,1311
7095,903,379
7096,903,1432
7097,903,1446
7098,903,1075
7099,903,1424
7100,903,738
7101,903,263
7102,903,1343
7103,903,1328
7104,903,1417
7105,903,1089
7106,903,957
7107,903,1156
7108,903,645
7109,903,1426
7110,903,60
7111,903,373
7112,903,678
7113,903,821
7114,903,1141
7115,903,303
7116,903,780
7117,903,1038
7118,903,501
7119,903,1030
7120,903,264
7121,903,1449
7122,903,409
7123,903,1301
7124,903,662
7125,903,1384
7126,903,867
7127,903,1414
7128,903,611
7129,903,477
7130,903,801
7131,903,1444
7132,903,519
7133,903,1291
7134,903,685
7135,903,992
7136,903,190
7137,903,1053
7138,903,1031
7139,903,699
7140,903,960
7141,903,990
7142,903,660
7143,903,803
7144,903,231
7145,903,1304
7146,903,883
7147,903,1060
7148,903,762
7149,903,166
7150,903,102
7151,903,1110
7152,903,634
7153,903,110
7154,903,446
7155,903,1222
7156,903,31
7157,903,646
7158,903,641
7159,903,1268
7160,903,289
7161,903,748
7162,903,171
7163,903,1351
7164,903,918
7165,903,733
7166,903,1430
7167,903,170
7168,903,49
7169,903,473
7170,903,1372
7171,903,979
7172,903,808
7173,903,64
7174,903,404
7175,903,1413
7176,903,33
7177,903,1235
7178,903,652
7179,903,9
7180,903,1219
7181,903,782
7182,903,54
7183,903,658
7184,903,1275
7185,903,741
7186,903,1434
7187,903,1325
7188,903,776
7189,903,140
7190,903,760
7191,903,749
7192,903,112
7193,903,461
7194,903,952
7195,903,20
7196,903,1362
7197,903,614
7198,903,1183
7199,232,1074
7200,232,1213
7201,232,1454
7202,232,919
7203,232,548
7204,232,66
7205,232,279
7206,232,599
7207,232,1208
7208,232,1130
7209,232,1322
7210,232,153
7211,232,1352
7212,232,34
7213,232,1063
7214,232,445
7215,232,298
7216,232,590
7217,232,1439
7218,232,1420
7219,232,327
7220,232,1202
7221,232,567
7222,232,693
7223,232,1250
7224,232,602
7225,232,663
7226,232,421
7227,232,1162
7228,232,277
7229,232,450
7230,232,1361
7231,232,127
7232,232,1334
7233,232,817
7234,232,288
7235,232,1305
7236,232,696
7237,232,806
7238,232,262
7239,232,147
7240,232,456
7241,232,1400
7242,232,356
7243,232,218
7244,232,1062
7245,232,927
7246,232,771
7247,232,651
7248,232,923
7249,232,77
7250,232,486
7251,232,1320
7252,232,968
7253,232,1269
7254,232,1079
7255,232,1003
7256,232,221
7257,232,619
7258,232,541
7259,232,260
7260,232,582
7261,232,745
7262,232,1333
7263,232,1410
7264,232,451
7265,232,657
7266,232,703
7267,232,768
7268,232,938
7269,232,1200
7270,232,1380
7271,232,1019
7272,232,1229
7273,232,1092
7274,232,496
7275,232,900
7276,232,186
7277,232,236
7278,232,342
7279,232,1078
7280,232,205
7281,232,1148
7282,232,1065
7283,232,568
7284,232,447
7285,232,802
7286,232,819
7287,232,283
7288,232,334
7289,232,1243
7290,232,1324
7291,232,909
7292,232,1025
7293,232,1064
7294,232,1311
7295,232,1432
7296,232,738
7297,232,263
7298,232,1343
7299,232,891
7300,232,1417
7301,232,1426
7302,232,373
7303,232,1038
7304,232,1449
7305,232,1301
7306,232,662
7307,232,867
7308,232,164
7309,232,1057
7310,232,477
7311,232,1031
7312,232,660
7313,232,680
7314,232,446
7315,232,1222
7316,232,422
7317,232,562
7318,232,289
7319,232,748
7320,232,1351
7321,232,1430
7322,232,473
7323,232,1372
7324,232,979
7325,232,9
7326,232,1219
7327,232,140
7328,232,749
7329,232,123
7330,602,726
7331,602,1213
7332,602,919
7333,602,1280
7334,602,717
7335,602,118
7336,602,1322
7337,602,838
7338,602,1352
7339,602,702
7340,602,316
7341,602,298
7342,602,590
7343,602,1439
7344,602,809
7345,602,1306
7346,602,374
7347,602,567
7348,602,1265
7349,602,753
7350,602,602
7351,602,958
7352,602,450
7353,602,1361
7354,602,860
7355,602,1179
7356,602,1305
7357,602,700
7358,602,96
7359,602,147
7360,602,456
7361,602,218
7362,602,927
7363,602,923
7364,602,292
7365,602,196
7366,602,521
7367,602,1003
7368,602,221
7369,602,1032
7370,602,582
7371,602,226
7372,602,1333
7373,602,654
7374,602,451
7375,602,233
7376,602,1164
7377,602,768
7378,602,900
7379,602,939
7380,602,342
7381,602,1078
7382,602,205
7383,602,117
7384,602,1197
7385,602,568
7386,602,447
7387,602,819
7388,602,1111
7389,602,573
7390,602,909
7391,602,1025
7392,602,1311
7393,602,1075
7394,602,1417
7395,602,840
7396,602,1426
7397,602,373
7398,602,842
7399,602,1449
7400,602,538
7401,602,1057
7402,602,685
7403,602,1031
7404,602,315
7405,602,102
7406,602,680
7407,602,446
7408,602,1222
7409,602,646
7410,602,473
7411,602,1235
7412,602,652
7413,602,1219
7414,602,54
7415,602,749
7416,602,112
7417,311,638
7418,311,726
7419,311,1007
7420,311,1454
7421,311,45
7422,311,66
7423,311,18
7424,311,599
7425,311,1322
7426,311,73
7427,311,153
7428,311,1352
7429,311,702
7430,311,316
7431,311,298
7432,311,590
7433,311,1439
7434,311,809
7435,311,1420
7436,311,1306
7437,311,1204
7438,311,1066
7439,311,693
7440,311,1425
7441,311,311
7442,311,663
7443,311,421
7444,311,860
7445,311,162
7446,311,1179
7447,311,1133
7448,311,806
7449,311,565
7450,311,262
7451,311,96
7452,311,147
7453,311,927
7454,311,704
7455,311,884
7456,311,644
7457,311,923
7458,311,721
7459,311,1320
7460,311,196
7461,311,1239
7462,311,1032
7463,311,1333
7464,311,1143
7465,311,768
7466,311,1290
7467,311,44
7468,311,900
7469,311,734
7470,311,342
7471,311,205
7472,311,199
7473,311,1197
7474,311,432
7475,311,272
7476,311,802
7477,311,819
7478,311,1433
7479,311,312
7480,311,1111
7481,311,297
7482,311,573
7483,311,909
7484,311,1311
7485,311,1432
7486,311,1417
7487,311,126
7488,311,501
7489,311,1259
7490,311,1449
7491,311,1225
7492,311,409
7493,311,662
7494,311,581
7495,311,974
7496,311,538
7497,311,1292
7498,311,1057
7499,311,507
7500,311,1304
7501,311,1060
7502,311,605
7503,311,422
7504,311,616
7505,311,1351
7506,311,170
7507,311,473
7508,311,808
7509,311,1235
7510,311,652
7511,311,1219
7512,311,741
7513,311,749
7514,311,20
7515,408,555
7516,408,931
7517,408,331
7518,408,726
7519,408,449
7520,408,1213
7521,408,1007
7522,408,115
7523,408,618
7524,408,1272
7525,408,1157
7526,408,57
7527,408,684
7528,408,500
7529,408,361
7530,408,19
7531,408,1454
7532,408,919
7533,408,332
7534,408,1068
7535,408,1181
7536,408,351
7537,408,548
7538,408,329
7539,408,564
7540,408,717
7541,408,22
7542,408,136
7543,408,1357
7544,408,1080
7545,408,759
7546,408,506
7547,408,623
7548,408,45
7549,408,1443
7550,408,1283
7551,408,754
7552,408,66
7553,408,365
7554,408,728
7555,408,18
7556,408,718
7557,408,306
7558,408,720
7559,408,201
7560,408,448
7561,408,1373
7562,408,161
7563,408,358
7564,408,599
7565,408,1256
7566,408,1344
7567,408,435
7568,408,1208
7569,408,1130
7570,408,219
7571,408,36
7572,408,877
7573,408,1169
7574,408,489
7575,408,1352
7576,408,34
7577,408,71
7578,408,551
7579,408,207
7580,408,1359
7581,408,833
7582,408,1063
7583,408,702
7584,408,316
7585,408,445
7586,408,411
7587,408,69
7588,408,475
7589,408,1293
7590,408,229
7591,408,869
7592,408,1258
7593,408,922
7594,408,590
7595,408,1347
7596,408,835
7597,408,1439
7598,408,410
7599,408,779
7600,408,1402
7601,408,197
7602,408,278
7603,408,509
7604,408,679
7605,408,95
7606,408,1210
7607,408,1337
7608,408,1398
7609,408,637
7610,408,976
7611,408,525
7612,408,144
7613,408,434
7614,408,1358
7615,408,794
7616,408,661
7617,408,1284
7618,408,1327
7619,408,864
7620,408,254
7621,408,934
7622,408,326
7623,408,982
7624,408,1420
7625,408,1306
7626,408,1204
7627,408,1198
7628,408,327
7629,408,62
7630,408,1405
7631,408,1326
7632,408,433
7633,408,1455
7634,408,1066
7635,408,812
7636,408,885
7637,408,626
7638,408,248
7639,408,374
7640,408,669
7641,408,1094
7642,408,730
7643,408,250
7644,408,1257
7645,408,1391
7646,408,656
7647,408,92
7648,408,553
7649,408,693
7650,408,847
7651,408,1033
7652,408,1425
7653,408,824
7654,408,1250
7655,408,643
7656,408,1265
7657,408,753
7658,408,508
7659,408,1188
7660,408,6
7661,408,232
7662,408,311
7663,408,408
7664,408,111
7665,408,663
7666,408,681
7667,408,88
7668,408,1437
7669,408,1310
7670,408,421
7671,408,958
7672,408,761
7673,408,154
7674,408,597
7675,408,859
7676,408,585
7677,408,575
7678,408,1162
7679,408,512
7680,408,1001
7681,408,502
7682,408,642
7683,408,478
7684,408,40
7685,408,120
7686,408,277
7687,408,1136
7688,408,63
7689,408,450
7690,408,505
7691,408,540
7692,408,268
7693,408,193
7694,408,1361
7695,408,544
7696,408,1194
7697,408,1364
7698,408,946
7699,408,441
7700,408,843
7701,408,127
7702,408,1342
7703,408,941
7704,408,125
7705,408,758
7706,408,309
7707,408,665
7708,408,850
7709,408,280
7710,408,1186
7711,408,1024
7712,408,783
7713,408,791
7714,408,764
7715,408,598
7716,408,588
7717,408,158
7718,408,709
7719,408,1128
7720,408,549
7721,408,458
7722,408,282
7723,408,308
7724,408,304
7725,408,926
7726,408,1077
7727,408,1179
7728,408,993
7729,408,1138
7730,408,495
7731,408,116
7732,408,1133
7733,408,700
7734,408,696
7735,408,1340
7736,408,275
7737,408,1117
7738,408,806
7739,408,737
7740,408,985
7741,408,1221
7742,408,262
7743,408,1121
7744,408,534
7745,408,1349
7746,408,893
7747,408,639
7748,408,810
7749,408,336
7750,408,787
7751,408,595
7752,408,147
7753,408,456
7754,408,1400
7755,408,566
7756,408,345
7757,408,940
7758,408,81
7759,408,295
7760,408,1187
7761,408,790
7762,408,905
7763,408,1048
7764,408,168
7765,408,68
7766,408,1062
7767,408,927
7768,408,841
7769,408,1005
7770,408,704
7771,408,1240
7772,408,246
7773,408,1207
7774,408,53
7775,408,644
7776,408,437
7777,408,651
7778,408,672
7779,408,55
7780,408,77
7781,408,746
7782,408,257
7783,408,1124
7784,408,763
7785,408,1020
7786,408,848
7787,408,607
7788,408,1071
7789,408,392
7790,408,486
7791,408,169
7792,408,1345
7793,408,376
7794,408,388
7795,408,965
7796,408,724
7797,408,721
7798,408,296
7799,408,474
7800,408,27
7801,408,1338
7802,408,606
7803,408,1320
7804,408,216
7805,408,587
7806,408,395
7807,408,1369
7808,408,968
7809,408,956
7810,408,698
7811,408,338
7812,408,367
7813,408,518
7814,408,997
7815,408,318
7816,408,970
7817,408,488
7818,408,109
7819,408,1237
7820,408,600
7821,408,601
7822,408,403
7823,408,1018
7824,408,1408
7825,408,1154
7826,408,292
7827,408,1061
7828,408,366
7829,408,196
7830,408,483
7831,408,1339
7832,408,1239
7833,408,363
7834,408,711
7835,408,165
7836,408,1003
7837,408,1365
7838,408,1423
7839,408,359
7840,408,1073
7841,408,620
7842,408,723
7843,408,1097
7844,408,1230
7845,408,822
7846,408,335
7847,408,732
7848,408,452
7849,408,74
7850,408,613
7851,408,1101
7852,408,1043
7853,408,357
7854,408,649
7855,408,430
7856,408,1360
7857,408,260
7858,408,664
7859,408,582
7860,408,1442
7861,408,1415
7862,408,612
7863,408,1254
7864,408,1246
7865,408,398
7866,408,879
7867,408,245
7868,408,1294
7869,408,580
7870,408,1105
7871,408,745
7872,408,1412
7873,408,1333
7874,408,385
7875,408,145
7876,408,1040
7877,408,1273
7878,408,1143
7879,408,1410
7880,408,654
7881,408,1
7882,408,451
7883,408,208
7884,408,179
7885,408,86
7886,408,777
7887,408,657
7888,408,545
7889,408,484
7890,408,1164
7891,408,768
7892,408,371
7893,408,414
7894,408,429
7895,408,1447
7896,408,1380
7897,408,1438
7898,408,1407
7899,408,1229
7900,408,1000
7901,408,1223
7902,408,845
7903,408,1118
7904,408,687
7905,408,1092
7906,408,354
7907,408,980
7908,408,14
7909,408,632
7910,408,755
7911,408,428
7912,408,900
7913,408,186
7914,408,899
7915,408,691
7916,408,991
7917,408,895
7918,408,740
7919,408,578
7920,408,10
7921,408,659
7922,408,323
7923,408,629
7924,408,734
7925,408,220
7926,408,149
7927,408,995
7928,408,983
7929,408,1054
7930,408,939
7931,408,370
7932,408,1173
7933,408,236
7934,408,342
7935,408,419
7936,408,1041
7937,408,640
7938,408,205
7939,408,300
7940,408,413
7941,408,199
7942,408,417
7943,408,394
7944,408,378
7945,408,1056
7946,408,650
7947,408,117
7948,408,499
7949,408,35
7950,408,405
7951,408,1148
7952,408,676
7953,408,1065
7954,408,432
7955,408,793
7956,408,568
7957,408,105
7958,408,1135
7959,408,272
7960,408,688
7961,408,163
7962,408,447
7963,408,273
7964,408,633
7965,408,1441
7966,408,99
7967,408,819
7968,408,799
7969,408,1252
7970,408,1433
7971,408,334
7972,408,1153
7973,408,1167
7974,408,255
7975,408,247
7976,408,3
7977,408,586
7978,408,1314
7979,408,962
7980,408,312
7981,408,344
7982,408,695
7983,408,294
7984,408,1226
7985,408,65
7986,408,1243
7987,408,133
7988,408,928
7989,408,955
7990,408,1324
7991,408,364
7992,408,1111
7993,408,494
7994,408,751
7995,408,390
7996,408,1184
7997,408,372
7998,408,526
7999,408,573
8000,408,909
8001,408,1025
8002,408,1383
8003,408,1064
8004,408,862
8005,408,1175
8006,408,1311
8007,408,533
8008,408,379
8009,408,1432
8010,408,1277
8011,408,1016
8012,408,1446
8013,408,1075
8014,408,1424
8015,408,738
8016,408,263
8017,408,1343
8018,408,1328
8019,408,891
8020,408,1417
8021,408,485
8022,408,175
8023,408,1156
8024,408,840
8025,408,645
8026,408,789
8027,408,373
8028,408,875
8029,408,821
8030,408,1095
8031,408,1379
8032,408,1141
8033,408,914
8034,408,795
8035,408,303
8036,408,355
8037,408,780
8038,408,1038
8039,408,215
8040,408,479
8041,408,172
8042,408,501
8043,408,528
8044,408,1259
8045,408,1030
8046,408,264
8047,408,1449
8048,408,75
8049,408,1225
8050,408,998
8051,408,409
8052,408,1301
8053,408,1384
8054,408,867
8055,408,1414
8056,408,581
8057,408,531
8058,408,611
8059,408,538
8060,408,1303
8061,408,1292
8062,408,1057
8063,408,155
8064,408,477
8065,408,1444
8066,408,519
8067,408,1253
8068,408,608
8069,408,1291
8070,408,685
8071,408,190
8072,408,964
8073,408,1053
8074,408,1031
8075,408,699
8076,408,960
8077,408,990
8078,408,660
8079,408,705
8080,408,1304
8081,408,350
8082,408,883
8083,408,1060
8084,408,583
8085,408,762
8086,408,166
8087,408,102
8088,408,605
8089,408,1313
8090,408,984
8091,408,1110
8092,408,680
8093,408,110
8094,408,58
8095,408,446
8096,408,1222
8097,408,1452
8098,408,31
8099,408,422
8100,408,1022
8101,408,319
8102,408,646
8103,408,616
8104,408,641
8105,408,192
8106,408,910
8107,408,1268
8108,408,978
8109,408,805
8110,408,748
8111,408,171
8112,408,743
8113,408,424
8114,408,1351
8115,408,918
8116,408,733
8117,408,1261
8118,408,1421
8119,408,1430
8120,408,170
8121,408,473
8122,408,1372
8123,408,979
8124,408,808
8125,408,299
8126,408,64
8127,408,404
8128,408,571
8129,408,1413
8130,408,1235
8131,408,652
8132,408,9
8133,408,1219
8134,408,658
8135,408,78
8136,408,1275
8137,408,741
8138,408,760
8139,408,749
8140,408,112
8141,408,436
8142,408,20
8143,408,621
8144,408,1051
8145,408,1362
8146,408,872
8147,408,1008
8148,408,1183
8149,663,1074
8150,663,331
8151,663,1213
8152,663,360
8153,663,115
8154,663,325
8155,663,684
8156,663,500
8157,663,361
8158,663,302
8159,663,1454
8160,663,919
8161,663,1181
8162,663,351
8163,663,564
8164,663,1280
8165,663,1091
8166,663,925
8167,663,1357
8168,663,1080
8169,663,623
8170,663,754
8171,663,66
8172,663,365
8173,663,728
8174,663,18
8175,663,306
8176,663,720
8177,663,448
8178,663,1373
8179,663,161
8180,663,358
8181,663,43
8182,663,1344
8183,663,1208
8184,663,653
8185,663,219
8186,663,838
8187,663,153
8188,663,34
8189,663,1002
8190,663,551
8191,663,1063
8192,663,702
8193,663,445
8194,663,1242
8195,663,1293
8196,663,922
8197,663,590
8198,663,1155
8199,663,779
8200,663,716
8201,663,197
8202,663,679
8203,663,1210
8204,663,1337
8205,663,525
8206,663,624
8207,663,579
8208,663,434
8209,663,661
8210,663,1284
8211,663,524
8212,663,864
8213,663,254
8214,663,725
8215,663,982
8216,663,1198
8217,663,114
8218,663,1066
8219,663,885
8220,663,626
8221,663,374
8222,663,625
8223,663,1391
8224,663,225
8225,663,656
8226,663,92
8227,663,567
8228,663,693
8229,663,508
8230,663,1188
8231,663,6
8232,663,408
8233,663,663
8234,663,1195
8235,663,88
8236,663,1437
8237,663,421
8238,663,958
8239,663,859
8240,663,642
8241,663,277
8242,663,1136
8243,663,63
8244,663,505
8245,663,540
8246,663,268
8247,663,544
8248,663,1194
8249,663,1364
8250,663,441
8251,663,1342
8252,663,758
8253,663,1334
8254,663,850
8255,663,1024
8256,663,588
8257,663,709
8258,663,549
8259,663,926
8260,663,1126
8261,663,1077
8262,663,1179
8263,663,993
8264,663,1178
8265,663,116
8266,663,1133
8267,663,520
8268,663,1026
8269,663,275
8270,663,737
8271,663,985
8272,663,565
8273,663,893
8274,663,639
8275,663,810
8276,663,547
8277,663,554
8278,663,595
8279,663,1010
8280,663,131
8281,663,456
8282,663,1400
8283,663,345
8284,663,940
8285,663,81
8286,663,790
8287,663,68
8288,663,1062
8289,663,927
8290,663,841
8291,663,1005
8292,663,617
8293,663,884
8294,663,644
8295,663,437
8296,663,55
8297,663,536
8298,663,763
8299,663,17
8300,663,463
8301,663,1071
8302,663,392
8303,663,486
8304,663,1345
8305,663,388
8306,663,100
8307,663,1192
8308,663,724
8309,663,1093
8310,663,474
8311,663,606
8312,663,1320
8313,663,216
8314,663,395
8315,663,338
8316,663,367
8317,663,109
8318,663,1237
8319,663,1408
8320,663,1154
8321,663,1061
8322,663,196
8323,663,1331
8324,663,1339
8325,663,774
8326,663,1003
8327,663,307
8328,663,715
8329,663,1230
8330,663,822
8331,663,852
8332,663,335
8333,663,452
8334,663,1103
8335,663,357
8336,663,649
8337,663,619
8338,663,1032
8339,663,1296
8340,663,260
8341,663,1115
8342,663,582
8343,663,15
8344,663,1415
8345,663,1246
8346,663,398
8347,663,879
8348,663,1294
8349,663,1412
8350,663,1273
8351,663,1149
8352,663,654
8353,663,451
8354,663,1394
8355,663,777
8356,663,484
8357,663,1164
8358,663,768
8359,663,371
8360,663,938
8361,663,1438
8362,663,1407
8363,663,1229
8364,663,845
8365,663,1290
8366,663,44
8367,663,1092
8368,663,496
8369,663,980
8370,663,755
8371,663,428
8372,663,234
8373,663,10
8374,663,323
8375,663,629
8376,663,734
8377,663,220
8378,663,149
8379,663,947
8380,663,1013
8381,663,1173
8382,663,342
8383,663,419
8384,663,1041
8385,663,205
8386,663,413
8387,663,199
8388,663,417
8389,663,378
8390,663,1056
8391,663,117
8392,663,499
8393,663,405
8394,663,1148
8395,663,1058
8396,663,1065
8397,663,432
8398,663,195
8399,663,814
8400,663,1135
8401,663,1045
8402,663,272
8403,663,447
8404,663,1441
8405,663,802
8406,663,819
8407,663,1177
8408,663,799
8409,663,402
8410,663,1433
8411,663,247
8412,663,586
8413,663,962
8414,663,844
8415,663,312
8416,663,294
8417,663,1226
8418,663,1243
8419,663,133
8420,663,955
8421,663,1324
8422,663,364
8423,663,1111
8424,663,494
8425,663,751
8426,663,786
8427,663,999
8428,663,573
8429,663,1311
8430,663,1432
8431,663,738
8432,663,263
8433,663,1343
8434,663,1417
8435,663,1156
8436,663,840
8437,663,412
8438,663,821
8439,663,126
8440,663,1095
8441,663,914
8442,663,842
8443,663,355
8444,663,780
8445,663,479
8446,663,1449
8447,663,409
8448,663,662
8449,663,867
8450,663,813
8451,663,276
8452,663,1292
8453,663,1057
8454,663,801
8455,663,1444
8456,663,685
8457,663,375
8458,663,1027
8459,663,1053
8460,663,660
8461,663,231
8462,663,1304
8463,663,350
8464,663,1060
8465,663,530
8466,663,762
8467,663,102
8468,663,1110
8469,663,680
8470,663,110
8471,663,58
8472,663,1222
8473,663,562
8474,663,389
8475,663,910
8476,663,289
8477,663,1351
8478,663,733
8479,663,1172
8480,663,933
8481,663,1421
8482,663,1430
8483,663,170
8484,663,473
8485,663,979
8486,663,299
8487,663,667
8488,663,64
8489,663,839
8490,663,404
8491,663,815
8492,663,1235
8493,663,652
8494,663,9
8495,663,1219
8496,663,1434
8497,663,886
8498,663,1325
8499,663,776
8500,663,760
8501,663,749
8502,663,112
8503,663,436
8504,663,621
8505,663,614
8506,663,1183
8507,1195,1074
8508,1195,636
8509,1195,638
8510,1195,931
8511,1195,331
8512,1195,1213
8513,1195,1007
8514,1195,796
8515,1195,1278
8516,1195,115
8517,1195,1272
8518,1195,1157
8519,1195,427
8520,1195,500
8521,1195,361
8522,1195,19
8523,1195,1454
8524,1195,919
8525,1195,1068
8526,1195,1181
8527,1195,548
8528,1195,564
8529,1195,897
8530,1195,1280
8531,1195,1255
8532,1195,717
8533,1195,22
8534,1195,1357
8535,1195,1080
8536,1195,759
8537,1195,1330
8538,1195,623
8539,1195,1443
8540,1195,727
8541,1195,66
8542,1195,279
8543,1195,365
8544,1195,18
8545,1195,752
8546,1195,438
8547,1195,718
8548,1195,156
8549,1195,913
8550,1195,201
8551,1195,1201
8552,1195,1067
8553,1195,1211
8554,1195,1428
8555,1195,599
8556,1195,1344
8557,1195,1208
8558,1195,1346
8559,1195,1130
8560,1195,1322
8561,1195,219
8562,1195,736
8563,1195,1352
8564,1195,34
8565,1195,71
8566,1195,551
8567,1195,207
8568,1195,833
8569,1195,1063
8570,1195,702
8571,1195,513
8572,1195,316
8573,1195,445
8574,1195,1242
8575,1195,411
8576,1195,69
8577,1195,229
8578,1195,922
8579,1195,298
8580,1195,590
8581,1195,1347
8582,1195,835
8583,1195,1439
8584,1195,410
8585,1195,627
8586,1195,224
8587,1195,197
8588,1195,509
8589,1195,95
8590,1195,1210
8591,1195,1337
8592,1195,1398
8593,1195,976
8594,1195,624
8595,1195,241
8596,1195,579
8597,1195,1112
8598,1195,1358
8599,1195,794
8600,1195,661
8601,1195,157
8602,1195,368
8603,1195,1404
8604,1195,254
8605,1195,934
8606,1195,1420
8607,1195,1306
8608,1195,603
8609,1195,492
8610,1195,1336
8611,1195,1198
8612,1195,327
8613,1195,1405
8614,1195,114
8615,1195,433
8616,1195,1455
8617,1195,1066
8618,1195,885
8619,1195,248
8620,1195,374
8621,1195,625
8622,1195,250
8623,1195,1202
8624,1195,1257
8625,1195,1391
8626,1195,656
8627,1195,119
8628,1195,693
8629,1195,1425
8630,1195,643
8631,1195,79
8632,1195,903
8633,1195,1265
8634,1195,753
8635,1195,508
8636,1195,1188
8637,1195,6
8638,1195,1409
8639,1195,1297
8640,1195,232
8641,1195,602
8642,1195,311
8643,1195,408
8644,1195,663
8645,1195,681
8646,1195,70
8647,1195,1286
8648,1195,1195
8649,1195,88
8650,1195,1437
8651,1195,421
8652,1195,1435
8653,1195,958
8654,1195,597
8655,1195,859
8656,1195,585
8657,1195,258
8658,1195,642
8659,1195,478
8660,1195,1260
8661,1195,40
8662,1195,277
8663,1195,1136
8664,1195,63
8665,1195,450
8666,1195,540
8667,1195,1431
8668,1195,222
8669,1195,1006
8670,1195,1168
8671,1195,193
8672,1195,1361
8673,1195,1194
8674,1195,134
8675,1195,1364
8676,1195,556
8677,1195,127
8678,1195,1342
8679,1195,860
8680,1195,125
8681,1195,1185
8682,1195,348
8683,1195,758
8684,1195,665
8685,1195,1334
8686,1195,817
8687,1195,280
8688,1195,265
8689,1195,1024
8690,1195,783
8691,1195,791
8692,1195,1120
8693,1195,1353
8694,1195,588
8695,1195,709
8696,1195,46
8697,1195,767
8698,1195,1388
8699,1195,5
8700,1195,549
8701,1195,1220
8702,1195,932
8703,1195,1055
8704,1195,1077
8705,1195,546
8706,1195,82
8707,1195,993
8708,1195,1138
8709,1195,901
8710,1195,288
8711,1195,1305
8712,1195,1133
8713,1195,700
8714,1195,696
8715,1195,520
8716,1195,1026
8717,1195,328
8718,1195,1151
8719,1195,1182
8720,1195,275
8721,1195,1117
8722,1195,806
8723,1195,737
8724,1195,565
8725,1195,262
8726,1195,1046
8727,1195,534
8728,1195,893
8729,1195,639
8730,1195,336
8731,1195,554
8732,1195,1010
8733,1195,131
8734,1195,96
8735,1195,147
8736,1195,456
8737,1195,1400
8738,1195,566
8739,1195,345
8740,1195,940
8741,1195,81
8742,1195,790
8743,1195,558
8744,1195,356
8745,1195,148
8746,1195,572
8747,1195,1406
8748,1195,67
8749,1195,68
8750,1195,1107
8751,1195,1062
8752,1195,927
8753,1195,841
8754,1195,1005
8755,1195,704
8756,1195,246
8757,1195,511
8758,1195,617
8759,1195,884
8760,1195,771
8761,1195,437
8762,1195,651
8763,1195,923
8764,1195,257
8765,1195,763
8766,1195,17
8767,1195,490
8768,1195,1020
8769,1195,1071
8770,1195,486
8771,1195,1345
8772,1195,376
8773,1195,388
8774,1195,1192
8775,1195,353
8776,1195,724
8777,1195,858
8778,1195,721
8779,1195,1093
8780,1195,296
8781,1195,474
8782,1195,27
8783,1195,606
8784,1195,1320
8785,1195,395
8786,1195,1369
8787,1195,968
8788,1195,698
8789,1195,338
8790,1195,183
8791,1195,367
8792,1195,1269
8793,1195,518
8794,1195,997
8795,1195,970
8796,1195,109
8797,1195,1237
8798,1195,1018
8799,1195,1408
8800,1195,292
8801,1195,1061
8802,1195,366
8803,1195,196
8804,1195,1331
8805,1195,483
8806,1195,1239
8807,1195,182
8808,1195,774
8809,1195,521
8810,1195,711
8811,1195,165
8812,1195,1003
8813,1195,307
8814,1195,1423
8815,1195,359
8816,1195,723
8817,1195,1230
8818,1195,822
8819,1195,852
8820,1195,221
8821,1195,335
8822,1195,732
8823,1195,74
8824,1195,613
8825,1195,1043
8826,1195,1103
8827,1195,357
8828,1195,649
8829,1195,619
8830,1195,541
8831,1195,1032
8832,1195,880
8833,1195,1360
8834,1195,1296
8835,1195,260
8836,1195,582
8837,1195,15
8838,1195,384
8839,1195,1415
8840,1195,1254
8841,1195,1246
8842,1195,87
8843,1195,287
8844,1195,879
8845,1195,90
8846,1195,745
8847,1195,226
8848,1195,1412
8849,1195,1333
8850,1195,249
8851,1195,1028
8852,1195,1193
8853,1195,1149
8854,1195,654
8855,1195,1217
8856,1195,451
8857,1195,208
8858,1195,416
8859,1195,777
8860,1195,657
8861,1195,233
8862,1195,484
8863,1195,703
8864,1195,1142
8865,1195,768
8866,1195,371
8867,1195,938
8868,1195,429
8869,1195,1200
8870,1195,1447
8871,1195,1380
8872,1195,1438
8873,1195,1229
8874,1195,1290
8875,1195,775
8876,1195,1401
8877,1195,44
8878,1195,1189
8879,1195,689
8880,1195,1092
8881,1195,496
8882,1195,462
8883,1195,354
8884,1195,1266
8885,1195,980
8886,1195,14
8887,1195,755
8888,1195,428
8889,1195,900
8890,1195,130
8891,1195,829
8892,1195,691
8893,1195,991
8894,1195,959
8895,1195,578
8896,1195,234
8897,1195,10
8898,1195,659
8899,1195,323
8900,1195,629
8901,1195,734
8902,1195,149
8903,1195,983
8904,1195,1054
8905,1195,939
8906,1195,213
8907,1195,370
8908,1195,1013
8909,1195,1173
8910,1195,342
8911,1195,1137
8912,1195,517
8913,1195,419
8914,1195,1041
8915,1195,107
8916,1195,640
8917,1195,239
8918,1195,1078
8919,1195,205
8920,1195,735
8921,1195,300
8922,1195,413
8923,1195,199
8924,1195,417
8925,1195,378
8926,1195,1056
8927,1195,650
8928,1195,1159
8929,1195,188
8930,1195,117
8931,1195,676
8932,1195,482
8933,1195,1065
8934,1195,1197
8935,1195,432
8936,1195,793
8937,1195,568
8938,1195,440
8939,1195,828
8940,1195,1045
8941,1195,272
8942,1195,688
8943,1195,543
8944,1195,163
8945,1195,491
8946,1195,273
8947,1195,802
8948,1195,819
8949,1195,283
8950,1195,1177
8951,1195,799
8952,1195,863
8953,1195,402
8954,1195,1433
8955,1195,334
8956,1195,1034
8957,1195,1153
8958,1195,1167
8959,1195,255
8960,1195,247
8961,1195,1288
8962,1195,1314
8963,1195,962
8964,1195,312
8965,1195,695
8966,1195,294
8967,1195,1243
8968,1195,133
8969,1195,400
8970,1195,955
8971,1195,1324
8972,1195,1163
8973,1195,1370
8974,1195,364
8975,1195,98
8976,1195,494
8977,1195,297
8978,1195,390
8979,1195,1184
8980,1195,372
8981,1195,999
8982,1195,550
8983,1195,573
8984,1195,909
8985,1195,1175
8986,1195,1311
8987,1195,1432
8988,1195,1277
8989,1195,340
8990,1195,1446
8991,1195,1075
8992,1195,738
8993,1195,263
8994,1195,1343
8995,1195,891
8996,1195,1417
8997,1195,1156
8998,1195,840
8999,1195,645
9000,1195,1426
9001,1195,60
9002,1195,373
9003,1195,678
9004,1195,875
9005,1195,821
9006,1195,126
9007,1195,1141
9008,1195,914
9009,1195,842
9010,1195,907
9011,1195,303
9012,1195,355
9013,1195,780
9014,1195,1038
9015,1195,215
9016,1195,172
9017,1195,501
9018,1195,528
9019,1195,1259
9020,1195,1030
9021,1195,1449
9022,1195,75
9023,1195,1225
9024,1195,998
9025,1195,409
9026,1195,1301
9027,1195,1384
9028,1195,867
9029,1195,1414
9030,1195,581
9031,1195,813
9032,1195,974
9033,1195,538
9034,1195,164
9035,1195,1057
9036,1195,671
9037,1195,801
9038,1195,1444
9039,1195,519
9040,1195,1253
9041,1195,1291
9042,1195,685
9043,1195,190
9044,1195,1053
9045,1195,1031
9046,1195,960
9047,1195,990
9048,1195,660
9049,1195,803
9050,1195,705
9051,1195,1304
9052,1195,350
9053,1195,315
9054,1195,883
9055,1195,1060
9056,1195,1139
9057,1195,690
9058,1195,762
9059,1195,102
9060,1195,1144
9061,1195,605
9062,1195,1313
9063,1195,943
9064,1195,584
9065,1195,680
9066,1195,110
9067,1195,58
9068,1195,446
9069,1195,1222
9070,1195,31
9071,1195,422
9072,1195,42
9073,1195,1022
9074,1195,562
9075,1195,837
9076,1195,389
9077,1195,646
9078,1195,616
9079,1195,192
9080,1195,910
9081,1195,978
9082,1195,981
9083,1195,289
9084,1195,748
9085,1195,171
9086,1195,424
9087,1195,1351
9088,1195,918
9089,1195,933
9090,1195,1421
9091,1195,1430
9092,1195,170
9093,1195,49
9094,1195,473
9095,1195,1372
9096,1195,979
9097,1195,808
9098,1195,299
9099,1195,667
9100,1195,64
9101,1195,404
9102,1195,571
9103,1195,815
9104,1195,1413
9105,1195,1235
9106,1195,652
9107,1195,26
9108,1195,9
9109,1195,1219
9110,1195,782
9111,1195,54
9112,1195,658
9113,1195,78
9114,1195,1275
9115,1195,886
9116,1195,776
9117,1195,140
9118,1195,749
9119,1195,461
9120,1195,952
9121,1195,20
9122,1195,621
9123,1195,1051
9124,1195,1362
9125,1195,614
9126,1195,1323
9127,1195,1183
9128,958,1074
9129,958,636
9130,958,387
9131,958,638
9132,958,555
9133,958,931
9134,958,331
9135,958,726
9136,958,1213
9137,958,360
9138,958,347
9139,958,1007
9140,958,796
9141,958,115
9142,958,1272
9143,958,325
9144,958,1157
9145,958,57
9146,958,684
9147,958,500
9148,958,504
9149,958,361
9150,958,302
9151,958,19
9152,958,1454
9153,958,919
9154,958,332
9155,958,1068
9156,958,1181
9157,958,887
9158,958,351
9159,958,548
9160,958,47
9161,958,1270
9162,958,564
9163,958,897
9164,958,1280
9165,958,1255
9166,958,717
9167,958,22
9168,958,1091
9169,958,1080
9170,958,759
9171,958,589
9172,958,1330
9173,958,623
9174,958,45
9175,958,1443
9176,958,1283
9177,958,66
9178,958,279
9179,958,365
9180,958,728
9181,958,18
9182,958,438
9183,958,718
9184,958,118
9185,958,156
9186,958,913
9187,958,306
9188,958,201
9189,958,1201
9190,958,1211
9191,958,448
9192,958,1373
9193,958,161
9194,958,358
9195,958,1428
9196,958,599
9197,958,43
9198,958,1344
9199,958,435
9200,958,1208
9201,958,1346
9202,958,576
9203,958,1322
9204,958,219
9205,958,73
9206,958,369
9207,958,877
9208,958,838
9209,958,153
9210,958,1169
9211,958,489
9212,958,1352
9213,958,34
9214,958,71
9215,958,551
9216,958,1359
9217,958,833
9218,958,1450
9219,958,1063
9220,958,702
9221,958,513
9222,958,316
9223,958,445
9224,958,1242
9225,958,411
9226,958,69
9227,958,1293
9228,958,229
9229,958,869
9230,958,922
9231,958,1262
9232,958,298
9233,958,590
9234,958,1347
9235,958,835
9236,958,1009
9237,958,1439
9238,958,410
9239,958,627
9240,958,1155
9241,958,224
9242,958,522
9243,958,779
9244,958,716
9245,958,1363
9246,958,383
9247,958,1402
9248,958,197
9249,958,509
9250,958,679
9251,958,95
9252,958,1210
9253,958,1398
9254,958,443
9255,958,637
9256,958,976
9257,958,525
9258,958,624
9259,958,809
9260,958,434
9261,958,1358
9262,958,1233
9263,958,661
9264,958,157
9265,958,1327
9266,958,524
9267,958,1404
9268,958,254
9269,958,1098
9270,958,982
9271,958,1420
9272,958,1306
9273,958,603
9274,958,492
9275,958,1204
9276,958,1336
9277,958,1198
9278,958,327
9279,958,322
9280,958,1405
9281,958,1326
9282,958,433
9283,958,1455
9284,958,1066
9285,958,812
9286,958,626
9287,958,374
9288,958,250
9289,958,1202
9290,958,1257
9291,958,1391
9292,958,225
9293,958,1113
9294,958,92
9295,958,553
9296,958,223
9297,958,1037
9298,958,567
9299,958,455
9300,958,693
9301,958,1425
9302,958,824
9303,958,1250
9304,958,79
9305,958,903
9306,958,1265
9307,958,753
9308,958,508
9309,958,1188
9310,958,6
9311,958,912
9312,958,1297
9313,958,232
9314,958,602
9315,958,311
9316,958,408
9317,958,663
9318,958,681
9319,958,527
9320,958,70
9321,958,314
9322,958,1286
9323,958,174
9324,958,1195
9325,958,88
9326,958,1437
9327,958,1310
9328,958,421
9329,958,958
9330,958,154
9331,958,597
9332,958,859
9333,958,585
9334,958,1162
9335,958,502
9336,958,642
9337,958,478
9338,958,40
9339,958,1147
9340,958,277
9341,958,1136
9342,958,320
9343,958,63
9344,958,450
9345,958,1431
9346,958,1134
9347,958,222
9348,958,1006
9349,958,193
9350,958,1361
9351,958,544
9352,958,1194
9353,958,1012
9354,958,134
9355,958,1364
9356,958,556
9357,958,843
9358,958,1161
9359,958,535
9360,958,127
9361,958,1342
9362,958,860
9363,958,125
9364,958,162
9365,958,348
9366,958,758
9367,958,665
9368,958,1334
9369,958,817
9370,958,850
9371,958,280
9372,958,396
9373,958,1024
9374,958,783
9375,958,791
9376,958,764
9377,958,1120
9378,958,1298
9379,958,598
9380,958,588
9381,958,709
9382,958,46
9383,958,767
9384,958,5
9385,958,549
9386,958,1220
9387,958,458
9388,958,308
9389,958,1055
9390,958,304
9391,958,926
9392,958,1126
9393,958,800
9394,958,1077
9395,958,546
9396,958,333
9397,958,1179
9398,958,993
9399,958,184
9400,958,1178
9401,958,1138
9402,958,901
9403,958,288
9404,958,1305
9405,958,700
9406,958,1241
9407,958,696
9408,958,520
9409,958,1026
9410,958,1151
9411,958,1182
9412,958,275
9413,958,1117
9414,958,806
9415,958,737
9416,958,985
9417,958,565
9418,958,865
9419,958,262
9420,958,1121
9421,958,1046
9422,958,534
9423,958,893
9424,958,639
9425,958,810
9426,958,336
9427,958,547
9428,958,595
9429,958,1010
9430,958,131
9431,958,96
9432,958,147
9433,958,456
9434,958,1400
9435,958,345
9436,958,81
9437,958,790
9438,958,1048
9439,958,558
9440,958,356
9441,958,148
9442,958,67
9443,958,559
9444,958,68
9445,958,1062
9446,958,927
9447,958,841
9448,958,1005
9449,958,704
9450,958,246
9451,958,1207
9452,958,1382
9453,958,1108
9454,958,771
9455,958,846
9456,958,644
9457,958,437
9458,958,651
9459,958,923
9460,958,832
9461,958,55
9462,958,28
9463,958,77
9464,958,257
9465,958,804
9466,958,763
9467,958,17
9468,958,490
9469,958,1020
9470,958,848
9471,958,463
9472,958,1011
9473,958,1071
9474,958,392
9475,958,486
9476,958,376
9477,958,388
9478,958,100
9479,958,965
9480,958,1192
9481,958,742
9482,958,724
9483,958,91
9484,958,721
9485,958,1093
9486,958,296
9487,958,474
9488,958,1338
9489,958,606
9490,958,1320
9491,958,216
9492,958,587
9493,958,1369
9494,958,968
9495,958,956
9496,958,209
9497,958,146
9498,958,698
9499,958,338
9500,958,367
9501,958,997
9502,958,970
9503,958,2
9504,958,109
9505,958,1237
9506,958,1079
9507,958,1018
9508,958,1408
9509,958,1154
9510,958,292
9511,958,1061
9512,958,366
9513,958,196
9514,958,1331
9515,958,483
9516,958,1339
9517,958,1239
9518,958,363
9519,958,711
9520,958,1003
9521,958,307
9522,958,1423
9523,958,359
9524,958,715
9525,958,523
9526,958,1230
9527,958,822
9528,958,852
9529,958,221
9530,958,335
9531,958,1017
9532,958,732
9533,958,452
9534,958,74
9535,958,613
9536,958,1101
9537,958,357
9538,958,649
9539,958,619
9540,958,541
9541,958,1032
9542,958,880
9543,958,1360
9544,958,986
9545,958,260
9546,958,664
9547,958,708
9548,958,582
9549,958,15
9550,958,1415
9551,958,1254
9552,958,1246
9553,958,287
9554,958,398
9555,958,879
9556,958,176
9557,958,245
9558,958,1215
9559,958,745
9560,958,226
9561,958,1368
9562,958,1412
9563,958,1333
9564,958,385
9565,958,24
9566,958,1273
9567,958,1143
9568,958,1410
9569,958,1028
9570,958,1149
9571,958,654
9572,958,1217
9573,958,856
9574,958,1176
9575,958,1
9576,958,451
9577,958,1082
9578,958,924
9579,958,8
9580,958,86
9581,958,950
9582,958,777
9583,958,657
9584,958,233
9585,958,484
9586,958,703
9587,958,1142
9588,958,1164
9589,958,768
9590,958,371
9591,958,938
9592,958,414
9593,958,429
9594,958,1447
9595,958,1380
9596,958,1438
9597,958,1019
9598,958,1407
9599,958,1229
9600,958,281
9601,958,1000
9602,958,1223
9603,958,845
9604,958,1118
9605,958,1290
9606,958,775
9607,958,1401
9608,958,687
9609,958,44
9610,958,689
9611,958,1092
9612,958,462
9613,958,354
9614,958,980
9615,958,14
9616,958,755
9617,958,1042
9618,958,428
9619,958,900
9620,958,186
9621,958,130
9622,958,899
9623,958,829
9624,958,691
9625,958,991
9626,958,895
9627,958,578
9628,958,234
9629,958,659
9630,958,629
9631,958,734
9632,958,220
9633,958,149
9634,958,995
9635,958,594
9636,958,1054
9637,958,939
9638,958,213
9639,958,370
9640,958,1150
9641,958,1013
9642,958,1173
9643,958,236
9644,958,342
9645,958,1137
9646,958,517
9647,958,419
9648,958,1041
9649,958,107
9650,958,1050
9651,958,1078
9652,958,205
9653,958,300
9654,958,413
9655,958,199
9656,958,417
9657,958,394
9658,958,378
9659,958,1056
9660,958,650
9661,958,1159
9662,958,188
9663,958,668
9664,958,117
9665,958,499
9666,958,1148
9667,958,676
9668,958,1058
9669,958,482
9670,958,1065
9671,958,1197
9672,958,432
9673,958,793
9674,958,195
9675,958,568
9676,958,814
9677,958,828
9678,958,1135
9679,958,1045
9680,958,272
9681,958,688
9682,958,543
9683,958,163
9684,958,447
9685,958,491
9686,958,273
9687,958,1441
9688,958,802
9689,958,25
9690,958,76
9691,958,819
9692,958,283
9693,958,1177
9694,958,799
9695,958,402
9696,958,1433
9697,958,334
9698,958,1153
9699,958,1167
9700,958,255
9701,958,247
9702,958,3
9703,958,586
9704,958,1314
9705,958,962
9706,958,312
9707,958,344
9708,958,695
9709,958,294
9710,958,1226
9711,958,454
9712,958,1243
9713,958,133
9714,958,400
9715,958,928
9716,958,537
9717,958,1324
9718,958,1163
9719,958,1370
9720,958,364
9721,958,1111
9722,958,892
9723,958,98
9724,958,494
9725,958,297
9726,958,167
9727,958,751
9728,958,390
9729,958,935
9730,958,526
9731,958,999
9732,958,550
9733,958,573
9734,958,909
9735,958,1025
9736,958,1383
9737,958,807
9738,958,1064
9739,958,503
9740,958,712
9741,958,1311
9742,958,379
9743,958,1277
9744,958,1446
9745,958,1075
9746,958,1424
9747,958,738
9748,958,263
9749,958,1343
9750,958,1328
9751,958,891
9752,958,1417
9753,958,175
9754,958,1156
9755,958,840
9756,958,645
9757,958,1426
9758,958,60
9759,958,373
9760,958,678
9761,958,412
9762,958,821
9763,958,126
9764,958,1321
9765,958,1095
9766,958,1141
9767,958,914
9768,958,842
9769,958,907
9770,958,303
9771,958,355
9772,958,780
9773,958,1038
9774,958,215
9775,958,479
9776,958,172
9777,958,501
9778,958,1259
9779,958,1069
9780,958,1030
9781,958,264
9782,958,1449
9783,958,75
9784,958,1225
9785,958,409
9786,958,1301
9787,958,662
9788,958,1384
9789,958,867
9790,958,1414
9791,958,581
9792,958,813
9793,958,276
9794,958,974
9795,958,611
9796,958,538
9797,958,164
9798,958,1292
9799,958,1057
9800,958,671
9801,958,1329
9802,958,801
9803,958,93
9804,958,592
9805,958,1444
9806,958,507
9807,958,515
9808,958,1253
9809,958,1291
9810,958,685
9811,958,375
9812,958,992
9813,958,190
9814,958,1027
9815,958,1053
9816,958,1031
9817,958,960
9818,958,990
9819,958,660
9820,958,803
9821,958,705
9822,958,1304
9823,958,350
9824,958,315
9825,958,883
9826,958,1060
9827,958,1139
9828,958,530
9829,958,762
9830,958,166
9831,958,102
9832,958,1144
9833,958,605
9834,958,1313
9835,958,1110
9836,958,680
9837,958,110
9838,958,58
9839,958,446
9840,958,1222
9841,958,31
9842,958,422
9843,958,42
9844,958,1022
9845,958,562
9846,958,1102
9847,958,837
9848,958,389
9849,958,646
9850,958,616
9851,958,192
9852,958,910
9853,958,1268
9854,958,978
9855,958,805
9856,958,981
9857,958,289
9858,958,748
9859,958,171
9860,958,1351
9861,958,918
9862,958,733
9863,958,1261
9864,958,1172
9865,958,933
9866,958,386
9867,958,1421
9868,958,1430
9869,958,170
9870,958,49
9871,958,473
9872,958,1372
9873,958,979
9874,958,808
9875,958,299
9876,958,667
9877,958,64
9878,958,839
9879,958,404
9880,958,571
9881,958,815
9882,958,1413
9883,958,33
9884,958,1235
9885,958,652
9886,958,9
9887,958,1219
9888,958,782
9889,958,1289
9890,958,54
9891,958,658
9892,958,78
9893,958,1275
9894,958,741
9895,958,1434
9896,958,886
9897,958,1325
9898,958,776
9899,958,140
9900,958,760
9901,958,1249
9902,958,749
9903,958,112
9904,958,461
9905,958,952
9906,958,902
9907,958,123
9908,958,20
9909,958,346
9910,958,621
9911,958,614
9912,958,1183
9913,597,1074
9914,597,931
9915,597,1213
9916,597,1007
9917,597,1157
9918,597,1454
9919,597,1068
9920,597,548
9921,597,564
9922,597,717
9923,597,1080
9924,597,913
9925,597,599
9926,597,1322
9927,597,838
9928,597,1352
9929,597,34
9930,597,71
9931,597,1063
9932,597,702
9933,597,445
9934,597,1439
9935,597,525
9936,597,254
9937,597,1306
9938,597,1405
9939,597,374
9940,597,553
9941,597,567
9942,597,753
9943,597,232
9944,597,663
9945,597,70
9946,597,1195
9947,597,421
9948,597,1435
9949,597,859
9950,597,642
9951,597,540
9952,597,222
9953,597,1361
9954,597,1194
9955,597,134
9956,597,1364
9957,597,535
9958,597,860
9959,597,348
9960,597,588
9961,597,709
9962,597,767
9963,597,5
9964,597,1179
9965,597,1138
9966,597,288
9967,597,806
9968,597,1010
9969,597,147
9970,597,456
9971,597,1400
9972,597,68
9973,597,927
9974,597,841
9975,597,246
9976,597,771
9977,597,644
9978,597,923
9979,597,1071
9980,597,1192
9981,597,606
9982,597,1320
9983,597,968
9984,597,698
9985,597,338
9986,597,997
9987,597,970
9988,597,292
9989,597,1061
9990,597,366
9991,597,196
9992,597,1331
9993,597,483
9994,597,1230
9995,597,221
9996,597,649
9997,597,619
9998,597,1032
9999,597,582
10000,597,384
10001,597,879
10002,597,1333
10003,597,1410
10004,597,208
10005,597,484
10006,597,938
10007,597,1407
10008,597,1290
10009,597,980
10010,597,755
10011,597,734
10012,597,1173
10013,597,342
10014,597,205
10015,597,432
10016,597,793
10017,597,568
10018,597,802
10019,597,819
10020,597,334
10021,597,247
10022,597,312
10023,597,133
10024,597,297
10025,597,167
10026,597,573
10027,597,909
10028,597,1311
10029,597,1432
10030,597,1075
10031,597,263
10032,597,891
10033,597,1417
10034,597,1095
10035,597,842
10036,597,215
10037,597,1259
10038,597,1225
10039,597,409
10040,597,662
10041,597,581
10042,597,611
10043,597,538
10044,597,1292
10045,597,1057
10046,597,671
10047,597,1444
10048,597,685
10049,597,190
10050,597,1053
10051,597,960
10052,597,660
10053,597,315
10054,597,1060
10055,597,102
10056,597,605
10057,597,680
10058,597,1222
10059,597,422
10060,597,646
10061,597,981
10062,597,289
10063,597,748
10064,597,1351
10065,597,733
10066,597,933
10067,597,473
10068,597,1372
10069,597,979
10070,597,808
10071,597,667
10072,597,64
10073,597,571
10074,597,1413
10075,597,33
10076,597,1235
10077,597,652
10078,597,9
10079,597,1219
10080,597,749
10081,597,112
10082,597,461
10083,597,20
10084,597,614
10085,597,1183
10086,642,1074
10087,642,638
10088,642,331
10089,642,726
10090,642,449
10091,642,1213
10092,642,360
10093,642,1007
10094,642,115
10095,642,1272
10096,642,325
10097,642,57
10098,642,876
10099,642,500
10100,642,1454
10101,642,919
10102,642,332
10103,642,1068
10104,642,1181
10105,642,351
10106,642,548
10107,642,564
10108,642,897
10109,642,1280
10110,642,1255
10111,642,717
10112,642,1091
10113,642,925
10114,642,136
10115,642,1080
10116,642,759
10117,642,1330
10118,642,623
10119,642,45
10120,642,1443
10121,642,1283
10122,642,754
10123,642,66
10124,642,279
10125,642,365
10126,642,728
10127,642,18
10128,642,718
10129,642,913
10130,642,306
10131,642,201
10132,642,1201
10133,642,972
10134,642,1211
10135,642,448
10136,642,358
10137,642,1428
10138,642,599
10139,642,1344
10140,642,435
10141,642,1208
10142,642,1322
10143,642,219
10144,642,73
10145,642,877
10146,642,399
10147,642,574
10148,642,838
10149,642,153
10150,642,1352
10151,642,34
10152,642,71
10153,642,551
10154,642,833
10155,642,1450
10156,642,1063
10157,642,702
10158,642,316
10159,642,445
10160,642,1242
10161,642,210
10162,642,69
10163,642,1293
10164,642,1035
10165,642,229
10166,642,630
10167,642,267
10168,642,922
10169,642,298
10170,642,590
10171,642,1347
10172,642,1439
10173,642,522
10174,642,779
10175,642,716
10176,642,80
10177,642,1363
10178,642,383
10179,642,1402
10180,642,197
10181,642,679
10182,642,95
10183,642,1210
10184,642,1337
10185,642,1398
10186,642,917
10187,642,976
10188,642,525
10189,642,624
10190,642,809
10191,642,434
10192,642,661
10193,642,157
10194,642,212
10195,642,864
10196,642,254
10197,642,934
10198,642,982
10199,642,1420
10200,642,1306
10201,642,603
10202,642,1204
10203,642,1336
10204,642,327
10205,642,62
10206,642,1405
10207,642,253
10208,642,1066
10209,642,885
10210,642,248
10211,642,374
10212,642,625
10213,642,250
10214,642,1257
10215,642,1391
10216,642,225
10217,642,766
10218,642,656
10219,642,92
10220,642,1037
10221,642,567
10222,642,455
10223,642,693
10224,642,847
10225,642,106
10226,642,1425
10227,642,1076
10228,642,1250
10229,642,643
10230,642,79
10231,642,1265
10232,642,753
10233,642,508
10234,642,1188
10235,642,912
10236,642,1297
10237,642,232
10238,642,602
10239,642,311
10240,642,408
10241,642,663
10242,642,70
10243,642,1195
10244,642,88
10245,642,1437
10246,642,421
10247,642,1435
10248,642,958
10249,642,597
10250,642,859
10251,642,585
10252,642,512
10253,642,502
10254,642,642
10255,642,478
10256,642,203
10257,642,120
10258,642,277
10259,642,1136
10260,642,320
10261,642,63
10262,642,29
10263,642,268
10264,642,1006
10265,642,193
10266,642,1361
10267,642,544
10268,642,1194
10269,642,134
10270,642,1364
10271,642,1318
10272,642,539
10273,642,556
10274,642,946
10275,642,441
10276,642,535
10277,642,860
10278,642,162
10279,642,348
10280,642,758
10281,642,1334
10282,642,850
10283,642,280
10284,642,396
10285,642,1186
10286,642,265
10287,642,1120
10288,642,588
10289,642,709
10290,642,1128
10291,642,5
10292,642,549
10293,642,932
10294,642,1377
10295,642,308
10296,642,304
10297,642,1126
10298,642,1077
10299,642,82
10300,642,1179
10301,642,993
10302,642,1138
10303,642,288
10304,642,116
10305,642,1133
10306,642,696
10307,642,1146
10308,642,1151
10309,642,275
10310,642,806
10311,642,737
10312,642,985
10313,642,565
10314,642,262
10315,642,788
10316,642,893
10317,642,639
10318,642,810
10319,642,547
10320,642,554
10321,642,1099
10322,642,317
10323,642,595
10324,642,1010
10325,642,96
10326,642,147
10327,642,456
10328,642,566
10329,642,345
10330,642,81
10331,642,790
10332,642,558
10333,642,967
10334,642,67
10335,642,68
10336,642,1107
10337,642,1062
10338,642,927
10339,642,841
10340,642,884
10341,642,771
10342,642,644
10343,642,437
10344,642,651
10345,642,923
10346,642,832
10347,642,672
10348,642,77
10349,642,257
10350,642,536
10351,642,1245
10352,642,763
10353,642,1106
10354,642,17
10355,642,848
10356,642,463
10357,642,1071
10358,642,392
10359,642,486
10360,642,1345
10361,642,376
10362,642,388
10363,642,965
10364,642,731
10365,642,1192
10366,642,724
10367,642,91
10368,642,721
10369,642,1093
10370,642,296
10371,642,1320
10372,642,216
10373,642,395
10374,642,1369
10375,642,971
10376,642,956
10377,642,698
10378,642,338
10379,642,183
10380,642,367
10381,642,997
10382,642,318
10383,642,970
10384,642,109
10385,642,1079
10386,642,600
10387,642,1018
10388,642,1408
10389,642,1154
10390,642,292
10391,642,1061
10392,642,366
10393,642,196
10394,642,1331
10395,642,483
10396,642,1339
10397,642,1239
10398,642,711
10399,642,165
10400,642,1003
10401,642,1365
10402,642,307
10403,642,1427
10404,642,715
10405,642,620
10406,642,1230
10407,642,822
10408,642,852
10409,642,221
10410,642,335
10411,642,732
10412,642,452
10413,642,1101
10414,642,357
10415,642,649
10416,642,619
10417,642,541
10418,642,1032
10419,642,260
10420,642,664
10421,642,582
10422,642,384
10423,642,1415
10424,642,1254
10425,642,287
10426,642,879
10427,642,245
10428,642,1294
10429,642,580
10430,642,745
10431,642,226
10432,642,1368
10433,642,1333
10434,642,385
10435,642,145
10436,642,1040
10437,642,1273
10438,642,1410
10439,642,249
10440,642,654
10441,642,1217
10442,642,1176
10443,642,1170
10444,642,86
10445,642,777
10446,642,657
10447,642,233
10448,642,484
10449,642,1164
10450,642,768
10451,642,371
10452,642,938
10453,642,429
10454,642,1200
10455,642,1380
10456,642,1438
10457,642,1019
10458,642,1407
10459,642,1229
10460,642,1000
10461,642,845
10462,642,1290
10463,642,1401
10464,642,1092
10465,642,496
10466,642,462
10467,642,354
10468,642,980
10469,642,14
10470,642,755
10471,642,428
10472,642,900
10473,642,186
10474,642,899
10475,642,691
10476,642,991
10477,642,1247
10478,642,10
10479,642,323
10480,642,629
10481,642,734
10482,642,1109
10483,642,149
10484,642,995
10485,642,983
10486,642,370
10487,642,947
10488,642,1173
10489,642,236
10490,642,342
10491,642,419
10492,642,107
10493,642,1171
10494,642,1078
10495,642,205
10496,642,300
10497,642,413
10498,642,199
10499,642,417
10500,642,378
10501,642,1056
10502,642,650
10503,642,117
10504,642,476
10505,642,499
10506,642,405
10507,642,1148
10508,642,676
10509,642,1309
10510,642,1197
10511,642,432
10512,642,793
10513,642,195
10514,642,568
10515,642,814
10516,642,105
10517,642,1135
10518,642,272
10519,642,688
10520,642,163
10521,642,447
10522,642,1004
10523,642,273
10524,642,1441
10525,642,802
10526,642,25
10527,642,819
10528,642,799
10529,642,334
10530,642,1153
10531,642,255
10532,642,247
10533,642,3
10534,642,586
10535,642,962
10536,642,1276
10537,642,695
10538,642,294
10539,642,1226
10540,642,1243
10541,642,133
10542,642,1324
10543,642,1370
10544,642,364
10545,642,1111
10546,642,892
10547,642,494
10548,642,751
10549,642,12
10550,642,818
10551,642,550
10552,642,573
10553,642,909
10554,642,1025
10555,642,1383
10556,642,862
10557,642,1175
10558,642,1311
10559,642,1432
10560,642,1277
10561,642,622
10562,642,1446
10563,642,1075
10564,642,738
10565,642,263
10566,642,1343
10567,642,891
10568,642,1417
10569,642,957
10570,642,1156
10571,642,840
10572,642,645
10573,642,1426
10574,642,373
10575,642,678
10576,642,875
10577,642,821
10578,642,126
10579,642,1095
10580,642,1141
10581,642,914
10582,642,842
10583,642,907
10584,642,303
10585,642,355
10586,642,780
10587,642,1038
10588,642,215
10589,642,479
10590,642,172
10591,642,1449
10592,642,75
10593,642,409
10594,642,662
10595,642,1384
10596,642,867
10597,642,1403
10598,642,1414
10599,642,531
10600,642,974
10601,642,611
10602,642,538
10603,642,1292
10604,642,1057
10605,642,1236
10606,642,673
10607,642,1206
10608,642,1444
10609,642,1253
10610,642,608
10611,642,1291
10612,642,685
10613,642,190
10614,642,1027
10615,642,699
10616,642,960
10617,642,990
10618,642,660
10619,642,231
10620,642,1304
10621,642,883
10622,642,1060
10623,642,1389
10624,642,583
10625,642,530
10626,642,102
10627,642,1144
10628,642,605
10629,642,1313
10630,642,984
10631,642,1110
10632,642,744
10633,642,634
10634,642,584
10635,642,680
10636,642,110
10637,642,58
10638,642,446
10639,642,1222
10640,642,31
10641,642,422
10642,642,1022
10643,642,389
10644,642,646
10645,642,616
10646,642,978
10647,642,981
10648,642,289
10649,642,748
10650,642,1351
10651,642,918
10652,642,733
10653,642,933
10654,642,1421
10655,642,1430
10656,642,170
10657,642,473
10658,642,1372
10659,642,979
10660,642,299
10661,642,667
10662,642,839
10663,642,404
10664,642,397
10665,642,815
10666,642,1413
10667,642,33
10668,642,1235
10669,642,652
10670,642,9
10671,642,1219
10672,642,54
10673,642,78
10674,642,886
10675,642,749
10676,642,123
10677,642,436
10678,642,20
10679,642,346
10680,642,872
10681,642,1183
10682,277,513
10683,277,277
10684,277,1361
10685,277,1342
10686,277,147
10687,277,456
10688,277,927
10689,277,884
10690,277,1408
10691,277,582
10692,277,879
10693,277,1410
10694,277,654
10695,277,1217
10696,277,205
10697,277,962
10698,277,526
10699,277,1432
10700,277,1417
10701,277,660
10702,277,1222
10703,277,981
10704,277,621
10705,1136,1074
10706,1136,331
10707,1136,726
10708,1136,1213
10709,1136,1007
10710,1136,1157
10711,1136,57
10712,1136,500
10713,1136,1454
10714,1136,919
10715,1136,1068
10716,1136,1181
10717,1136,351
10718,1136,548
10719,1136,564
10720,1136,897
10721,1136,717
10722,1136,1080
10723,1136,1443
10724,1136,66
10725,1136,279
10726,1136,365
10727,1136,913
10728,1136,306
10729,1136,972
10730,1136,1211
10731,1136,1373
10732,1136,599
10733,1136,435
10734,1136,1208
10735,1136,1130
10736,1136,1322
10737,1136,838
10738,1136,153
10739,1136,1352
10740,1136,34
10741,1136,71
10742,1136,1450
10743,1136,1063
10744,1136,702
10745,1136,445
10746,1136,1242
10747,1136,1293
10748,1136,298
10749,1136,1439
10750,1136,627
10751,1136,224
10752,1136,779
10753,1136,1398
10754,1136,579
10755,1136,1358
10756,1136,1284
10757,1136,524
10758,1136,254
10759,1136,1306
10760,1136,603
10761,1136,1204
10762,1136,327
10763,1136,1405
10764,1136,1455
10765,1136,1066
10766,1136,885
10767,1136,250
10768,1136,1202
10769,1136,553
10770,1136,567
10771,1136,693
10772,1136,1425
10773,1136,824
10774,1136,79
10775,1136,753
10776,1136,232
10777,1136,602
10778,1136,311
10779,1136,663
10780,1136,70
10781,1136,1195
10782,1136,1310
10783,1136,958
10784,1136,1162
10785,1136,642
10786,1136,478
10787,1136,277
10788,1136,268
10789,1136,1361
10790,1136,1194
10791,1136,134
10792,1136,556
10793,1136,860
10794,1136,125
10795,1136,665
10796,1136,817
10797,1136,588
10798,1136,709
10799,1136,767
10800,1136,5
10801,1136,549
10802,1136,1220
10803,1136,1179
10804,1136,1178
10805,1136,1138
10806,1136,901
10807,1136,288
10808,1136,700
10809,1136,696
10810,1136,1151
10811,1136,1117
10812,1136,806
10813,1136,565
10814,1136,262
10815,1136,534
10816,1136,1010
10817,1136,96
10818,1136,147
10819,1136,456
10820,1136,566
10821,1136,345
10822,1136,81
10823,1136,558
10824,1136,148
10825,1136,927
10826,1136,1005
10827,1136,771
10828,1136,644
10829,1136,437
10830,1136,923
10831,1136,55
10832,1136,763
10833,1136,1071
10834,1136,965
10835,1136,1192
10836,1136,721
10837,1136,606
10838,1136,1320
10839,1136,968
10840,1136,698
10841,1136,338
10842,1136,367
10843,1136,997
10844,1136,970
10845,1136,1237
10846,1136,1079
10847,1136,600
10848,1136,1408
10849,1136,292
10850,1136,1061
10851,1136,366
10852,1136,196
10853,1136,1331
10854,1136,1003
10855,1136,307
10856,1136,620
10857,1136,1230
10858,1136,852
10859,1136,221
10860,1136,335
10861,1136,613
10862,1136,357
10863,1136,649
10864,1136,619
10865,1136,1032
10866,1136,260
10867,1136,582
10868,1136,1246
10869,1136,226
10870,1136,1368
10871,1136,1333
10872,1136,1410
10873,1136,1149
10874,1136,654
10875,1136,208
10876,1136,777
10877,1136,484
10878,1136,703
10879,1136,1142
10880,1136,371
10881,1136,938
10882,1136,1447
10883,1136,1407
10884,1136,1223
10885,1136,1290
10886,1136,1092
10887,1136,496
10888,1136,462
10889,1136,980
10890,1136,900
10891,1136,691
10892,1136,629
10893,1136,734
10894,1136,220
10895,1136,149
10896,1136,939
10897,1136,1173
10898,1136,342
10899,1136,1078
10900,1136,205
10901,1136,413
10902,1136,199
10903,1136,394
10904,1136,378
10905,1136,1056
10906,1136,188
10907,1136,668
10908,1136,117
10909,1136,676
10910,1136,1197
10911,1136,793
10912,1136,568
10913,1136,1045
10914,1136,272
10915,1136,447
10916,1136,802
10917,1136,819
10918,1136,334
10919,1136,247
10920,1136,962
10921,1136,695
10922,1136,1226
10923,1136,1243
10924,1136,494
10925,1136,550
10926,1136,573
10927,1136,909
10928,1136,1064
10929,1136,1175
10930,1136,1075
10931,1136,263
10932,1136,891
10933,1136,1417
10934,1136,1156
10935,1136,60
10936,1136,678
10937,1136,126
10938,1136,1321
10939,1136,1095
10940,1136,355
10941,1136,780
10942,1136,264
10943,1136,1449
10944,1136,1225
10945,1136,409
10946,1136,1301
10947,1136,662
10948,1136,581
10949,1136,611
10950,1136,538
10951,1136,164
10952,1136,1057
10953,1136,671
10954,1136,477
10955,1136,592
10956,1136,1444
10957,1136,1291
10958,1136,685
10959,1136,992
10960,1136,190
10961,1136,1027
10962,1136,1053
10963,1136,960
10964,1136,990
10965,1136,660
10966,1136,803
10967,1136,1304
10968,1136,350
10969,1136,315
10970,1136,1060
10971,1136,102
10972,1136,605
10973,1136,680
10974,1136,58
10975,1136,446
10976,1136,1222
10977,1136,422
10978,1136,837
10979,1136,389
10980,1136,646
10981,1136,910
10982,1136,1268
10983,1136,981
10984,1136,289
10985,1136,171
10986,1136,1351
10987,1136,1172
10988,1136,933
10989,1136,1421
10990,1136,170
10991,1136,473
10992,1136,1372
10993,1136,979
10994,1136,808
10995,1136,667
10996,1136,64
10997,1136,33
10998,1136,1235
10999,1136,652
11000,1136,9
11001,1136,1219
11002,1136,1289
11003,1136,658
11004,1136,760
11005,1136,749
11006,1136,112
11007,1136,461
11008,1136,436
11009,1136,20
11010,1136,614
11011,1136,1183
11012,63,1074
11013,63,1213
11014,63,325
11015,63,1157
11016,63,57
11017,63,351
11018,63,564
11019,63,1280
11020,63,136
11021,63,1080
11022,63,1330
11023,63,306
11024,63,201
11025,63,1211
11026,63,1344
11027,63,1208
11028,63,219
11029,63,153
11030,63,1352
11031,63,1063
11032,63,445
11033,63,922
11034,63,716
11035,63,579
11036,63,661
11037,63,864
11038,63,982
11039,63,1204
11040,63,885
11041,63,248
11042,63,374
11043,63,625
11044,63,693
11045,63,1425
11046,63,508
11047,63,1297
11048,63,232
11049,63,408
11050,63,663
11051,63,70
11052,63,88
11053,63,958
11054,63,859
11055,63,642
11056,63,1147
11057,63,320
11058,63,268
11059,63,1194
11060,63,1364
11061,63,535
11062,63,850
11063,63,1120
11064,63,588
11065,63,709
11066,63,932
11067,63,926
11068,63,1133
11069,63,806
11070,63,810
11071,63,547
11072,63,96
11073,63,147
11074,63,456
11075,63,345
11076,63,81
11077,63,1005
11078,63,644
11079,63,923
11080,63,763
11081,63,1106
11082,63,17
11083,63,1071
11084,63,392
11085,63,376
11086,63,965
11087,63,1192
11088,63,724
11089,63,1093
11090,63,338
11091,63,367
11092,63,1237
11093,63,196
11094,63,774
11095,63,715
11096,63,1230
11097,63,732
11098,63,357
11099,63,649
11100,63,1032
11101,63,664
11102,63,582
11103,63,1254
11104,63,1294
11105,63,8
11106,63,777
11107,63,1142
11108,63,980
11109,63,428
11110,63,149
11111,63,995
11112,63,1173
11113,63,205
11114,63,413
11115,63,199
11116,63,417
11117,63,378
11118,63,1058
11119,63,1197
11120,63,432
11121,63,793
11122,63,688
11123,63,273
11124,63,819
11125,63,255
11126,63,586
11127,63,1226
11128,63,1243
11129,63,364
11130,63,751
11131,63,550
11132,63,573
11133,63,263
11134,63,1343
11135,63,1417
11136,63,840
11137,63,1321
11138,63,1095
11139,63,780
11140,63,662
11141,63,867
11142,63,1414
11143,63,538
11144,63,1292
11145,63,1057
11146,63,685
11147,63,190
11148,63,960
11149,63,231
11150,63,1304
11151,63,1060
11152,63,530
11153,63,102
11154,63,1110
11155,63,680
11156,63,110
11157,63,1222
11158,63,1022
11159,63,562
11160,63,1268
11161,63,981
11162,63,1351
11163,63,733
11164,63,1235
11165,63,652
11166,63,9
11167,63,1219
11168,63,886
11169,63,436
11170,63,20
11171,63,1362
11172,63,1183
11173,450,1346
11174,450,1195
11175,450,1222
11176,162,555
11177,162,726
11178,162,1454
11179,162,919
11180,162,925
11181,162,589
11182,162,506
11183,162,1443
11184,162,936
11185,162,279
11186,162,18
11187,162,118
11188,162,913
11189,162,1070
11190,162,1344
11191,162,1208
11192,162,1322
11193,162,833
11194,162,702
11195,162,590
11196,162,1347
11197,162,410
11198,162,434
11199,162,794
11200,162,1306
11201,162,626
11202,162,92
11203,162,567
11204,162,824
11205,162,602
11206,162,174
11207,162,421
11208,162,1435
11209,162,597
11210,162,258
11211,162,450
11212,162,1364
11213,162,860
11214,162,665
11215,162,783
11216,162,1120
11217,162,549
11218,162,1178
11219,162,700
11220,162,328
11221,162,1349
11222,162,940
11223,162,811
11224,162,617
11225,162,1106
11226,162,997
11227,162,1079
11228,162,1239
11229,162,711
11230,162,649
11231,162,15
11232,162,1246
11233,162,1143
11234,162,1028
11235,162,451
11236,162,657
11237,162,768
11238,162,938
11239,162,1229
11240,162,687
11241,162,900
11242,162,829
11243,162,323
11244,162,1054
11245,162,939
11246,162,107
11247,162,300
11248,162,199
11249,162,117
11250,162,1065
11251,162,1135
11252,162,1045
11253,162,272
11254,162,1441
11255,162,283
11256,162,1433
11257,162,334
11258,162,1167
11259,162,344
11260,162,494
11261,162,1064
11262,162,1311
11263,162,1075
11264,162,1343
11265,162,1426
11266,162,1038
11267,162,501
11268,162,1449
11269,162,164
11270,162,1292
11271,162,1057
11272,162,477
11273,162,507
11274,162,960
11275,162,1304
11276,162,1144
11277,162,1110
11278,162,446
11279,162,1222
11280,162,562
11281,162,646
11282,162,910
11283,162,289
11284,162,748
11285,162,473
11286,162,808
11287,162,609
11288,162,782
11289,162,78
11290,162,749
11291,162,112
11292,162,514
11293,162,1183
11294,665,1074
11295,665,638
11296,665,726
11297,665,1213
11298,665,360
11299,665,1007
11300,665,1454
11301,665,919
11302,665,1280
11303,665,717
11304,665,1283
11305,665,66
11306,665,279
11307,665,365
11308,665,728
11309,665,18
11310,665,201
11311,665,972
11312,665,1211
11313,665,599
11314,665,1208
11315,665,1130
11316,665,1322
11317,665,219
11318,665,369
11319,665,838
11320,665,153
11321,665,1352
11322,665,702
11323,665,316
11324,665,1242
11325,665,590
11326,665,410
11327,665,716
11328,665,80
11329,665,679
11330,665,976
11331,665,525
11332,665,624
11333,665,809
11334,665,434
11335,665,661
11336,665,864
11337,665,1306
11338,665,1204
11339,665,327
11340,665,1405
11341,665,433
11342,665,1066
11343,665,885
11344,665,374
11345,665,250
11346,665,92
11347,665,567
11348,665,693
11349,665,1425
11350,665,508
11351,665,1188
11352,665,1297
11353,665,602
11354,665,663
11355,665,70
11356,665,421
11357,665,958
11358,665,597
11359,665,642
11360,665,478
11361,665,540
11362,665,1006
11363,665,1361
11364,665,1194
11365,665,1364
11366,665,441
11367,665,535
11368,665,860
11369,665,348
11370,665,758
11371,665,598
11372,665,588
11373,665,709
11374,665,549
11375,665,308
11376,665,304
11377,665,1179
11378,665,288
11379,665,1133
11380,665,700
11381,665,328
11382,665,1117
11383,665,806
11384,665,985
11385,665,565
11386,665,810
11387,665,595
11388,665,96
11389,665,147
11390,665,456
11391,665,1400
11392,665,558
11393,665,67
11394,665,68
11395,665,927
11396,665,841
11397,665,704
11398,665,884
11399,665,846
11400,665,644
11401,665,923
11402,665,763
11403,665,1020
11404,665,1071
11405,665,376
11406,665,1192
11407,665,1348
11408,665,724
11409,665,1093
11410,665,296
11411,665,606
11412,665,1320
11413,665,216
11414,665,1369
11415,665,968
11416,665,698
11417,665,367
11418,665,1408
11419,665,292
11420,665,196
11421,665,1331
11422,665,483
11423,665,711
11424,665,307
11425,665,1230
11426,665,452
11427,665,649
11428,665,619
11429,665,1032
11430,665,260
11431,665,582
11432,665,1254
11433,665,1246
11434,665,879
11435,665,226
11436,665,1410
11437,665,654
11438,665,86
11439,665,233
11440,665,703
11441,665,768
11442,665,371
11443,665,938
11444,665,1380
11445,665,1407
11446,665,1229
11447,665,845
11448,665,1290
11449,665,687
11450,665,44
11451,665,462
11452,665,980
11453,665,755
11454,665,900
11455,665,186
11456,665,899
11457,665,629
11458,665,983
11459,665,939
11460,665,1173
11461,665,236
11462,665,342
11463,665,1041
11464,665,1171
11465,665,205
11466,665,413
11467,665,1056
11468,665,668
11469,665,117
11470,665,1148
11471,665,1197
11472,665,272
11473,665,1441
11474,665,99
11475,665,802
11476,665,819
11477,665,247
11478,665,3
11479,665,962
11480,665,312
11481,665,695
11482,665,1243
11483,665,955
11484,665,364
11485,665,892
11486,665,526
11487,665,909
11488,665,1025
11489,665,1311
11490,665,1432
11491,665,263
11492,665,1343
11493,665,1328
11494,665,1417
11495,665,840
11496,665,373
11497,665,678
11498,665,126
11499,665,1095
11500,665,842
11501,665,780
11502,665,172
11503,665,501
11504,665,1449
11505,665,662
11506,665,867
11507,665,581
11508,665,538
11509,665,164
11510,665,1292
11511,665,1057
11512,665,477
11513,665,507
11514,665,608
11515,665,685
11516,665,190
11517,665,1031
11518,665,660
11519,665,231
11520,665,1304
11521,665,1060
11522,665,690
11523,665,166
11524,665,102
11525,665,605
11526,665,1313
11527,665,680
11528,665,446
11529,665,1222
11530,665,31
11531,665,422
11532,665,1022
11533,665,389
11534,665,646
11535,665,981
11536,665,289
11537,665,733
11538,665,933
11539,665,1421
11540,665,1430
11541,665,170
11542,665,473
11543,665,979
11544,665,667
11545,665,1235
11546,665,652
11547,665,9
11548,665,1219
11549,665,54
11550,665,1275
11551,665,741
11552,665,886
11553,665,1325
11554,665,760
11555,665,749
11556,665,346
11557,665,1008
11558,665,1183
11559,1334,638
11560,1334,555
11561,1334,331
11562,1334,726
11563,1334,1213
11564,1334,360
11565,1334,1007
11566,1334,325
11567,1334,57
11568,1334,919
11569,1334,1068
11570,1334,1181
11571,1334,548
11572,1334,564
11573,1334,1280
11574,1334,1255
11575,1334,717
11576,1334,136
11577,1334,1080
11578,1334,623
11579,1334,1443
11580,1334,66
11581,1334,279
11582,1334,728
11583,1334,18
11584,1334,913
11585,1334,201
11586,1334,599
11587,1334,1344
11588,1334,1130
11589,1334,1322
11590,1334,838
11591,1334,153
11592,1334,1352
11593,1334,34
11594,1334,1002
11595,1334,1450
11596,1334,1063
11597,1334,702
11598,1334,316
11599,1334,445
11600,1334,1293
11601,1334,922
11602,1334,298
11603,1334,590
11604,1334,835
11605,1334,1439
11606,1334,410
11607,1334,522
11608,1334,779
11609,1334,80
11610,1334,1210
11611,1334,1398
11612,1334,976
11613,1334,525
11614,1334,144
11615,1334,1358
11616,1334,661
11617,1334,254
11618,1334,982
11619,1334,1420
11620,1334,1204
11621,1334,327
11622,1334,1405
11623,1334,433
11624,1334,1066
11625,1334,885
11626,1334,248
11627,1334,374
11628,1334,625
11629,1334,206
11630,1334,1257
11631,1334,225
11632,1334,766
11633,1334,656
11634,1334,92
11635,1334,567
11636,1334,693
11637,1334,1250
11638,1334,79
11639,1334,753
11640,1334,508
11641,1334,1188
11642,1334,6
11643,1334,1297
11644,1334,232
11645,1334,602
11646,1334,311
11647,1334,663
11648,1334,70
11649,1334,174
11650,1334,1195
11651,1334,88
11652,1334,421
11653,1334,1435
11654,1334,958
11655,1334,761
11656,1334,11
11657,1334,859
11658,1334,1162
11659,1334,642
11660,1334,478
11661,1334,40
11662,1334,277
11663,1334,1136
11664,1334,63
11665,1334,450
11666,1334,540
11667,1334,1134
11668,1334,1361
11669,1334,134
11670,1334,1364
11671,1334,1342
11672,1334,125
11673,1334,665
11674,1334,850
11675,1334,468
11676,1334,1120
11677,1334,588
11678,1334,709
11679,1334,767
11680,1334,549
11681,1334,1220
11682,1334,308
11683,1334,304
11684,1334,1179
11685,1334,116
11686,1334,1133
11687,1334,696
11688,1334,1151
11689,1334,806
11690,1334,565
11691,1334,262
11692,1334,639
11693,1334,810
11694,1334,547
11695,1334,595
11696,1334,1010
11697,1334,147
11698,1334,456
11699,1334,345
11700,1334,81
11701,1334,356
11702,1334,218
11703,1334,67
11704,1334,68
11705,1334,1062
11706,1334,841
11707,1334,1005
11708,1334,437
11709,1334,923
11710,1334,151
11711,1334,536
11712,1334,284
11713,1334,1106
11714,1334,17
11715,1334,1020
11716,1334,848
11717,1334,1071
11718,1334,392
11719,1334,21
11720,1334,376
11721,1334,388
11722,1334,100
11723,1334,1192
11724,1334,724
11725,1334,1093
11726,1334,1320
11727,1334,395
11728,1334,956
11729,1334,698
11730,1334,338
11731,1334,367
11732,1334,997
11733,1334,196
11734,1334,1331
11735,1334,1339
11736,1334,165
11737,1334,1003
11738,1334,307
11739,1334,715
11740,1334,1230
11741,1334,822
11742,1334,852
11743,1334,221
11744,1334,335
11745,1334,732
11746,1334,452
11747,1334,357
11748,1334,649
11749,1334,619
11750,1334,541
11751,1334,1032
11752,1334,260
11753,1334,582
11754,1334,384
11755,1334,1254
11756,1334,1246
11757,1334,287
11758,1334,745
11759,1334,1333
11760,1334,145
11761,1334,24
11762,1334,1143
11763,1334,1410
11764,1334,249
11765,1334,1149
11766,1334,1
11767,1334,451
11768,1334,86
11769,1334,233
11770,1334,484
11771,1334,703
11772,1334,1164
11773,1334,768
11774,1334,371
11775,1334,938
11776,1334,1380
11777,1334,1438
11778,1334,1019
11779,1334,1407
11780,1334,1229
11781,1334,281
11782,1334,845
11783,1334,1290
11784,1334,1092
11785,1334,496
11786,1334,462
11787,1334,980
11788,1334,755
11789,1334,428
11790,1334,900
11791,1334,10
11792,1334,629
11793,1334,734
11794,1334,149
11795,1334,995
11796,1334,983
11797,1334,1173
11798,1334,236
11799,1334,342
11800,1334,1041
11801,1334,413
11802,1334,378
11803,1334,1056
11804,1334,117
11805,1334,499
11806,1334,405
11807,1334,1148
11808,1334,676
11809,1334,482
11810,1334,1197
11811,1334,195
11812,1334,568
11813,1334,814
11814,1334,1135
11815,1334,1045
11816,1334,272
11817,1334,447
11818,1334,273
11819,1334,1441
11820,1334,819
11821,1334,283
11822,1334,1177
11823,1334,402
11824,1334,560
11825,1334,334
11826,1334,1153
11827,1334,255
11828,1334,247
11829,1334,586
11830,1334,962
11831,1334,294
11832,1334,1226
11833,1334,1243
11834,1334,364
11835,1334,1111
11836,1334,999
11837,1334,550
11838,1334,573
11839,1334,909
11840,1334,757
11841,1334,1064
11842,1334,712
11843,1334,1311
11844,1334,1016
11845,1334,340
11846,1334,1075
11847,1334,263
11848,1334,1417
11849,1334,1156
11850,1334,1426
11851,1334,373
11852,1334,678
11853,1334,126
11854,1334,1321
11855,1334,1095
11856,1334,1141
11857,1334,355
11858,1334,780
11859,1334,1038
11860,1334,501
11861,1334,528
11862,1334,1030
11863,1334,264
11864,1334,1449
11865,1334,75
11866,1334,409
11867,1334,1301
11868,1334,662
11869,1334,1414
11870,1334,813
11871,1334,974
11872,1334,611
11873,1334,164
11874,1334,1292
11875,1334,1057
11876,1334,1444
11877,1334,608
11878,1334,685
11879,1334,190
11880,1334,960
11881,1334,990
11882,1334,660
11883,1334,231
11884,1334,1304
11885,1334,1060
11886,1334,102
11887,1334,605
11888,1334,1313
11889,1334,634
11890,1334,680
11891,1334,446
11892,1334,1222
11893,1334,31
11894,1334,422
11895,1334,562
11896,1334,389
11897,1334,646
11898,1334,1268
11899,1334,981
11900,1334,289
11901,1334,748
11902,1334,1351
11903,1334,918
11904,1334,733
11905,1334,1430
11906,1334,170
11907,1334,473
11908,1334,1372
11909,1334,979
11910,1334,808
11911,1334,667
11912,1334,404
11913,1334,815
11914,1334,1413
11915,1334,1235
11916,1334,652
11917,1334,26
11918,1334,9
11919,1334,1219
11920,1334,782
11921,1334,54
11922,1334,886
11923,1334,1325
11924,1334,140
11925,1334,749
11926,1334,112
11927,1334,436
11928,1334,20
11929,1334,614
11930,1334,1183
11931,1160,1074
11932,1160,638
11933,1160,331
11934,1160,726
11935,1160,1213
11936,1160,1007
11937,1160,618
11938,1160,1157
11939,1160,57
11940,1160,500
11941,1160,1454
11942,1160,1068
11943,1160,1181
11944,1160,351
11945,1160,548
11946,1160,1270
11947,1160,564
11948,1160,1280
11949,1160,717
11950,1160,1080
11951,1160,506
11952,1160,1443
11953,1160,66
11954,1160,279
11955,1160,365
11956,1160,728
11957,1160,18
11958,1160,156
11959,1160,913
11960,1160,306
11961,1160,201
11962,1160,1428
11963,1160,599
11964,1160,1344
11965,1160,435
11966,1160,1208
11967,1160,576
11968,1160,1130
11969,1160,1322
11970,1160,73
11971,1160,838
11972,1160,153
11973,1160,1169
11974,1160,1352
11975,1160,34
11976,1160,71
11977,1160,551
11978,1160,1063
11979,1160,702
11980,1160,316
11981,1160,445
11982,1160,1242
11983,1160,210
11984,1160,411
11985,1160,869
11986,1160,922
11987,1160,298
11988,1160,1347
11989,1160,1439
11990,1160,410
11991,1160,627
11992,1160,224
11993,1160,80
11994,1160,197
11995,1160,679
11996,1160,1337
11997,1160,1398
11998,1160,525
11999,1160,624
12000,1160,579
12001,1160,661
12002,1160,1284
12003,1160,254
12004,1160,1420
12005,1160,1306
12006,1160,603
12007,1160,327
12008,1160,1405
12009,1160,1455
12010,1160,1066
12011,1160,885
12012,1160,626
12013,1160,374
12014,1160,1202
12015,1160,1257
12016,1160,1391
12017,1160,92
12018,1160,553
12019,1160,567
12020,1160,693
12021,1160,824
12022,1160,643
12023,1160,79
12024,1160,1265
12025,1160,753
12026,1160,1297
12027,1160,232
12028,1160,602
12029,1160,311
12030,1160,663
12031,1160,70
12032,1160,314
12033,1160,1286
12034,1160,1195
12035,1160,88
12036,1160,1310
12037,1160,421
12038,1160,958
12039,1160,859
12040,1160,1162
12041,1160,502
12042,1160,642
12043,1160,478
12044,1160,1147
12045,1160,277
12046,1160,540
12047,1160,268
12048,1160,1431
12049,1160,1134
12050,1160,222
12051,1160,1361
12052,1160,1194
12053,1160,134
12054,1160,1364
12055,1160,535
12056,1160,1342
12057,1160,860
12058,1160,598
12059,1160,588
12060,1160,709
12061,1160,46
12062,1160,767
12063,1160,5
12064,1160,549
12065,1160,926
12066,1160,1179
12067,1160,993
12068,1160,184
12069,1160,1178
12070,1160,1138
12071,1160,288
12072,1160,1133
12073,1160,1026
12074,1160,1151
12075,1160,275
12076,1160,1117
12077,1160,806
12078,1160,737
12079,1160,565
12080,1160,262
12081,1160,1046
12082,1160,810
12083,1160,336
12084,1160,1010
12085,1160,96
12086,1160,147
12087,1160,456
12088,1160,81
12089,1160,1048
12090,1160,558
12091,1160,148
12092,1160,68
12093,1160,1062
12094,1160,927
12095,1160,1005
12096,1160,246
12097,1160,771
12098,1160,644
12099,1160,437
12100,1160,923
12101,1160,55
12102,1160,28
12103,1160,77
12104,1160,763
12105,1160,1106
12106,1160,17
12107,1160,1020
12108,1160,1071
12109,1160,392
12110,1160,486
12111,1160,1345
12112,1160,100
12113,1160,965
12114,1160,1192
12115,1160,724
12116,1160,721
12117,1160,1093
12118,1160,606
12119,1160,1320
12120,1160,216
12121,1160,968
12122,1160,956
12123,1160,146
12124,1160,698
12125,1160,338
12126,1160,367
12127,1160,997
12128,1160,970
12129,1160,1237
12130,1160,600
12131,1160,1154
12132,1160,292
12133,1160,1061
12134,1160,366
12135,1160,196
12136,1160,1331
12137,1160,483
12138,1160,1239
12139,1160,363
12140,1160,711
12141,1160,165
12142,1160,1423
12143,1160,1230
12144,1160,852
12145,1160,221
12146,1160,732
12147,1160,613
12148,1160,357
12149,1160,649
12150,1160,619
12151,1160,1032
12152,1160,260
12153,1160,582
12154,1160,15
12155,1160,1254
12156,1160,1246
12157,1160,879
12158,1160,745
12159,1160,226
12160,1160,1368
12161,1160,1333
12162,1160,1040
12163,1160,1143
12164,1160,1410
12165,1160,1028
12166,1160,1149
12167,1160,654
12168,1160,1176
12169,1160,451
12170,1160,1394
12171,1160,208
12172,1160,924
12173,1160,777
12174,1160,657
12175,1160,484
12176,1160,703
12177,1160,1142
12178,1160,768
12179,1160,371
12180,1160,938
12181,1160,1447
12182,1160,1380
12183,1160,1438
12184,1160,1407
12185,1160,1229
12186,1160,1290
12187,1160,775
12188,1160,1401
12189,1160,44
12190,1160,1092
12191,1160,496
12192,1160,354
12193,1160,980
12194,1160,755
12195,1160,428
12196,1160,900
12197,1160,186
12198,1160,899
12199,1160,829
12200,1160,691
12201,1160,991
12202,1160,734
12203,1160,220
12204,1160,149
12205,1160,594
12206,1160,939
12207,1160,1013
12208,1160,1173
12209,1160,236
12210,1160,342
12211,1160,419
12212,1160,205
12213,1160,413
12214,1160,199
12215,1160,417
12216,1160,1056
12217,1160,188
12218,1160,117
12219,1160,676
12220,1160,1065
12221,1160,1197
12222,1160,432
12223,1160,793
12224,1160,195
12225,1160,568
12226,1160,1125
12227,1160,1135
12228,1160,1045
12229,1160,272
12230,1160,447
12231,1160,273
12232,1160,1441
12233,1160,391
12234,1160,802
12235,1160,819
12236,1160,334
12237,1160,247
12238,1160,3
12239,1160,962
12240,1160,312
12241,1160,695
12242,1160,1226
12243,1160,1243
12244,1160,133
12245,1160,537
12246,1160,1370
12247,1160,364
12248,1160,1111
12249,1160,297
12250,1160,751
12251,1160,390
12252,1160,573
12253,1160,909
12254,1160,1383
12255,1160,1064
12256,1160,1311
12257,1160,379
12258,1160,1432
12259,1160,1277
12260,1160,1016
12261,1160,1424
12262,1160,263
12263,1160,1343
12264,1160,891
12265,1160,1417
12266,1160,1156
12267,1160,840
12268,1160,60
12269,1160,373
12270,1160,821
12271,1160,126
12272,1160,1321
12273,1160,1095
12274,1160,842
12275,1160,355
12276,1160,780
12277,1160,1038
12278,1160,215
12279,1160,501
12280,1160,528
12281,1160,1259
12282,1160,1449
12283,1160,1225
12284,1160,409
12285,1160,1301
12286,1160,662
12287,1160,1384
12288,1160,867
12289,1160,581
12290,1160,276
12291,1160,611
12292,1160,538
12293,1160,164
12294,1160,1292
12295,1160,1057
12296,1160,671
12297,1160,673
12298,1160,477
12299,1160,507
12300,1160,608
12301,1160,685
12302,1160,190
12303,1160,1027
12304,1160,1053
12305,1160,960
12306,1160,660
12307,1160,803
12308,1160,705
12309,1160,231
12310,1160,1304
12311,1160,350
12312,1160,315
12313,1160,1060
12314,1160,102
12315,1160,605
12316,1160,680
12317,1160,110
12318,1160,58
12319,1160,446
12320,1160,1222
12321,1160,422
12322,1160,42
12323,1160,1022
12324,1160,389
12325,1160,646
12326,1160,616
12327,1160,641
12328,1160,910
12329,1160,1268
12330,1160,981
12331,1160,289
12332,1160,748
12333,1160,171
12334,1160,743
12335,1160,424
12336,1160,1351
12337,1160,918
12338,1160,733
12339,1160,1172
12340,1160,933
12341,1160,386
12342,1160,1421
12343,1160,170
12344,1160,473
12345,1160,1372
12346,1160,979
12347,1160,808
12348,1160,667
12349,1160,64
12350,1160,571
12351,1160,815
12352,1160,1413
12353,1160,33
12354,1160,1235
12355,1160,652
12356,1160,9
12357,1160,1219
12358,1160,782
12359,1160,1289
12360,1160,54
12361,1160,658
12362,1160,78
12363,1160,741
12364,1160,1434
12365,1160,886
12366,1160,1325
12367,1160,776
12368,1160,140
12369,1160,760
12370,1160,1249
12371,1160,749
12372,1160,112
12373,1160,461
12374,1160,514
12375,1160,952
12376,1160,902
12377,1160,123
12378,1160,20
12379,1160,346
12380,1160,621
12381,1160,1362
12382,1160,614
12383,1160,1183
12384,764,638
12385,764,555
12386,764,360
12387,764,325
12388,764,19
12389,764,548
12390,764,564
12391,764,1091
12392,764,136
12393,764,1080
12394,764,1330
12395,764,66
12396,764,365
12397,764,728
12398,764,18
12399,764,306
12400,764,720
12401,764,1211
12402,764,358
12403,764,1344
12404,764,1208
12405,764,551
12406,764,1063
12407,764,702
12408,764,1376
12409,764,922
12410,764,298
12411,764,590
12412,764,1402
12413,764,197
12414,764,95
12415,764,1210
12416,764,1337
12417,764,579
12418,764,809
12419,764,864
12420,764,254
12421,764,1204
12422,764,1066
12423,764,248
12424,764,374
12425,764,1257
12426,764,766
12427,764,656
12428,764,92
12429,764,223
12430,764,1425
12431,764,1188
12432,764,602
12433,764,408
12434,764,663
12435,764,1195
12436,764,1437
12437,764,421
12438,764,1435
12439,764,958
12440,764,859
12441,764,512
12442,764,502
12443,764,1136
12444,764,63
12445,764,540
12446,764,268
12447,764,1364
12448,764,535
12449,764,758
12450,764,1334
12451,764,850
12452,764,791
12453,764,1120
12454,764,709
12455,764,549
12456,764,304
12457,764,1126
12458,764,993
12459,764,116
12460,764,696
12461,764,1182
12462,764,275
12463,764,1117
12464,764,806
12465,764,737
12466,764,985
12467,764,534
12468,764,810
12469,764,547
12470,764,1099
12471,764,317
12472,764,595
12473,764,1010
12474,764,566
12475,764,345
12476,764,81
12477,764,558
12478,764,67
12479,764,884
12480,764,644
12481,764,651
12482,764,17
12483,764,1071
12484,764,486
12485,764,376
12486,764,1192
12487,764,724
12488,764,721
12489,764,296
12490,764,606
12491,764,1320
12492,764,956
12493,764,698
12494,764,367
12495,764,997
12496,764,109
12497,764,1237
12498,764,1408
12499,764,366
12500,764,165
12501,764,307
12502,764,1230
12503,764,822
12504,764,335
12505,764,732
12506,764,452
12507,764,357
12508,764,649
12509,764,1032
12510,764,260
12511,764,1115
12512,764,582
12513,764,15
12514,764,879
12515,764,226
12516,764,385
12517,764,1273
12518,764,1193
12519,764,8
12520,764,484
12521,764,1164
12522,764,1447
12523,764,845
12524,764,1290
12525,764,44
12526,764,980
12527,764,428
12528,764,629
12529,764,149
12530,764,594
12531,764,1173
12532,764,342
12533,764,1171
12534,764,205
12535,764,413
12536,764,378
12537,764,1056
12538,764,117
12539,764,676
12540,764,1065
12541,764,1135
12542,764,1045
12543,764,272
12544,764,447
12545,764,273
12546,764,819
12547,764,1252
12548,764,1153
12549,764,1167
12550,764,247
12551,764,695
12552,764,294
12553,764,1226
12554,764,364
12555,764,1111
12556,764,494
12557,764,573
12558,764,862
12559,764,1175
12560,764,1424
12561,764,263
12562,764,1343
12563,764,1328
12564,764,1417
12565,764,645
12566,764,1141
12567,764,907
12568,764,780
12569,764,172
12570,764,867
12571,764,1414
12572,764,1057
12573,764,801
12574,764,1206
12575,764,685
12576,764,1027
12577,764,1031
12578,764,960
12579,764,231
12580,764,1304
12581,764,102
12582,764,1144
12583,764,1313
12584,764,1110
12585,764,1222
12586,764,31
12587,764,616
12588,764,192
12589,764,1351
12590,764,1421
12591,764,1430
12592,764,473
12593,764,404
12594,764,1413
12595,764,1235
12596,764,652
12597,764,1219
12598,764,749
12599,764,112
12600,764,461
12601,764,20
12602,764,621
12603,764,1183
12604,1120,555
12605,1120,931
12606,1120,331
12607,1120,726
12608,1120,1213
12609,1120,1007
12610,1120,684
12611,1120,19
12612,1120,1068
12613,1120,1181
12614,1120,351
12615,1120,548
12616,1120,1280
12617,1120,1255
12618,1120,717
12619,1120,1080
12620,1120,623
12621,1120,45
12622,1120,66
12623,1120,18
12624,1120,718
12625,1120,913
12626,1120,448
12627,1120,1373
12628,1120,1428
12629,1120,599
12630,1120,1344
12631,1120,153
12632,1120,489
12633,1120,1352
12634,1120,34
12635,1120,551
12636,1120,207
12637,1120,833
12638,1120,1063
12639,1120,694
12640,1120,702
12641,1120,513
12642,1120,316
12643,1120,445
12644,1120,210
12645,1120,1293
12646,1120,922
12647,1120,835
12648,1120,1009
12649,1120,1439
12650,1120,410
12651,1120,779
12652,1120,716
12653,1120,1210
12654,1120,1337
12655,1120,1398
12656,1120,579
12657,1120,809
12658,1120,1358
12659,1120,661
12660,1120,1404
12661,1120,254
12662,1120,1098
12663,1120,982
12664,1120,1420
12665,1120,603
12666,1120,1204
12667,1120,1336
12668,1120,1198
12669,1120,322
12670,1120,1326
12671,1120,114
12672,1120,885
12673,1120,626
12674,1120,374
12675,1120,250
12676,1120,1391
12677,1120,225
12678,1120,1113
12679,1120,766
12680,1120,656
12681,1120,92
12682,1120,553
12683,1120,567
12684,1120,106
12685,1120,1250
12686,1120,79
12687,1120,1265
12688,1120,508
12689,1120,1188
12690,1120,6
12691,1120,232
12692,1120,311
12693,1120,663
12694,1120,1195
12695,1120,88
12696,1120,1437
12697,1120,421
12698,1120,1435
12699,1120,958
12700,1120,585
12701,1120,502
12702,1120,642
12703,1120,478
12704,1120,277
12705,1120,1136
12706,1120,450
12707,1120,540
12708,1120,1134
12709,1120,193
12710,1120,1361
12711,1120,544
12712,1120,1194
12713,1120,134
12714,1120,556
12715,1120,127
12716,1120,1342
12717,1120,162
12718,1120,665
12719,1120,1334
12720,1120,817
12721,1120,850
12722,1120,280
12723,1120,396
12724,1120,729
12725,1120,1024
12726,1120,1332
12727,1120,1120
12728,1120,588
12729,1120,709
12730,1120,46
12731,1120,1128
12732,1120,5
12733,1120,549
12734,1120,1126
12735,1120,1077
12736,1120,82
12737,1120,1179
12738,1120,993
12739,1120,1138
12740,1120,901
12741,1120,288
12742,1120,1026
12743,1120,328
12744,1120,1151
12745,1120,275
12746,1120,1117
12747,1120,893
12748,1120,639
12749,1120,810
12750,1120,547
12751,1120,595
12752,1120,1010
12753,1120,131
12754,1120,96
12755,1120,456
12756,1120,345
12757,1120,81
12758,1120,790
12759,1120,67
12760,1120,1107
12761,1120,1062
12762,1120,841
12763,1120,1005
12764,1120,246
12765,1120,1108
12766,1120,884
12767,1120,437
12768,1120,923
12769,1120,832
12770,1120,55
12771,1120,257
12772,1120,463
12773,1120,1071
12774,1120,392
12775,1120,486
12776,1120,376
12777,1120,1192
12778,1120,353
12779,1120,91
12780,1120,721
12781,1120,1093
12782,1120,296
12783,1120,1338
12784,1120,1320
12785,1120,216
12786,1120,1369
12787,1120,338
12788,1120,367
12789,1120,997
12790,1120,318
12791,1120,970
12792,1120,109
12793,1120,1408
12794,1120,366
12795,1120,196
12796,1120,1331
12797,1120,483
12798,1120,363
12799,1120,307
12800,1120,359
12801,1120,1230
12802,1120,221
12803,1120,732
12804,1120,613
12805,1120,1043
12806,1120,357
12807,1120,649
12808,1120,619
12809,1120,541
12810,1120,1032
12811,1120,260
12812,1120,664
12813,1120,708
12814,1120,15
12815,1120,1246
12816,1120,87
12817,1120,287
12818,1120,398
12819,1120,879
12820,1120,580
12821,1120,745
12822,1120,226
12823,1120,1368
12824,1120,1333
12825,1120,385
12826,1120,145
12827,1120,1040
12828,1120,1410
12829,1120,654
12830,1120,1217
12831,1120,451
12832,1120,1394
12833,1120,1170
12834,1120,233
12835,1120,484
12836,1120,703
12837,1120,1142
12838,1120,1164
12839,1120,768
12840,1120,371
12841,1120,938
12842,1120,429
12843,1120,1200
12844,1120,1019
12845,1120,1229
12846,1120,281
12847,1120,1000
12848,1120,845
12849,1120,1118
12850,1120,687
12851,1120,44
12852,1120,496
12853,1120,462
12854,1120,980
12855,1120,14
12856,1120,755
12857,1120,428
12858,1120,900
12859,1120,186
12860,1120,829
12861,1120,691
12862,1120,991
12863,1120,895
12864,1120,659
12865,1120,629
12866,1120,734
12867,1120,1054
12868,1120,939
12869,1120,370
12870,1120,342
12871,1120,419
12872,1120,640
12873,1120,1078
12874,1120,205
12875,1120,413
12876,1120,199
12877,1120,378
12878,1120,1056
12879,1120,1159
12880,1120,188
12881,1120,476
12882,1120,499
12883,1120,1148
12884,1120,482
12885,1120,1197
12886,1120,814
12887,1120,1135
12888,1120,1045
12889,1120,272
12890,1120,688
12891,1120,163
12892,1120,447
12893,1120,1441
12894,1120,819
12895,1120,283
12896,1120,471
12897,1120,1433
12898,1120,1153
12899,1120,1167
12900,1120,247
12901,1120,1314
12902,1120,962
12903,1120,1226
12904,1120,1243
12905,1120,537
12906,1120,1324
12907,1120,1163
12908,1120,1370
12909,1120,364
12910,1120,1111
12911,1120,892
12912,1120,98
12913,1120,494
12914,1120,297
12915,1120,751
12916,1120,390
12917,1120,550
12918,1120,573
12919,1120,909
12920,1120,1025
12921,1120,1383
12922,1120,1064
12923,1120,503
12924,1120,1175
12925,1120,712
12926,1120,379
12927,1120,1277
12928,1120,1016
12929,1120,340
12930,1120,1446
12931,1120,1075
12932,1120,263
12933,1120,1328
12934,1120,1417
12935,1120,1089
12936,1120,1156
12937,1120,840
12938,1120,373
12939,1120,1141
12940,1120,842
12941,1120,303
12942,1120,355
12943,1120,780
12944,1120,479
12945,1120,501
12946,1120,1259
12947,1120,1030
12948,1120,264
12949,1120,1449
12950,1120,409
12951,1120,1301
12952,1120,662
12953,1120,1384
12954,1120,867
12955,1120,1414
12956,1120,581
12957,1120,974
12958,1120,611
12959,1120,1057
12960,1120,1444
12961,1120,507
12962,1120,992
12963,1120,190
12964,1120,1053
12965,1120,1031
12966,1120,960
12967,1120,990
12968,1120,660
12969,1120,803
12970,1120,231
12971,1120,1304
12972,1120,883
12973,1120,1060
12974,1120,762
12975,1120,605
12976,1120,1110
12977,1120,58
12978,1120,446
12979,1120,1222
12980,1120,42
12981,1120,1022
12982,1120,1268
12983,1120,978
12984,1120,981
12985,1120,748
12986,1120,1351
12987,1120,918
12988,1120,733
12989,1120,1430
12990,1120,170
12991,1120,473
12992,1120,1372
12993,1120,808
12994,1120,64
12995,1120,404
12996,1120,571
12997,1120,1413
12998,1120,33
12999,1120,1235
13000,1120,652
13001,1120,9
13002,1120,1219
13003,1120,782
13004,1120,54
13005,1120,78
13006,1120,1434
13007,1120,886
13008,1120,1325
13009,1120,140
13010,1120,749
13011,1120,112
13012,1120,952
13013,1120,20
13014,1120,346
13015,1120,621
13016,1120,1362
13017,1120,614
13018,1120,1183
13019,288,638
13020,288,931
13021,288,726
13022,288,1213
13023,288,1157
13024,288,500
13025,288,1454
13026,288,919
13027,288,1068
13028,288,548
13029,288,1280
13030,288,717
13031,288,1080
13032,288,66
13033,288,365
13034,288,18
13035,288,913
13036,288,1373
13037,288,599
13038,288,1208
13039,288,1130
13040,288,1322
13041,288,838
13042,288,71
13043,288,833
13044,288,1450
13045,288,1063
13046,288,702
13047,288,316
13048,288,210
13049,288,922
13050,288,298
13051,288,590
13052,288,1439
13053,288,410
13054,288,627
13055,288,976
13056,288,624
13057,288,579
13058,288,254
13059,288,1420
13060,288,1306
13061,288,1204
13062,288,327
13063,288,1405
13064,288,1455
13065,288,1066
13066,288,374
13067,288,1202
13068,288,1257
13069,288,223
13070,288,567
13071,288,693
13072,288,824
13073,288,1076
13074,288,79
13075,288,1265
13076,288,753
13077,288,1297
13078,288,232
13079,288,602
13080,288,311
13081,288,663
13082,288,70
13083,288,1310
13084,288,421
13085,288,958
13086,288,859
13087,288,1162
13088,288,642
13089,288,277
13090,288,450
13091,288,540
13092,288,1134
13093,288,1361
13094,288,1194
13095,288,134
13096,288,860
13097,288,1120
13098,288,588
13099,288,709
13100,288,46
13101,288,5
13102,288,1179
13103,288,184
13104,288,1138
13105,288,288
13106,288,1133
13107,288,700
13108,288,696
13109,288,1151
13110,288,1117
13111,288,806
13112,288,565
13113,288,262
13114,288,639
13115,288,1010
13116,288,96
13117,288,147
13118,288,456
13119,288,1400
13120,288,1048
13121,288,558
13122,288,148
13123,288,68
13124,288,1062
13125,288,927
13126,288,771
13127,288,644
13128,288,437
13129,288,923
13130,288,1071
13131,288,721
13132,288,296
13133,288,606
13134,288,1320
13135,288,216
13136,288,968
13137,288,956
13138,288,698
13139,288,338
13140,288,997
13141,288,970
13142,288,1408
13143,288,1154
13144,288,292
13145,288,1061
13146,288,366
13147,288,196
13148,288,1331
13149,288,1239
13150,288,363
13151,288,711
13152,288,307
13153,288,1230
13154,288,221
13155,288,335
13156,288,613
13157,288,619
13158,288,1032
13159,288,260
13160,288,582
13161,288,1442
13162,288,1254
13163,288,1246
13164,288,287
13165,288,1333
13166,288,1410
13167,288,654
13168,288,1176
13169,288,233
13170,288,484
13171,288,703
13172,288,1142
13173,288,768
13174,288,371
13175,288,938
13176,288,1407
13177,288,1223
13178,288,1290
13179,288,687
13180,288,44
13181,288,1092
13182,288,462
13183,288,980
13184,288,900
13185,288,186
13186,288,899
13187,288,691
13188,288,991
13189,288,629
13190,288,983
13191,288,1013
13192,288,236
13193,288,342
13194,288,205
13195,288,413
13196,288,199
13197,288,1056
13198,288,668
13199,288,1148
13200,288,1197
13201,288,793
13202,288,195
13203,288,568
13204,288,272
13205,288,447
13206,288,802
13207,288,819
13208,288,283
13209,288,334
13210,288,247
13211,288,1243
13212,288,1163
13213,288,1370
13214,288,1392
13215,288,550
13216,288,573
13217,288,909
13218,288,1025
13219,288,1311
13220,288,1432
13221,288,263
13222,288,891
13223,288,1417
13224,288,1156
13225,288,840
13226,288,1426
13227,288,60
13228,288,126
13229,288,1141
13230,288,842
13231,288,780
13232,288,1038
13233,288,528
13234,288,1259
13235,288,264
13236,288,1449
13237,288,1225
13238,288,409
13239,288,1301
13240,288,662
13241,288,581
13242,288,611
13243,288,538
13244,288,164
13245,288,1057
13246,288,671
13247,288,507
13248,288,1291
13249,288,685
13250,288,1053
13251,288,960
13252,288,990
13253,288,660
13254,288,803
13255,288,350
13256,288,315
13257,288,1060
13258,288,102
13259,288,605
13260,288,680
13261,288,58
13262,288,1222
13263,288,422
13264,288,42
13265,288,1022
13266,288,389
13267,288,646
13268,288,616
13269,288,910
13270,288,1268
13271,288,981
13272,288,171
13273,288,918
13274,288,733
13275,288,933
13276,288,1421
13277,288,473
13278,288,1372
13279,288,979
13280,288,808
13281,288,667
13282,288,64
13283,288,404
13284,288,815
13285,288,1413
13286,288,33
13287,288,1235
13288,288,652
13289,288,9
13290,288,1219
13291,288,1289
13292,288,54
13293,288,78
13294,288,886
13295,288,140
13296,288,760
13297,288,112
13298,288,952
13299,288,902
13300,288,20
13301,288,346
13302,288,621
13303,288,1362
13304,288,1183
13305,1133,1454
13306,1133,599
13307,1133,1208
13308,1133,298
13309,1133,958
13310,1133,1361
13311,1133,763
13312,1133,109
13313,1133,1230
13314,1133,582
13315,1133,208
13316,1133,991
13317,1133,962
13318,1133,909
13319,1133,373
13320,1133,1384
13321,1133,685
13322,1133,190
13323,1133,960
13324,1133,166
13325,1133,1222
13326,1133,979
13327,700,331
13328,700,1272
13329,700,351
13330,700,132
13331,700,298
13332,700,241
13333,700,92
13334,700,847
13335,700,177
13336,700,502
13337,700,505
13338,700,1006
13339,700,556
13340,700,783
13341,700,1182
13342,700,558
13343,700,1131
13344,700,832
13345,700,55
13346,700,27
13347,700,698
13348,700,367
13349,700,260
13350,700,631
13351,700,1254
13352,700,87
13353,700,1149
13354,700,1438
13355,700,496
13356,700,594
13357,700,499
13358,700,695
13359,700,712
13360,700,175
13361,700,1453
13362,700,531
13363,700,1253
13364,700,1222
13365,696,1074
13366,696,1213
13367,696,360
13368,696,347
13369,696,361
13370,696,919
13371,696,332
13372,696,1181
13373,696,1080
13374,696,1283
13375,696,977
13376,696,66
13377,696,365
13378,696,18
13379,696,306
13380,696,720
13381,696,599
13382,696,838
13383,696,34
13384,696,833
13385,696,1450
13386,696,316
13387,696,445
13388,696,210
13389,696,1293
13390,696,229
13391,696,298
13392,696,590
13393,696,410
13394,696,716
13395,696,976
13396,696,525
13397,696,604
13398,696,579
13399,696,661
13400,696,157
13401,696,934
13402,696,603
13403,696,492
13404,696,1204
13405,696,327
13406,696,433
13407,696,1455
13408,696,1066
13409,696,885
13410,696,626
13411,696,1257
13412,696,656
13413,696,92
13414,696,567
13415,696,693
13416,696,1425
13417,696,79
13418,696,1265
13419,696,6
13420,696,1297
13421,696,232
13422,696,311
13423,696,681
13424,696,421
13425,696,859
13426,696,1162
13427,696,642
13428,696,40
13429,696,1361
13430,696,544
13431,696,134
13432,696,535
13433,696,348
13434,696,1334
13435,696,1024
13436,696,588
13437,696,709
13438,696,549
13439,696,1077
13440,696,1179
13441,696,993
13442,696,1178
13443,696,1133
13444,696,700
13445,696,1026
13446,696,328
13447,696,806
13448,696,985
13449,696,565
13450,696,1121
13451,696,1046
13452,696,554
13453,696,345
13454,696,67
13455,696,559
13456,696,68
13457,696,1062
13458,696,704
13459,696,617
13460,696,437
13461,696,651
13462,696,923
13463,696,151
13464,696,1020
13465,696,1071
13466,696,392
13467,696,908
13468,696,61
13469,696,388
13470,696,100
13471,696,965
13472,696,724
13473,696,296
13474,696,606
13475,696,1320
13476,696,971
13477,696,968
13478,696,698
13479,696,970
13480,696,292
13481,696,366
13482,696,196
13483,696,1331
13484,696,483
13485,696,711
13486,696,307
13487,696,1230
13488,696,852
13489,696,613
13490,696,1032
13491,696,260
13492,696,15
13493,696,384
13494,696,1254
13495,696,879
13496,696,745
13497,696,226
13498,696,1368
13499,696,1333
13500,696,1143
13501,696,1410
13502,696,451
13503,696,208
13504,696,924
13505,696,777
13506,696,233
13507,696,1142
13508,696,1164
13509,696,768
13510,696,938
13511,696,429
13512,696,1447
13513,696,1380
13514,696,1407
13515,696,1229
13516,696,1223
13517,696,1401
13518,696,980
13519,696,755
13520,696,900
13521,696,186
13522,696,899
13523,696,991
13524,696,578
13525,696,629
13526,696,734
13527,696,983
13528,696,1013
13529,696,1173
13530,696,342
13531,696,668
13532,696,1148
13533,696,676
13534,696,195
13535,696,568
13536,696,814
13537,696,1045
13538,696,272
13539,696,688
13540,696,1302
13541,696,447
13542,696,1441
13543,696,802
13544,696,819
13545,696,283
13546,696,1433
13547,696,334
13548,696,1167
13549,696,695
13550,696,1243
13551,696,1324
13552,696,1163
13553,696,364
13554,696,1111
13555,696,297
13556,696,573
13557,696,909
13558,696,1064
13559,696,1311
13560,696,379
13561,696,1432
13562,696,1277
13563,696,56
13564,696,1075
13565,696,1343
13566,696,1328
13567,696,891
13568,696,1417
13569,696,60
13570,696,373
13571,696,907
13572,696,780
13573,696,501
13574,696,1259
13575,696,1030
13576,696,264
13577,696,1225
13578,696,1301
13579,696,662
13580,696,581
13581,696,611
13582,696,164
13583,696,1292
13584,696,1291
13585,696,685
13586,696,992
13587,696,190
13588,696,1027
13589,696,1031
13590,696,990
13591,696,660
13592,696,231
13593,696,166
13594,696,605
13595,696,446
13596,696,1222
13597,696,31
13598,696,805
13599,696,981
13600,696,748
13601,696,743
13602,696,1351
13603,696,918
13604,696,933
13605,696,1421
13606,696,1430
13607,696,170
13608,696,1372
13609,696,979
13610,696,808
13611,696,667
13612,696,64
13613,696,839
13614,696,1235
13615,696,652
13616,696,1219
13617,696,78
13618,696,776
13619,696,140
13620,696,749
13621,696,112
13622,696,902
13623,696,20
13624,696,621
13625,696,614
13626,1117,737
13627,1117,848
13628,1117,335
13629,1117,1229
13630,1117,1031
13631,1117,1222
13632,893,1074
13633,893,638
13634,893,555
13635,893,931
13636,893,331
13637,893,726
13638,893,1213
13639,893,360
13640,893,347
13641,893,1007
13642,893,796
13643,893,115
13644,893,618
13645,893,1272
13646,893,325
13647,893,1157
13648,893,57
13649,893,684
13650,893,500
13651,893,361
13652,893,302
13653,893,19
13654,893,1454
13655,893,919
13656,893,332
13657,893,1068
13658,893,1181
13659,893,351
13660,893,548
13661,893,362
13662,893,1270
13663,893,564
13664,893,897
13665,893,1280
13666,893,1255
13667,893,717
13668,893,1039
13669,893,22
13670,893,1091
13671,893,925
13672,893,136
13673,893,1357
13674,893,1080
13675,893,759
13676,893,589
13677,893,871
13678,893,623
13679,893,1152
13680,893,1283
13681,893,754
13682,893,66
13683,893,279
13684,893,365
13685,893,728
13686,893,18
13687,893,718
13688,893,118
13689,893,1158
13690,893,1116
13691,893,913
13692,893,306
13693,893,720
13694,893,201
13695,893,972
13696,893,1211
13697,893,448
13698,893,1373
13699,893,1387
13700,893,161
13701,893,1428
13702,893,599
13703,893,43
13704,893,1344
13705,893,435
13706,893,1208
13707,893,576
13708,893,653
13709,893,1130
13710,893,1322
13711,893,219
13712,893,369
13713,893,877
13714,893,574
13715,893,838
13716,893,153
13717,893,1169
13718,893,489
13719,893,1352
13720,893,34
13721,893,1002
13722,893,71
13723,893,551
13724,893,207
13725,893,1359
13726,893,833
13727,893,1450
13728,893,1063
13729,893,694
13730,893,702
13731,893,513
13732,893,316
13733,893,445
13734,893,1242
13735,893,210
13736,893,411
13737,893,69
13738,893,1293
13739,893,229
13740,893,869
13741,893,267
13742,893,128
13743,893,922
13744,893,1262
13745,893,298
13746,893,590
13747,893,1347
13748,893,835
13749,893,1009
13750,893,1439
13751,893,627
13752,893,1155
13753,893,224
13754,893,779
13755,893,716
13756,893,80
13757,893,1216
13758,893,1363
13759,893,1402
13760,893,197
13761,893,278
13762,893,679
13763,893,95
13764,893,1210
13765,893,1337
13766,893,1398
13767,893,1029
13768,893,976
13769,893,525
13770,893,624
13771,893,241
13772,893,579
13773,893,809
13774,893,434
13775,893,1358
13776,893,661
13777,893,1284
13778,893,157
13779,893,1327
13780,893,524
13781,893,864
13782,893,1404
13783,893,254
13784,893,1098
13785,893,934
13786,893,725
13787,893,982
13788,893,1420
13789,893,1306
13790,893,603
13791,893,492
13792,893,1204
13793,893,1198
13794,893,327
13795,893,322
13796,893,1405
13797,893,1326
13798,893,114
13799,893,433
13800,893,253
13801,893,1455
13802,893,1066
13803,893,885
13804,893,626
13805,893,248
13806,893,374
13807,893,625
13808,893,669
13809,893,1094
13810,893,250
13811,893,1202
13812,893,1257
13813,893,1391
13814,893,225
13815,893,1113
13816,893,766
13817,893,656
13818,893,1015
13819,893,1341
13820,893,92
13821,893,553
13822,893,1037
13823,893,119
13824,893,567
13825,893,693
13826,893,847
13827,893,1033
13828,893,1425
13829,893,1250
13830,893,643
13831,893,79
13832,893,903
13833,893,1265
13834,893,753
13835,893,508
13836,893,1188
13837,893,6
13838,893,912
13839,893,1297
13840,893,232
13841,893,602
13842,893,311
13843,893,408
13844,893,663
13845,893,681
13846,893,70
13847,893,314
13848,893,1286
13849,893,174
13850,893,1195
13851,893,88
13852,893,1437
13853,893,1310
13854,893,421
13855,893,1435
13856,893,958
13857,893,761
13858,893,597
13859,893,859
13860,893,585
13861,893,1162
13862,893,512
13863,893,1001
13864,893,502
13865,893,642
13866,893,478
13867,893,203
13868,893,40
13869,893,120
13870,893,1147
13871,893,277
13872,893,1136
13873,893,320
13874,893,450
13875,893,505
13876,893,540
13877,893,268
13878,893,1431
13879,893,1134
13880,893,222
13881,893,988
13882,893,431
13883,893,193
13884,893,1361
13885,893,544
13886,893,1194
13887,893,134
13888,893,1364
13889,893,539
13890,893,556
13891,893,946
13892,893,441
13893,893,843
13894,893,535
13895,893,127
13896,893,1342
13897,893,860
13898,893,313
13899,893,125
13900,893,162
13901,893,348
13902,893,758
13903,893,1334
13904,893,817
13905,893,850
13906,893,468
13907,893,280
13908,893,396
13909,893,1186
13910,893,729
13911,893,227
13912,893,1024
13913,893,783
13914,893,1332
13915,893,791
13916,893,1120
13917,893,1298
13918,893,598
13919,893,588
13920,893,709
13921,893,46
13922,893,1128
13923,893,767
13924,893,1388
13925,893,5
13926,893,549
13927,893,1220
13928,893,932
13929,893,1377
13930,893,834
13931,893,458
13932,893,308
13933,893,1055
13934,893,304
13935,893,926
13936,893,1126
13937,893,1077
13938,893,546
13939,893,82
13940,893,1179
13941,893,993
13942,893,184
13943,893,1178
13944,893,1138
13945,893,901
13946,893,288
13947,893,116
13948,893,1305
13949,893,1133
13950,893,700
13951,893,1241
13952,893,696
13953,893,1026
13954,893,328
13955,893,1151
13956,893,1340
13957,893,1182
13958,893,275
13959,893,1117
13960,893,806
13961,893,737
13962,893,985
13963,893,565
13964,893,865
13965,893,262
13966,893,1121
13967,893,1046
13968,893,788
13969,893,324
13970,893,534
13971,893,1349
13972,893,893
13973,893,639
13974,893,810
13975,893,547
13976,893,554
13977,893,1099
13978,893,317
13979,893,595
13980,893,1010
13981,893,131
13982,893,269
13983,893,96
13984,893,147
13985,893,456
13986,893,1400
13987,893,566
13988,893,345
13989,893,940
13990,893,81
13991,893,666
13992,893,295
13993,893,1187
13994,893,790
13995,893,1048
13996,893,558
13997,893,168
13998,893,811
13999,893,148
14000,893,572
14001,893,218
14002,893,967
14003,893,67
14004,893,68
14005,893,1107
14006,893,1062
14007,893,927
14008,893,841
14009,893,1005
14010,893,704
14011,893,246
14012,893,511
14013,893,617
14014,893,1108
14015,893,884
14016,893,771
14017,893,846
14018,893,53
14019,893,644
14020,893,437
14021,893,651
14022,893,923
14023,893,832
14024,893,672
14025,893,55
14026,893,28
14027,893,257
14028,893,536
14029,893,763
14030,893,1106
14031,893,17
14032,893,570
14033,893,1020
14034,893,848
14035,893,463
14036,893,1071
14037,893,392
14038,893,486
14039,893,21
14040,893,908
14041,893,1345
14042,893,376
14043,893,388
14044,893,100
14045,893,965
14046,893,731
14047,893,1192
14048,893,353
14049,893,1348
14050,893,724
14051,893,91
14052,893,101
14053,893,721
14054,893,1093
14055,893,296
14056,893,474
14057,893,27
14058,893,1338
14059,893,1203
14060,893,606
14061,893,1320
14062,893,216
14063,893,395
14064,893,1369
14065,893,968
14066,893,956
14067,893,146
14068,893,698
14069,893,338
14070,893,367
14071,893,997
14072,893,318
14073,893,970
14074,893,488
14075,893,109
14076,893,1237
14077,893,1079
14078,893,601
14079,893,243
14080,893,1018
14081,893,1408
14082,893,1154
14083,893,292
14084,893,1061
14085,893,366
14086,893,196
14087,893,906
14088,893,1331
14089,893,483
14090,893,1339
14091,893,1239
14092,893,363
14093,893,521
14094,893,711
14095,893,165
14096,893,1003
14097,893,1365
14098,893,307
14099,893,1423
14100,893,1427
14101,893,359
14102,893,715
14103,893,620
14104,893,723
14105,893,1097
14106,893,1230
14107,893,822
14108,893,221
14109,893,335
14110,893,732
14111,893,452
14112,893,74
14113,893,613
14114,893,1043
14115,893,1103
14116,893,357
14117,893,649
14118,893,619
14119,893,541
14120,893,94
14121,893,1032
14122,893,880
14123,893,1360
14124,893,260
14125,893,1115
14126,893,664
14127,893,708
14128,893,582
14129,893,15
14130,893,384
14131,893,1415
14132,893,1271
14133,893,1254
14134,893,1246
14135,893,87
14136,893,287
14137,893,879
14138,893,245
14139,893,1393
14140,893,580
14141,893,90
14142,893,1215
14143,893,745
14144,893,226
14145,893,1368
14146,893,1412
14147,893,1333
14148,893,385
14149,893,145
14150,893,1040
14151,893,1273
14152,893,1143
14153,893,1410
14154,893,1193
14155,893,1149
14156,893,654
14157,893,1217
14158,893,856
14159,893,1176
14160,893,1
14161,893,451
14162,893,1394
14163,893,1170
14164,893,1082
14165,893,208
14166,893,8
14167,893,86
14168,893,896
14169,893,777
14170,893,657
14171,893,233
14172,893,484
14173,893,703
14174,893,1142
14175,893,1164
14176,893,768
14177,893,371
14178,893,252
14179,893,938
14180,893,414
14181,893,429
14182,893,1200
14183,893,1438
14184,893,1019
14185,893,1407
14186,893,1229
14187,893,281
14188,893,1000
14189,893,1223
14190,893,845
14191,893,1290
14192,893,775
14193,893,687
14194,893,44
14195,893,1189
14196,893,1092
14197,893,496
14198,893,462
14199,893,354
14200,893,1266
14201,893,980
14202,893,14
14203,893,755
14204,893,1042
14205,893,428
14206,893,900
14207,893,186
14208,893,899
14209,893,497
14210,893,829
14211,893,691
14212,893,991
14213,893,895
14214,893,578
14215,893,234
14216,893,10
14217,893,659
14218,893,323
14219,893,629
14220,893,734
14221,893,149
14222,893,995
14223,893,983
14224,893,594
14225,893,1054
14226,893,939
14227,893,213
14228,893,370
14229,893,947
14230,893,1013
14231,893,1173
14232,893,236
14233,893,342
14234,893,517
14235,893,419
14236,893,1041
14237,893,640
14238,893,1050
14239,893,1171
14240,893,1078
14241,893,205
14242,893,300
14243,893,413
14244,893,199
14245,893,417
14246,893,394
14247,893,378
14248,893,1056
14249,893,650
14250,893,1159
14251,893,188
14252,893,668
14253,893,117
14254,893,476
14255,893,499
14256,893,405
14257,893,1148
14258,893,676
14259,893,1058
14260,893,482
14261,893,1309
14262,893,1065
14263,893,1197
14264,893,432
14265,893,793
14266,893,493
14267,893,195
14268,893,568
14269,893,1125
14270,893,814
14271,893,1135
14272,893,1045
14273,893,272
14274,893,688
14275,893,543
14276,893,163
14277,893,447
14278,893,491
14279,893,273
14280,893,1441
14281,893,802
14282,893,855
14283,893,819
14284,893,283
14285,893,1177
14286,893,467
14287,893,799
14288,893,402
14289,893,1052
14290,893,471
14291,893,1433
14292,893,334
14293,893,1153
14294,893,1167
14295,893,255
14296,893,247
14297,893,3
14298,893,586
14299,893,1314
14300,893,962
14301,893,844
14302,893,312
14303,893,695
14304,893,294
14305,893,1226
14306,893,1243
14307,893,133
14308,893,400
14309,893,928
14310,893,537
14311,893,955
14312,893,1324
14313,893,1163
14314,893,364
14315,893,1111
14316,893,892
14317,893,98
14318,893,1392
14319,893,494
14320,893,297
14321,893,751
14322,893,390
14323,893,1184
14324,893,372
14325,893,526
14326,893,786
14327,893,550
14328,893,573
14329,893,909
14330,893,1025
14331,893,1383
14332,893,1064
14333,893,862
14334,893,1175
14335,893,712
14336,893,1311
14337,893,533
14338,893,379
14339,893,1432
14340,893,1277
14341,893,56
14342,893,340
14343,893,1446
14344,893,1075
14345,893,1424
14346,893,738
14347,893,263
14348,893,1343
14349,893,1328
14350,893,891
14351,893,1417
14352,893,175
14353,893,1089
14354,893,1156
14355,893,840
14356,893,645
14357,893,1426
14358,893,60
14359,893,373
14360,893,678
14361,893,875
14362,893,412
14363,893,821
14364,893,126
14365,893,1321
14366,893,1095
14367,893,1379
14368,893,914
14369,893,842
14370,893,907
14371,893,303
14372,893,355
14373,893,780
14374,893,1038
14375,893,215
14376,893,479
14377,893,172
14378,893,501
14379,893,949
14380,893,528
14381,893,407
14382,893,1259
14383,893,51
14384,893,1069
14385,893,1030
14386,893,382
14387,893,264
14388,893,1449
14389,893,75
14390,893,1225
14391,893,998
14392,893,409
14393,893,377
14394,893,1301
14395,893,662
14396,893,1384
14397,893,867
14398,893,1403
14399,893,1414
14400,893,581
14401,893,531
14402,893,974
14403,893,611
14404,893,714
14405,893,538
14406,893,164
14407,893,1292
14408,893,1057
14409,893,1236
14410,893,671
14411,893,155
14412,893,477
14413,893,801
14414,893,1206
14415,893,1444
14416,893,507
14417,893,519
14418,893,1253
14419,893,608
14420,893,1291
14421,893,685
14422,893,992
14423,893,190
14424,893,1027
14425,893,1053
14426,893,1031
14427,893,699
14428,893,750
14429,893,960
14430,893,990
14431,893,660
14432,893,803
14433,893,231
14434,893,1304
14435,893,350
14436,893,315
14437,893,883
14438,893,1060
14439,893,1389
14440,893,690
14441,893,583
14442,893,530
14443,893,762
14444,893,166
14445,893,102
14446,893,605
14447,893,1313
14448,893,984
14449,893,1110
14450,893,823
14451,893,680
14452,893,110
14453,893,58
14454,893,446
14455,893,1222
14456,893,1452
14457,893,31
14458,893,422
14459,893,42
14460,893,1022
14461,893,562
14462,893,837
14463,893,389
14464,893,646
14465,893,616
14466,893,910
14467,893,1268
14468,893,978
14469,893,805
14470,893,981
14471,893,289
14472,893,748
14473,893,171
14474,893,424
14475,893,1351
14476,893,918
14477,893,733
14478,893,933
14479,893,1421
14480,893,1430
14481,893,170
14482,893,49
14483,893,473
14484,893,1372
14485,893,979
14486,893,808
14487,893,299
14488,893,667
14489,893,64
14490,893,839
14491,893,404
14492,893,815
14493,893,1413
14494,893,33
14495,893,1235
14496,893,652
14497,893,9
14498,893,1219
14499,893,782
14500,893,1289
14501,893,54
14502,893,658
14503,893,78
14504,893,1275
14505,893,741
14506,893,1434
14507,893,886
14508,893,1325
14509,893,776
14510,893,140
14511,893,760
14512,893,749
14513,893,112
14514,893,461
14515,893,902
14516,893,436
14517,893,20
14518,893,346
14519,893,621
14520,893,1362
14521,893,872
14522,893,614
14523,893,1323
14524,893,1008
14525,893,1183
14526,639,1244
14527,639,1074
14528,639,638
14529,639,931
14530,639,331
14531,639,449
14532,639,1213
14533,639,360
14534,639,1007
14535,639,115
14536,639,618
14537,639,1272
14538,639,325
14539,639,57
14540,639,684
14541,639,500
14542,639,361
14543,639,1454
14544,639,919
14545,639,1181
14546,639,351
14547,639,564
14548,639,1280
14549,639,1255
14550,639,717
14551,639,1091
14552,639,925
14553,639,136
14554,639,1357
14555,639,1080
14556,639,759
14557,639,1330
14558,639,623
14559,639,1283
14560,639,754
14561,639,977
14562,639,66
14563,639,365
14564,639,728
14565,639,18
14566,639,718
14567,639,306
14568,639,720
14569,639,201
14570,639,972
14571,639,1211
14572,639,1373
14573,639,1387
14574,639,161
14575,639,358
14576,639,599
14577,639,43
14578,639,1344
14579,639,435
14580,639,576
14581,639,1130
14582,639,1322
14583,639,219
14584,639,73
14585,639,36
14586,639,877
14587,639,574
14588,639,838
14589,639,153
14590,639,1169
14591,639,489
14592,639,1352
14593,639,34
14594,639,1002
14595,639,551
14596,639,1450
14597,639,1063
14598,639,702
14599,639,445
14600,639,1242
14601,639,411
14602,639,69
14603,639,1293
14604,639,630
14605,639,869
14606,639,267
14607,639,128
14608,639,922
14609,639,298
14610,639,590
14611,639,1347
14612,639,1439
14613,639,410
14614,639,627
14615,639,1155
14616,639,224
14617,639,779
14618,639,1363
14619,639,383
14620,639,1402
14621,639,679
14622,639,95
14623,639,1210
14624,639,1337
14625,639,976
14626,639,525
14627,639,624
14628,639,604
14629,639,579
14630,639,809
14631,639,434
14632,639,661
14633,639,1284
14634,639,157
14635,639,524
14636,639,864
14637,639,254
14638,639,725
14639,639,982
14640,639,1420
14641,639,1306
14642,639,603
14643,639,1204
14644,639,1336
14645,639,1198
14646,639,327
14647,639,1405
14648,639,114
14649,639,433
14650,639,253
14651,639,1066
14652,639,885
14653,639,626
14654,639,248
14655,639,374
14656,639,625
14657,639,1094
14658,639,250
14659,639,1257
14660,639,1391
14661,639,225
14662,639,766
14663,639,656
14664,639,92
14665,639,553
14666,639,1037
14667,639,567
14668,639,693
14669,639,847
14670,639,1033
14671,639,1425
14672,639,903
14673,639,1265
14674,639,508
14675,639,1188
14676,639,6
14677,639,1297
14678,639,232
14679,639,602
14680,639,408
14681,639,663
14682,639,70
14683,639,314
14684,639,174
14685,639,1195
14686,639,88
14687,639,1437
14688,639,421
14689,639,1435
14690,639,958
14691,639,859
14692,639,585
14693,639,1162
14694,639,512
14695,639,502
14696,639,642
14697,639,478
14698,639,40
14699,639,1147
14700,639,277
14701,639,1136
14702,639,320
14703,639,63
14704,639,450
14705,639,540
14706,639,268
14707,639,1431
14708,639,193
14709,639,1361
14710,639,544
14711,639,1194
14712,639,134
14713,639,1364
14714,639,539
14715,639,556
14716,639,441
14717,639,843
14718,639,535
14719,639,1342
14720,639,860
14721,639,348
14722,639,1334
14723,639,850
14724,639,468
14725,639,729
14726,639,227
14727,639,1024
14728,639,1120
14729,639,598
14730,639,588
14731,639,709
14732,639,1388
14733,639,549
14734,639,932
14735,639,1377
14736,639,308
14737,639,304
14738,639,926
14739,639,1126
14740,639,1077
14741,639,82
14742,639,1179
14743,639,993
14744,639,1178
14745,639,1138
14746,639,116
14747,639,1133
14748,639,700
14749,639,1026
14750,639,328
14751,639,1151
14752,639,1182
14753,639,275
14754,639,1117
14755,639,806
14756,639,737
14757,639,985
14758,639,565
14759,639,865
14760,639,262
14761,639,1046
14762,639,788
14763,639,1349
14764,639,893
14765,639,639
14766,639,810
14767,639,547
14768,639,1099
14769,639,595
14770,639,1010
14771,639,96
14772,639,147
14773,639,456
14774,639,1400
14775,639,566
14776,639,345
14777,639,81
14778,639,295
14779,639,1048
14780,639,558
14781,639,356
14782,639,168
14783,639,67
14784,639,68
14785,639,1062
14786,639,841
14787,639,1005
14788,639,704
14789,639,1207
14790,639,884
14791,639,846
14792,639,644
14793,639,437
14794,639,651
14795,639,923
14796,639,672
14797,639,55
14798,639,257
14799,639,536
14800,639,763
14801,639,1106
14802,639,17
14803,639,1020
14804,639,848
14805,639,463
14806,639,1071
14807,639,392
14808,639,486
14809,639,1345
14810,639,376
14811,639,388
14812,639,100
14813,639,1192
14814,639,353
14815,639,724
14816,639,1093
14817,639,296
14818,639,474
14819,639,1338
14820,639,606
14821,639,1320
14822,639,216
14823,639,395
14824,639,1369
14825,639,968
14826,639,956
14827,639,698
14828,639,338
14829,639,367
14830,639,997
14831,639,970
14832,639,109
14833,639,1079
14834,639,1018
14835,639,1408
14836,639,1154
14837,639,292
14838,639,1061
14839,639,366
14840,639,196
14841,639,1331
14842,639,483
14843,639,1339
14844,639,1239
14845,639,363
14846,639,774
14847,639,711
14848,639,165
14849,639,1003
14850,639,307
14851,639,715
14852,639,1230
14853,639,822
14854,639,852
14855,639,335
14856,639,732
14857,639,452
14858,639,613
14859,639,1043
14860,639,1103
14861,639,357
14862,639,649
14863,639,619
14864,639,430
14865,639,541
14866,639,1032
14867,639,260
14868,639,1115
14869,639,664
14870,639,582
14871,639,15
14872,639,384
14873,639,1254
14874,639,1246
14875,639,398
14876,639,879
14877,639,245
14878,639,1294
14879,639,580
14880,639,745
14881,639,226
14882,639,1368
14883,639,1412
14884,639,1333
14885,639,385
14886,639,1273
14887,639,1143
14888,639,1410
14889,639,654
14890,639,1217
14891,639,856
14892,639,451
14893,639,1394
14894,639,1082
14895,639,8
14896,639,86
14897,639,777
14898,639,657
14899,639,233
14900,639,484
14901,639,703
14902,639,1142
14903,639,1164
14904,639,768
14905,639,371
14906,639,938
14907,639,429
14908,639,1380
14909,639,1438
14910,639,1407
14911,639,1229
14912,639,1000
14913,639,845
14914,639,1118
14915,639,1290
14916,639,44
14917,639,1092
14918,639,496
14919,639,462
14920,639,980
14921,639,14
14922,639,755
14923,639,1042
14924,639,428
14925,639,900
14926,639,186
14927,639,899
14928,639,829
14929,639,691
14930,639,10
14931,639,659
14932,639,323
14933,639,629
14934,639,1096
14935,639,734
14936,639,149
14937,639,983
14938,639,594
14939,639,939
14940,639,947
14941,639,1013
14942,639,1173
14943,639,342
14944,639,517
14945,639,419
14946,639,1041
14947,639,1171
14948,639,1078
14949,639,205
14950,639,300
14951,639,413
14952,639,199
14953,639,417
14954,639,394
14955,639,378
14956,639,1056
14957,639,188
14958,639,117
14959,639,476
14960,639,499
14961,639,405
14962,639,676
14963,639,1058
14964,639,1065
14965,639,1197
14966,639,432
14967,639,793
14968,639,195
14969,639,568
14970,639,814
14971,639,1135
14972,639,1045
14973,639,272
14974,639,688
14975,639,163
14976,639,447
14977,639,491
14978,639,1441
14979,639,391
14980,639,802
14981,639,819
14982,639,799
14983,639,402
14984,639,1052
14985,639,1433
14986,639,334
14987,639,1153
14988,639,1167
14989,639,255
14990,639,247
14991,639,3
14992,639,586
14993,639,962
14994,639,695
14995,639,294
14996,639,1226
14997,639,1243
14998,639,133
14999,639,400
15000,639,928
15001,639,537
15002,639,955
15003,639,1324
15004,639,1163
15005,639,364
15006,639,1111
15007,639,892
15008,639,494
15009,639,751
15010,639,390
15011,639,526
15012,639,786
15013,639,550
15014,639,573
15015,639,909
15016,639,1025
15017,639,1383
15018,639,1064
15019,639,862
15020,639,503
15021,639,712
15022,639,1311
15023,639,379
15024,639,1432
15025,639,1446
15026,639,1075
15027,639,1424
15028,639,738
15029,639,263
15030,639,1343
15031,639,1328
15032,639,1417
15033,639,175
15034,639,1156
15035,639,840
15036,639,645
15037,639,60
15038,639,875
15039,639,821
15040,639,126
15041,639,1095
15042,639,1141
15043,639,914
15044,639,842
15045,639,355
15046,639,780
15047,639,1038
15048,639,215
15049,639,479
15050,639,172
15051,639,501
15052,639,528
15053,639,407
15054,639,1259
15055,639,51
15056,639,1030
15057,639,264
15058,639,1449
15059,639,409
15060,639,1301
15061,639,662
15062,639,1384
15063,639,867
15064,639,1414
15065,639,581
15066,639,276
15067,639,974
15068,639,538
15069,639,164
15070,639,1292
15071,639,1057
15072,639,155
15073,639,477
15074,639,801
15075,639,1206
15076,639,1444
15077,639,507
15078,639,1253
15079,639,608
15080,639,1291
15081,639,685
15082,639,190
15083,639,1027
15084,639,1053
15085,639,1031
15086,639,750
15087,639,990
15088,639,660
15089,639,803
15090,639,231
15091,639,1304
15092,639,350
15093,639,1060
15094,639,1389
15095,639,583
15096,639,762
15097,639,166
15098,639,102
15099,639,605
15100,639,1313
15101,639,1110
15102,639,634
15103,639,680
15104,639,110
15105,639,58
15106,639,446
15107,639,1222
15108,639,1452
15109,639,31
15110,639,422
15111,639,1022
15112,639,389
15113,639,646
15114,639,616
15115,639,910
15116,639,1268
15117,639,981
15118,639,748
15119,639,1351
15120,639,918
15121,639,733
15122,639,933
15123,639,1421
15124,639,1430
15125,639,170
15126,639,473
15127,639,1372
15128,639,979
15129,639,808
15130,639,299
15131,639,667
15132,639,64
15133,639,839
15134,639,404
15135,639,33
15136,639,1235
15137,639,652
15138,639,9
15139,639,1219
15140,639,782
15141,639,54
15142,639,658
15143,639,78
15144,639,1275
15145,639,741
15146,639,1434
15147,639,1325
15148,639,776
15149,639,760
15150,639,749
15151,639,112
15152,639,461
15153,639,902
15154,639,20
15155,639,346
15156,639,621
15157,639,1362
15158,639,872
15159,639,614
15160,639,1183
15161,1400,931
15162,1400,726
15163,1400,1213
15164,1400,919
15165,1400,717
15166,1400,589
15167,1400,936
15168,1400,279
15169,1400,18
15170,1400,913
15171,1400,1322
15172,1400,153
15173,1400,34
15174,1400,833
15175,1400,702
15176,1400,590
15177,1400,1347
15178,1400,410
15179,1400,976
15180,1400,525
15181,1400,434
15182,1400,327
15183,1400,1405
15184,1400,626
15185,1400,92
15186,1400,223
15187,1400,567
15188,1400,824
15189,1400,232
15190,1400,174
15191,1400,421
15192,1400,450
15193,1400,1364
15194,1400,860
15195,1400,665
15196,1400,396
15197,1400,1120
15198,1400,549
15199,1400,328
15200,1400,806
15201,1400,262
15202,1400,1121
15203,1400,617
15204,1400,1192
15205,1400,600
15206,1400,1408
15207,1400,196
15208,1400,1239
15209,1400,521
15210,1400,582
15211,1400,15
15212,1400,1246
15213,1400,245
15214,1400,1333
15215,1400,1143
15216,1400,1028
15217,1400,654
15218,1400,451
15219,1400,208
15220,1400,657
15221,1400,703
15222,1400,768
15223,1400,938
15224,1400,1229
15225,1400,281
15226,1400,44
15227,1400,1092
15228,1400,900
15229,1400,829
15230,1400,983
15231,1400,1056
15232,1400,117
15233,1400,272
15234,1400,1441
15235,1400,1167
15236,1400,312
15237,1400,344
15238,1400,1111
15239,1400,1064
15240,1400,1311
15241,1400,1432
15242,1400,263
15243,1400,1343
15244,1400,1417
15245,1400,840
15246,1400,1426
15247,1400,126
15248,1400,1038
15249,1400,501
15250,1400,1259
15251,1400,1449
15252,1400,662
15253,1400,164
15254,1400,1292
15255,1400,477
15256,1400,1304
15257,1400,446
15258,1400,1222
15259,1400,646
15260,1400,910
15261,1400,289
15262,1400,748
15263,1400,473
15264,1400,808
15265,1400,652
15266,1400,782
15267,1400,78
15268,1400,749
15269,1400,112
15270,566,1074
15271,566,638
15272,566,1213
15273,566,360
15274,566,618
15275,566,1157
15276,566,684
15277,566,1454
15278,566,919
15279,566,1181
15280,566,351
15281,566,564
15282,566,1280
15283,566,717
15284,566,136
15285,566,1080
15286,566,759
15287,566,1330
15288,566,365
15289,566,18
15290,566,752
15291,566,201
15292,566,448
15293,566,1373
15294,566,161
15295,566,43
15296,566,1130
15297,566,1322
15298,566,838
15299,566,153
15300,566,1002
15301,566,551
15302,566,1063
15303,566,702
15304,566,445
15305,566,922
15306,566,1439
15307,566,627
15308,566,522
15309,566,779
15310,566,716
15311,566,197
15312,566,95
15313,566,976
15314,566,661
15315,566,864
15316,566,254
15317,566,1204
15318,566,327
15319,566,1066
15320,566,248
15321,566,374
15322,566,206
15323,566,656
15324,566,92
15325,566,1250
15326,566,1265
15327,566,753
15328,566,1188
15329,566,6
15330,566,232
15331,566,663
15332,566,70
15333,566,88
15334,566,421
15335,566,958
15336,566,761
15337,566,859
15338,566,478
15339,566,203
15340,566,268
15341,566,431
15342,566,1361
15343,566,1194
15344,566,134
15345,566,556
15346,566,1161
15347,566,535
15348,566,1342
15349,566,125
15350,566,758
15351,566,850
15352,566,468
15353,566,588
15354,566,709
15355,566,549
15356,566,713
15357,566,1126
15358,566,1077
15359,566,1179
15360,566,1138
15361,566,1445
15362,566,1133
15363,566,1151
15364,566,565
15365,566,639
15366,566,810
15367,566,595
15368,566,147
15369,566,456
15370,566,566
15371,566,345
15372,566,81
15373,566,68
15374,566,1062
15375,566,927
15376,566,841
15377,566,884
15378,566,437
15379,566,923
15380,566,284
15381,566,17
15382,566,1011
15383,566,1071
15384,566,1345
15385,566,376
15386,566,100
15387,566,724
15388,566,1093
15389,566,1320
15390,566,395
15391,566,698
15392,566,338
15393,566,367
15394,566,196
15395,566,906
15396,566,1331
15397,566,483
15398,566,1239
15399,566,363
15400,566,165
15401,566,1003
15402,566,1365
15403,566,307
15404,566,715
15405,566,1230
15406,566,732
15407,566,357
15408,566,619
15409,566,541
15410,566,1032
15411,566,260
15412,566,582
15413,566,1254
15414,566,879
15415,566,1393
15416,566,745
15417,566,1333
15418,566,1143
15419,566,1028
15420,566,777
15421,566,484
15422,566,703
15423,566,1142
15424,566,371
15425,566,1407
15426,566,845
15427,566,1290
15428,566,1092
15429,566,755
15430,566,428
15431,566,900
15432,566,691
15433,566,740
15434,566,629
15435,566,149
15436,566,983
15437,566,1150
15438,566,947
15439,566,1013
15440,566,1173
15441,566,342
15442,566,413
15443,566,199
15444,566,117
15445,566,405
15446,566,432
15447,566,568
15448,566,814
15449,566,1135
15450,566,272
15451,566,163
15452,566,273
15453,566,819
15454,566,402
15455,566,255
15456,566,962
15457,566,294
15458,566,1226
15459,566,928
15460,566,364
15461,566,1111
15462,566,494
15463,566,818
15464,566,573
15465,566,1064
15466,566,1446
15467,566,738
15468,566,263
15469,566,1417
15470,566,373
15471,566,842
15472,566,780
15473,566,854
15474,566,528
15475,566,1259
15476,566,1449
15477,566,1225
15478,566,409
15479,566,867
15480,566,611
15481,566,538
15482,566,1292
15483,566,1057
15484,566,1444
15485,566,1253
15486,566,685
15487,566,190
15488,566,1027
15489,566,699
15490,566,660
15491,566,231
15492,566,102
15493,566,984
15494,566,1110
15495,566,680
15496,566,110
15497,566,1222
15498,566,1022
15499,566,1268
15500,566,981
15501,566,1351
15502,566,1430
15503,566,170
15504,566,473
15505,566,1372
15506,566,979
15507,566,1413
15508,566,33
15509,566,652
15510,566,9
15511,566,1219
15512,566,54
15513,566,78
15514,566,886
15515,566,1325
15516,566,749
15517,566,20
15518,566,621
15519,566,1362
15520,345,66
15521,345,365
15522,345,18
15523,345,434
15524,345,850
15525,345,791
15526,345,985
15527,345,81
15528,345,67
15529,345,1071
15530,345,296
15531,345,956
15532,345,698
15533,345,367
15534,345,260
15535,345,1092
15536,345,205
15537,345,413
15538,345,447
15539,345,909
15540,345,1141
15541,345,1057
15542,345,446
15543,345,1222
15544,345,404
15545,345,749
15546,345,461
15547,345,1183
15548,558,931
15549,558,325
15550,558,57
15551,558,684
15552,558,919
15553,558,1068
15554,558,351
15555,558,759
15556,558,754
15557,558,728
15558,558,201
15559,558,1344
15560,558,219
15561,558,399
15562,558,1169
15563,558,551
15564,558,1063
15565,558,445
15566,558,1439
15567,558,410
15568,558,716
15569,558,917
15570,558,241
15571,558,864
15572,558,1355
15573,558,1204
15574,558,885
15575,558,248
15576,558,374
15577,558,232
15578,558,88
15579,558,958
15580,558,859
15581,558,512
15582,558,277
15583,558,268
15584,558,758
15585,558,1298
15586,558,713
15587,558,304
15588,558,116
15589,558,1151
15590,558,806
15591,558,565
15592,558,810
15593,558,147
15594,558,456
15595,558,566
15596,558,1048
15597,558,536
15598,558,1106
15599,558,1011
15600,558,392
15601,558,1345
15602,558,376
15603,558,1192
15604,558,724
15605,558,1093
15606,558,296
15607,558,338
15608,558,367
15609,558,109
15610,558,1237
15611,558,483
15612,558,1339
15613,558,1239
15614,558,774
15615,558,165
15616,558,307
15617,558,1427
15618,558,1230
15619,558,732
15620,558,1254
15621,558,1333
15622,558,249
15623,558,8
15624,558,429
15625,558,1438
15626,558,1290
15627,558,428
15628,558,563
15629,558,149
15630,558,1173
15631,558,413
15632,558,378
15633,558,1056
15634,558,117
15635,558,499
15636,558,1148
15637,558,432
15638,558,1135
15639,558,163
15640,558,273
15641,558,802
15642,558,863
15643,558,586
15644,558,294
15645,558,928
15646,558,364
15647,558,818
15648,558,999
15649,558,738
15650,558,1343
15651,558,821
15652,558,854
15653,558,867
15654,558,538
15655,558,1303
15656,558,1292
15657,558,1057
15658,558,1253
15659,558,1027
15660,558,660
15661,558,984
15662,558,1222
15663,558,1022
15664,558,562
15665,558,1351
15666,558,1430
15667,558,667
15668,558,404
15669,558,652
15670,558,886
15671,558,749
15672,558,112
15673,558,346
15674,356,638
15675,356,1007
15676,356,919
15677,356,717
15678,356,728
15679,356,18
15680,356,201
15681,356,1344
15682,356,1063
15683,356,316
15684,356,445
15685,356,1439
15686,356,410
15687,356,716
15688,356,809
15689,356,982
15690,356,92
15691,356,663
15692,356,421
15693,356,958
15694,356,859
15695,356,268
15696,356,1361
15697,356,162
15698,356,348
15699,356,758
15700,356,588
15701,356,713
15702,356,304
15703,356,288
15704,356,806
15705,356,262
15706,356,810
15707,356,96
15708,356,456
15709,356,566
15710,356,511
15711,356,923
15712,356,28
15713,356,1106
15714,356,376
15715,356,1192
15716,356,1348
15717,356,296
15718,356,970
15719,356,1237
15720,356,335
15721,356,619
15722,356,541
15723,356,582
15724,356,1333
15725,356,249
15726,356,654
15727,356,1229
15728,356,755
15729,356,428
15730,356,186
15731,356,899
15732,356,1054
15733,356,1173
15734,356,1078
15735,356,205
15736,356,413
15737,356,1056
15738,356,117
15739,356,676
15740,356,1197
15741,356,1135
15742,356,272
15743,356,955
15744,356,364
15745,356,573
15746,356,909
15747,356,1311
15748,356,738
15749,356,263
15750,356,1328
15751,356,957
15752,356,821
15753,356,126
15754,356,1057
15755,356,231
15756,356,1222
15757,356,422
15758,356,562
15759,356,981
15760,356,1351
15761,356,918
15762,356,404
15763,356,749
15764,148,590
15765,148,92
15766,148,261
15767,148,394
15768,148,1343
15769,148,1222
15770,1062,821
15771,1062,1222
15772,1062,839
15773,927,919
15774,927,1405
15775,927,693
15776,927,771
15777,927,923
15778,927,1320
15779,927,221
15780,927,1410
15781,927,233
15782,927,703
15783,927,247
15784,927,1343
15785,927,840
15786,927,960
15787,927,1222
15788,617,1074
15789,617,638
15790,617,726
15791,617,1007
15792,617,919
15793,617,1068
15794,617,717
15795,617,66
15796,617,18
15797,617,1116
15798,617,913
15799,617,599
15800,617,1344
15801,617,1322
15802,617,316
15803,617,445
15804,617,590
15805,617,1439
15806,617,410
15807,617,525
15808,617,809
15809,617,374
15810,617,824
15811,617,903
15812,617,663
15813,617,421
15814,617,1006
15815,617,1361
15816,617,758
15817,617,1120
15818,617,588
15819,617,1179
15820,617,1138
15821,617,1133
15822,617,1026
15823,617,96
15824,617,147
15825,617,558
15826,617,1062
15827,617,923
15828,617,1071
15829,617,1192
15830,617,721
15831,617,1093
15832,617,698
15833,617,1061
15834,617,196
15835,617,307
15836,617,649
15837,617,1032
15838,617,226
15839,617,1368
15840,617,1143
15841,617,1410
15842,617,208
15843,617,768
15844,617,938
15845,617,1407
15846,617,1229
15847,617,1290
15848,617,44
15849,617,462
15850,617,755
15851,617,900
15852,617,899
15853,617,342
15854,617,1078
15855,617,199
15856,617,117
15857,617,1197
15858,617,432
15859,617,568
15860,617,272
15861,617,1441
15862,617,99
15863,617,802
15864,617,819
15865,617,247
15866,617,312
15867,617,1243
15868,617,364
15869,617,909
15870,617,1025
15871,617,1064
15872,617,1311
15873,617,1432
15874,617,738
15875,617,263
15876,617,1328
15877,617,1417
15878,617,373
15879,617,678
15880,617,126
15881,617,1141
15882,617,842
15883,617,501
15884,617,1449
15885,617,409
15886,617,662
15887,617,1292
15888,617,1057
15889,617,1444
15890,617,507
15891,617,660
15892,617,803
15893,617,1304
15894,617,446
15895,617,1222
15896,617,422
15897,617,1022
15898,617,192
15899,617,933
15900,617,1430
15901,617,170
15902,617,473
15903,617,64
15904,617,33
15905,617,652
15906,617,54
15907,617,749
15908,617,20
15909,617,1362
15910,617,1183
15911,923,638
15912,923,331
15913,923,726
15914,923,1213
15915,923,360
15916,923,1007
15917,923,1272
15918,923,19
15919,923,919
15920,923,1068
15921,923,1181
15922,923,548
15923,923,1280
15924,923,1255
15925,923,717
15926,923,1080
15927,923,623
15928,923,66
15929,923,365
15930,923,728
15931,923,18
15932,923,913
15933,923,1373
15934,923,599
15935,923,1344
15936,923,1322
15937,923,73
15938,923,838
15939,923,153
15940,923,1169
15941,923,1352
15942,923,34
15943,923,71
15944,923,207
15945,923,833
15946,923,1063
15947,923,702
15948,923,204
15949,923,513
15950,923,316
15951,923,445
15952,923,210
15953,923,411
15954,923,1293
15955,923,229
15956,923,869
15957,923,922
15958,923,298
15959,923,590
15960,923,835
15961,923,1439
15962,923,779
15963,923,1363
15964,923,1210
15965,923,1398
15966,923,976
15967,923,241
15968,923,579
15969,923,809
15970,923,1358
15971,923,254
15972,923,1420
15973,923,603
15974,923,1198
15975,923,327
15976,923,322
15977,923,1326
15978,923,1455
15979,923,1066
15980,923,885
15981,923,374
15982,923,669
15983,923,250
15984,923,1202
15985,923,1257
15986,923,1113
15987,923,656
15988,923,553
15989,923,223
15990,923,567
15991,923,693
15992,923,903
15993,923,1265
15994,923,508
15995,923,6
15996,923,232
15997,923,311
15998,923,663
15999,923,681
16000,923,70
16001,923,314
16002,923,174
16003,923,1195
16004,923,421
16005,923,1435
16006,923,958
16007,923,1162
16008,923,502
16009,923,642
16010,923,478
16011,923,203
16012,923,40
16013,923,277
16014,923,1136
16015,923,450
16016,923,505
16017,923,1134
16018,923,1361
16019,923,544
16020,923,1194
16021,923,134
16022,923,441
16023,923,1161
16024,923,127
16025,923,1342
16026,923,125
16027,923,348
16028,923,665
16029,923,280
16030,923,598
16031,923,588
16032,923,709
16033,923,46
16034,923,5
16035,923,549
16036,923,1220
16037,923,308
16038,923,546
16039,923,1179
16040,923,993
16041,923,1178
16042,923,1138
16043,923,288
16044,923,1133
16045,923,1026
16046,923,328
16047,923,1151
16048,923,1182
16049,923,1117
16050,923,737
16051,923,565
16052,923,865
16053,923,893
16054,923,639
16055,923,595
16056,923,131
16057,923,147
16058,923,456
16059,923,1400
16060,923,81
16061,923,67
16062,923,1107
16063,923,1062
16064,923,841
16065,923,1005
16066,923,246
16067,923,617
16068,923,1108
16069,923,53
16070,923,437
16071,923,923
16072,923,55
16073,923,1020
16074,923,463
16075,923,1071
16076,923,486
16077,923,908
16078,923,731
16079,923,353
16080,923,724
16081,923,721
16082,923,27
16083,923,1320
16084,923,1369
16085,923,698
16086,923,338
16087,923,997
16088,923,970
16089,923,1154
16090,923,292
16091,923,1061
16092,923,366
16093,923,196
16094,923,1331
16095,923,483
16096,923,363
16097,923,307
16098,923,359
16099,923,1230
16100,923,221
16101,923,732
16102,923,613
16103,923,357
16104,923,649
16105,923,619
16106,923,1032
16107,923,1360
16108,923,260
16109,923,582
16110,923,15
16111,923,1442
16112,923,384
16113,923,1246
16114,923,287
16115,923,398
16116,923,879
16117,923,245
16118,923,1393
16119,923,90
16120,923,1215
16121,923,745
16122,923,226
16123,923,1368
16124,923,1333
16125,923,1040
16126,923,1273
16127,923,1410
16128,923,654
16129,923,1176
16130,923,451
16131,923,208
16132,923,657
16133,923,233
16134,923,1142
16135,923,768
16136,923,371
16137,923,938
16138,923,414
16139,923,1380
16140,923,1438
16141,923,1019
16142,923,1407
16143,923,1229
16144,923,281
16145,923,1000
16146,923,845
16147,923,1118
16148,923,1290
16149,923,687
16150,923,44
16151,923,1189
16152,923,1092
16153,923,462
16154,923,980
16155,923,755
16156,923,1042
16157,923,428
16158,923,900
16159,923,186
16160,923,899
16161,923,991
16162,923,895
16163,923,578
16164,923,659
16165,923,629
16166,923,734
16167,923,983
16168,923,939
16169,923,1173
16170,923,342
16171,923,1050
16172,923,1078
16173,923,199
16174,923,417
16175,923,394
16176,923,378
16177,923,1056
16178,923,650
16179,923,188
16180,923,668
16181,923,499
16182,923,1148
16183,923,1058
16184,923,1197
16185,923,432
16186,923,568
16187,923,1045
16188,923,272
16189,923,688
16190,923,163
16191,923,447
16192,923,1441
16193,923,819
16194,923,334
16195,923,1153
16196,923,247
16197,923,1314
16198,923,962
16199,923,695
16200,923,294
16201,923,1243
16202,923,133
16203,923,537
16204,923,1324
16205,923,1163
16206,923,1370
16207,923,364
16208,923,1111
16209,923,98
16210,923,1392
16211,923,297
16212,923,751
16213,923,526
16214,923,550
16215,923,573
16216,923,909
16217,923,1064
16218,923,1311
16219,923,1432
16220,923,1075
16221,923,263
16222,923,1343
16223,923,1328
16224,923,1417
16225,923,1156
16226,923,840
16227,923,60
16228,923,373
16229,923,875
16230,923,126
16231,923,1141
16232,923,842
16233,923,355
16234,923,780
16235,923,215
16236,923,501
16237,923,1259
16238,923,1030
16239,923,264
16240,923,1449
16241,923,1225
16242,923,998
16243,923,409
16244,923,1301
16245,923,662
16246,923,974
16247,923,611
16248,923,538
16249,923,164
16250,923,1292
16251,923,1057
16252,923,1444
16253,923,685
16254,923,190
16255,923,1053
16256,923,1031
16257,923,960
16258,923,990
16259,923,660
16260,923,803
16261,923,883
16262,923,1060
16263,923,690
16264,923,583
16265,923,762
16266,923,166
16267,923,605
16268,923,110
16269,923,58
16270,923,446
16271,923,1222
16272,923,422
16273,923,1022
16274,923,1102
16275,923,646
16276,923,1268
16277,923,978
16278,923,289
16279,923,748
16280,923,171
16281,923,1351
16282,923,918
16283,923,933
16284,923,1430
16285,923,170
16286,923,473
16287,923,1372
16288,923,979
16289,923,808
16290,923,667
16291,923,64
16292,923,839
16293,923,404
16294,923,815
16295,923,1413
16296,923,33
16297,923,1235
16298,923,652
16299,923,9
16300,923,1219
16301,923,54
16302,923,658
16303,923,78
16304,923,886
16305,923,1325
16306,923,140
16307,923,749
16308,923,112
16309,923,952
16310,923,902
16311,923,20
16312,923,346
16313,923,621
16314,923,614
16315,923,1183
16316,392,678
16317,486,1222
16318,742,1280
16319,742,279
16320,742,982
16321,742,1405
16322,742,1186
16323,742,810
16324,742,101
16325,742,1093
16326,742,723
16327,742,582
16328,742,15
16329,742,995
16330,742,688
16331,742,3
16332,742,133
16333,742,1025
16334,742,1075
16335,742,840
16336,742,1384
16337,742,190
16338,742,1222
16339,606,1074
16340,606,638
16341,606,555
16342,606,931
16343,606,331
16344,606,726
16345,606,1213
16346,606,360
16347,606,1007
16348,606,1272
16349,606,684
16350,606,361
16351,606,19
16352,606,1454
16353,606,919
16354,606,332
16355,606,1068
16356,606,548
16357,606,362
16358,606,1270
16359,606,564
16360,606,897
16361,606,1255
16362,606,717
16363,606,22
16364,606,1080
16365,606,589
16366,606,623
16367,606,45
16368,606,1443
16369,606,66
16370,606,279
16371,606,365
16372,606,728
16373,606,18
16374,606,913
16375,606,306
16376,606,1211
16377,606,1373
16378,606,161
16379,606,1428
16380,606,599
16381,606,435
16382,606,1208
16383,606,1130
16384,606,1322
16385,606,73
16386,606,838
16387,606,153
16388,606,489
16389,606,1352
16390,606,71
16391,606,551
16392,606,1359
16393,606,833
16394,606,1450
16395,606,1063
16396,606,694
16397,606,702
16398,606,316
16399,606,445
16400,606,1242
16401,606,210
16402,606,411
16403,606,1293
16404,606,229
16405,606,922
16406,606,590
16407,606,1347
16408,606,1439
16409,606,410
16410,606,224
16411,606,522
16412,606,779
16413,606,1363
16414,606,509
16415,606,95
16416,606,1210
16417,606,1398
16418,606,976
16419,606,525
16420,606,624
16421,606,241
16422,606,579
16423,606,809
16424,606,434
16425,606,1358
16426,606,254
16427,606,1098
16428,606,1420
16429,606,1306
16430,606,1204
16431,606,327
16432,606,1405
16433,606,1455
16434,606,1066
16435,606,885
16436,606,374
16437,606,1202
16438,606,1391
16439,606,92
16440,606,553
16441,606,567
16442,606,693
16443,606,847
16444,606,824
16445,606,1076
16446,606,79
16447,606,753
16448,606,1188
16449,606,6
16450,606,1297
16451,606,232
16452,606,602
16453,606,311
16454,606,663
16455,606,681
16456,606,70
16457,606,314
16458,606,1437
16459,606,1310
16460,606,421
16461,606,1435
16462,606,958
16463,606,597
16464,606,859
16465,606,575
16466,606,1162
16467,606,642
16468,606,478
16469,606,1147
16470,606,277
16471,606,29
16472,606,450
16473,606,540
16474,606,1431
16475,606,1361
16476,606,134
16477,606,1364
16478,606,127
16479,606,1342
16480,606,860
16481,606,125
16482,606,758
16483,606,1334
16484,606,817
16485,606,396
16486,606,1024
16487,606,791
16488,606,1120
16489,606,588
16490,606,709
16491,606,46
16492,606,767
16493,606,549
16494,606,1220
16495,606,304
16496,606,1179
16497,606,184
16498,606,1138
16499,606,1133
16500,606,696
16501,606,1026
16502,606,1151
16503,606,1117
16504,606,806
16505,606,565
16506,606,262
16507,606,639
16508,606,810
16509,606,595
16510,606,1010
16511,606,269
16512,606,96
16513,606,147
16514,606,456
16515,606,345
16516,606,356
16517,606,148
16518,606,218
16519,606,68
16520,606,1062
16521,606,927
16522,606,841
16523,606,1005
16524,606,246
16525,606,511
16526,606,1108
16527,606,884
16528,606,771
16529,606,644
16530,606,437
16531,606,651
16532,606,923
16533,606,672
16534,606,28
16535,606,77
16536,606,1020
16537,606,1071
16538,606,486
16539,606,61
16540,606,376
16541,606,388
16542,606,965
16543,606,1192
16544,606,91
16545,606,721
16546,606,296
16547,606,474
16548,606,1338
16549,606,606
16550,606,1320
16551,606,968
16552,606,956
16553,606,698
16554,606,338
16555,606,997
16556,606,970
16557,606,109
16558,606,600
16559,606,1018
16560,606,1408
16561,606,292
16562,606,1061
16563,606,196
16564,606,1331
16565,606,1339
16566,606,1239
16567,606,363
16568,606,521
16569,606,711
16570,606,165
16571,606,1423
16572,606,1230
16573,606,822
16574,606,221
16575,606,452
16576,606,1043
16577,606,357
16578,606,619
16579,606,1032
16580,606,880
16581,606,986
16582,606,260
16583,606,708
16584,606,582
16585,606,1415
16586,606,1246
16587,606,287
16588,606,398
16589,606,745
16590,606,226
16591,606,1368
16592,606,1412
16593,606,1333
16594,606,1040
16595,606,1410
16596,606,1193
16597,606,451
16598,606,1394
16599,606,208
16600,606,657
16601,606,233
16602,606,484
16603,606,703
16604,606,1142
16605,606,1164
16606,606,768
16607,606,371
16608,606,938
16609,606,1200
16610,606,1380
16611,606,1407
16612,606,1229
16613,606,1118
16614,606,1290
16615,606,687
16616,606,44
16617,606,1092
16618,606,496
16619,606,1266
16620,606,980
16621,606,755
16622,606,1042
16623,606,900
16624,606,186
16625,606,691
16626,606,991
16627,606,578
16628,606,659
16629,606,734
16630,606,983
16631,606,1054
16632,606,939
16633,606,1173
16634,606,342
16635,606,1041
16636,606,107
16637,606,1078
16638,606,413
16639,606,199
16640,606,417
16641,606,394
16642,606,378
16643,606,1056
16644,606,1159
16645,606,668
16646,606,117
16647,606,476
16648,606,499
16649,606,676
16650,606,1197
16651,606,432
16652,606,195
16653,606,568
16654,606,1135
16655,606,1045
16656,606,272
16657,606,688
16658,606,447
16659,606,1441
16660,606,802
16661,606,76
16662,606,819
16663,606,283
16664,606,334
16665,606,247
16666,606,962
16667,606,312
16668,606,695
16669,606,928
16670,606,1324
16671,606,1163
16672,606,1370
16673,606,364
16674,606,892
16675,606,494
16676,606,297
16677,606,167
16678,606,526
16679,606,550
16680,606,909
16681,606,1025
16682,606,1064
16683,606,1175
16684,606,1311
16685,606,379
16686,606,1432
16687,606,1446
16688,606,263
16689,606,1343
16690,606,1328
16691,606,891
16692,606,1417
16693,606,1089
16694,606,1426
16695,606,373
16696,606,126
16697,606,1321
16698,606,1095
16699,606,842
16700,606,355
16701,606,780
16702,606,501
16703,606,1449
16704,606,1225
16705,606,409
16706,606,1301
16707,606,662
16708,606,867
16709,606,581
16710,606,974
16711,606,611
16712,606,538
16713,606,1057
16714,606,671
16715,606,477
16716,606,1291
16717,606,685
16718,606,992
16719,606,1027
16720,606,1031
16721,606,960
16722,606,990
16723,606,660
16724,606,803
16725,606,231
16726,606,1304
16727,606,1060
16728,606,530
16729,606,102
16730,606,605
16731,606,58
16732,606,446
16733,606,1222
16734,606,31
16735,606,422
16736,606,42
16737,606,1022
16738,606,389
16739,606,646
16740,606,616
16741,606,1268
16742,606,978
16743,606,289
16744,606,748
16745,606,918
16746,606,733
16747,606,933
16748,606,1421
16749,606,1430
16750,606,170
16751,606,49
16752,606,473
16753,606,1372
16754,606,979
16755,606,64
16756,606,839
16757,606,404
16758,606,571
16759,606,1413
16760,606,33
16761,606,1235
16762,606,652
16763,606,9
16764,606,78
16765,606,741
16766,606,140
16767,606,749
16768,606,112
16769,606,461
16770,606,20
16771,606,1362
16772,606,1183
16773,1320,1074
16774,1320,636
16775,1320,638
16776,1320,931
16777,1320,331
16778,1320,726
16779,1320,1213
16780,1320,360
16781,1320,347
16782,1320,1007
16783,1320,796
16784,1320,1272
16785,1320,325
16786,1320,1157
16787,1320,57
16788,1320,684
16789,1320,500
16790,1320,361
16791,1320,19
16792,1320,1454
16793,1320,919
16794,1320,1068
16795,1320,1181
16796,1320,351
16797,1320,548
16798,1320,1270
16799,1320,564
16800,1320,897
16801,1320,1280
16802,1320,1255
16803,1320,717
16804,1320,22
16805,1320,1091
16806,1320,1080
16807,1320,589
16808,1320,623
16809,1320,45
16810,1320,1283
16811,1320,936
16812,1320,66
16813,1320,365
16814,1320,728
16815,1320,18
16816,1320,438
16817,1320,718
16818,1320,118
16819,1320,156
16820,1320,913
16821,1320,306
16822,1320,720
16823,1320,201
16824,1320,972
16825,1320,1211
16826,1320,448
16827,1320,358
16828,1320,1428
16829,1320,599
16830,1320,1344
16831,1320,435
16832,1320,1208
16833,1320,1346
16834,1320,576
16835,1320,1130
16836,1320,1322
16837,1320,73
16838,1320,838
16839,1320,153
16840,1320,1169
16841,1320,489
16842,1320,34
16843,1320,1002
16844,1320,71
16845,1320,551
16846,1320,1359
16847,1320,833
16848,1320,1450
16849,1320,1063
16850,1320,694
16851,1320,702
16852,1320,513
16853,1320,316
16854,1320,445
16855,1320,1242
16856,1320,210
16857,1320,411
16858,1320,1293
16859,1320,229
16860,1320,922
16861,1320,298
16862,1320,590
16863,1320,1347
16864,1320,835
16865,1320,1009
16866,1320,1439
16867,1320,410
16868,1320,1155
16869,1320,224
16870,1320,522
16871,1320,779
16872,1320,716
16873,1320,1216
16874,1320,1363
16875,1320,383
16876,1320,1402
16877,1320,197
16878,1320,509
16879,1320,1210
16880,1320,1337
16881,1320,1398
16882,1320,1029
16883,1320,637
16884,1320,976
16885,1320,525
16886,1320,624
16887,1320,604
16888,1320,241
16889,1320,579
16890,1320,1112
16891,1320,809
16892,1320,434
16893,1320,1358
16894,1320,794
16895,1320,661
16896,1320,157
16897,1320,1327
16898,1320,1404
16899,1320,254
16900,1320,1098
16901,1320,934
16902,1320,1420
16903,1320,1306
16904,1320,603
16905,1320,492
16906,1320,1204
16907,1320,1198
16908,1320,327
16909,1320,138
16910,1320,62
16911,1320,322
16912,1320,1405
16913,1320,1326
16914,1320,114
16915,1320,433
16916,1320,1455
16917,1320,1066
16918,1320,812
16919,1320,885
16920,1320,626
16921,1320,374
16922,1320,250
16923,1320,1202
16924,1320,1257
16925,1320,1391
16926,1320,225
16927,1320,1113
16928,1320,766
16929,1320,656
16930,1320,92
16931,1320,223
16932,1320,693
16933,1320,847
16934,1320,106
16935,1320,1425
16936,1320,824
16937,1320,1265
16938,1320,753
16939,1320,508
16940,1320,1188
16941,1320,6
16942,1320,912
16943,1320,1297
16944,1320,232
16945,1320,602
16946,1320,311
16947,1320,408
16948,1320,663
16949,1320,681
16950,1320,70
16951,1320,174
16952,1320,1195
16953,1320,88
16954,1320,1437
16955,1320,1310
16956,1320,421
16957,1320,1435
16958,1320,958
16959,1320,154
16960,1320,859
16961,1320,585
16962,1320,1162
16963,1320,502
16964,1320,642
16965,1320,478
16966,1320,40
16967,1320,1147
16968,1320,277
16969,1320,1136
16970,1320,450
16971,1320,505
16972,1320,540
16973,1320,569
16974,1320,1431
16975,1320,1134
16976,1320,222
16977,1320,1361
16978,1320,544
16979,1320,1194
16980,1320,134
16981,1320,1364
16982,1320,556
16983,1320,946
16984,1320,1161
16985,1320,127
16986,1320,1342
16987,1320,860
16988,1320,125
16989,1320,162
16990,1320,348
16991,1320,758
16992,1320,665
16993,1320,1334
16994,1320,817
16995,1320,468
16996,1320,280
16997,1320,396
16998,1320,265
16999,1320,1024
17000,1320,783
17001,1320,1332
17002,1320,764
17003,1320,1120
17004,1320,598
17005,1320,588
17006,1320,709
17007,1320,767
17008,1320,5
17009,1320,549
17010,1320,1220
17011,1320,1055
17012,1320,1126
17013,1320,1077
17014,1320,546
17015,1320,82
17016,1320,1179
17017,1320,993
17018,1320,1138
17019,1320,901
17020,1320,288
17021,1320,1305
17022,1320,1133
17023,1320,700
17024,1320,696
17025,1320,1026
17026,1320,328
17027,1320,1151
17028,1320,1340
17029,1320,275
17030,1320,1117
17031,1320,806
17032,1320,737
17033,1320,985
17034,1320,262
17035,1320,534
17036,1320,893
17037,1320,639
17038,1320,810
17039,1320,336
17040,1320,547
17041,1320,595
17042,1320,1010
17043,1320,269
17044,1320,96
17045,1320,147
17046,1320,456
17047,1320,1312
17048,1320,1400
17049,1320,566
17050,1320,345
17051,1320,940
17052,1320,81
17053,1320,790
17054,1320,558
17055,1320,356
17056,1320,572
17057,1320,67
17058,1320,68
17059,1320,1062
17060,1320,927
17061,1320,841
17062,1320,1005
17063,1320,704
17064,1320,246
17065,1320,1207
17066,1320,511
17067,1320,617
17068,1320,884
17069,1320,771
17070,1320,846
17071,1320,644
17072,1320,437
17073,1320,651
17074,1320,923
17075,1320,832
17076,1320,55
17077,1320,77
17078,1320,763
17079,1320,1020
17080,1320,463
17081,1320,1071
17082,1320,392
17083,1320,486
17084,1320,198
17085,1320,908
17086,1320,376
17087,1320,100
17088,1320,965
17089,1320,731
17090,1320,353
17091,1320,742
17092,1320,724
17093,1320,101
17094,1320,721
17095,1320,1093
17096,1320,296
17097,1320,474
17098,1320,27
17099,1320,606
17100,1320,1320
17101,1320,216
17102,1320,395
17103,1320,1369
17104,1320,968
17105,1320,698
17106,1320,338
17107,1320,367
17108,1320,997
17109,1320,318
17110,1320,970
17111,1320,488
17112,1320,109
17113,1320,1237
17114,1320,600
17115,1320,1018
17116,1320,1408
17117,1320,1154
17118,1320,292
17119,1320,366
17120,1320,196
17121,1320,1331
17122,1320,483
17123,1320,1339
17124,1320,1239
17125,1320,363
17126,1320,521
17127,1320,711
17128,1320,165
17129,1320,1003
17130,1320,307
17131,1320,1423
17132,1320,359
17133,1320,1097
17134,1320,1230
17135,1320,822
17136,1320,221
17137,1320,335
17138,1320,732
17139,1320,452
17140,1320,74
17141,1320,613
17142,1320,1043
17143,1320,357
17144,1320,649
17145,1320,619
17146,1320,541
17147,1320,1032
17148,1320,260
17149,1320,1115
17150,1320,708
17151,1320,582
17152,1320,15
17153,1320,384
17154,1320,1415
17155,1320,1254
17156,1320,1246
17157,1320,87
17158,1320,287
17159,1320,415
17160,1320,398
17161,1320,879
17162,1320,245
17163,1320,1393
17164,1320,1132
17165,1320,580
17166,1320,90
17167,1320,745
17168,1320,226
17169,1320,1368
17170,1320,1412
17171,1320,1333
17172,1320,385
17173,1320,1040
17174,1320,1273
17175,1320,1143
17176,1320,1410
17177,1320,249
17178,1320,1028
17179,1320,1193
17180,1320,654
17181,1320,1217
17182,1320,856
17183,1320,1176
17184,1320,129
17185,1320,451
17186,1320,1394
17187,1320,1170
17188,1320,208
17189,1320,777
17190,1320,657
17191,1320,545
17192,1320,233
17193,1320,484
17194,1320,703
17195,1320,1142
17196,1320,1164
17197,1320,768
17198,1320,371
17199,1320,938
17200,1320,414
17201,1320,429
17202,1320,1200
17203,1320,1438
17204,1320,1019
17205,1320,464
17206,1320,1407
17207,1320,1229
17208,1320,465
17209,1320,1000
17210,1320,1223
17211,1320,1290
17212,1320,1401
17213,1320,687
17214,1320,44
17215,1320,1189
17216,1320,1092
17217,1320,496
17218,1320,462
17219,1320,354
17220,1320,1266
17221,1320,980
17222,1320,14
17223,1320,755
17224,1320,1042
17225,1320,428
17226,1320,900
17227,1320,186
17228,1320,899
17229,1320,829
17230,1320,691
17231,1320,991
17232,1320,959
17233,1320,895
17234,1320,578
17235,1320,10
17236,1320,659
17237,1320,323
17238,1320,629
17239,1320,734
17240,1320,149
17241,1320,995
17242,1320,983
17243,1320,594
17244,1320,1054
17245,1320,939
17246,1320,370
17247,1320,1150
17248,1320,1013
17249,1320,1173
17250,1320,236
17251,1320,342
17252,1320,517
17253,1320,419
17254,1320,1041
17255,1320,107
17256,1320,648
17257,1320,640
17258,1320,1050
17259,1320,239
17260,1320,1078
17261,1320,205
17262,1320,1014
17263,1320,300
17264,1320,413
17265,1320,199
17266,1320,417
17267,1320,394
17268,1320,378
17269,1320,1056
17270,1320,650
17271,1320,1159
17272,1320,188
17273,1320,668
17274,1320,117
17275,1320,476
17276,1320,1148
17277,1320,676
17278,1320,1058
17279,1320,482
17280,1320,1197
17281,1320,793
17282,1320,568
17283,1320,1125
17284,1320,828
17285,1320,1135
17286,1320,1045
17287,1320,272
17288,1320,688
17289,1320,163
17290,1320,447
17291,1320,491
17292,1320,1441
17293,1320,391
17294,1320,802
17295,1320,25
17296,1320,819
17297,1320,283
17298,1320,1177
17299,1320,402
17300,1320,1433
17301,1320,334
17302,1320,1153
17303,1320,1167
17304,1320,255
17305,1320,247
17306,1320,3
17307,1320,1314
17308,1320,962
17309,1320,844
17310,1320,312
17311,1320,344
17312,1320,695
17313,1320,294
17314,1320,1243
17315,1320,133
17316,1320,928
17317,1320,537
17318,1320,1324
17319,1320,1163
17320,1320,1370
17321,1320,364
17322,1320,1111
17323,1320,892
17324,1320,98
17325,1320,1392
17326,1320,494
17327,1320,297
17328,1320,167
17329,1320,751
17330,1320,390
17331,1320,1184
17332,1320,372
17333,1320,526
17334,1320,999
17335,1320,550
17336,1320,573
17337,1320,909
17338,1320,1025
17339,1320,1383
17340,1320,1064
17341,1320,1175
17342,1320,712
17343,1320,1311
17344,1320,379
17345,1320,1432
17346,1320,1277
17347,1320,1016
17348,1320,340
17349,1320,1446
17350,1320,1075
17351,1320,1424
17352,1320,738
17353,1320,263
17354,1320,1343
17355,1320,1328
17356,1320,891
17357,1320,1417
17358,1320,485
17359,1320,175
17360,1320,1089
17361,1320,1156
17362,1320,840
17363,1320,645
17364,1320,1426
17365,1320,60
17366,1320,373
17367,1320,678
17368,1320,875
17369,1320,821
17370,1320,126
17371,1320,914
17372,1320,907
17373,1320,355
17374,1320,780
17375,1320,1038
17376,1320,215
17377,1320,172
17378,1320,501
17379,1320,528
17380,1320,1259
17381,1320,51
17382,1320,1069
17383,1320,1030
17384,1320,264
17385,1320,1449
17386,1320,75
17387,1320,998
17388,1320,409
17389,1320,1301
17390,1320,662
17391,1320,1384
17392,1320,867
17393,1320,1414
17394,1320,581
17395,1320,1232
17396,1320,974
17397,1320,611
17398,1320,538
17399,1320,164
17400,1320,1292
17401,1320,1057
17402,1320,671
17403,1320,1444
17404,1320,507
17405,1320,519
17406,1320,1291
17407,1320,685
17408,1320,992
17409,1320,1027
17410,1320,1053
17411,1320,1031
17412,1320,960
17413,1320,990
17414,1320,660
17415,1320,803
17416,1320,231
17417,1320,1304
17418,1320,350
17419,1320,315
17420,1320,883
17421,1320,1060
17422,1320,530
17423,1320,166
17424,1320,102
17425,1320,1144
17426,1320,605
17427,1320,1313
17428,1320,1110
17429,1320,680
17430,1320,110
17431,1320,58
17432,1320,446
17433,1320,1222
17434,1320,31
17435,1320,422
17436,1320,42
17437,1320,1022
17438,1320,837
17439,1320,389
17440,1320,646
17441,1320,616
17442,1320,641
17443,1320,192
17444,1320,910
17445,1320,978
17446,1320,805
17447,1320,981
17448,1320,289
17449,1320,748
17450,1320,171
17451,1320,424
17452,1320,1351
17453,1320,918
17454,1320,733
17455,1320,933
17456,1320,1421
17457,1320,1430
17458,1320,170
17459,1320,49
17460,1320,473
17461,1320,1372
17462,1320,979
17463,1320,808
17464,1320,299
17465,1320,667
17466,1320,64
17467,1320,839
17468,1320,404
17469,1320,571
17470,1320,815
17471,1320,1413
17472,1320,33
17473,1320,1235
17474,1320,652
17475,1320,26
17476,1320,1219
17477,1320,78
17478,1320,1275
17479,1320,741
17480,1320,886
17481,1320,140
17482,1320,749
17483,1320,461
17484,1320,952
17485,1320,20
17486,1320,346
17487,1320,1362
17488,1320,614
17489,1320,1323
17490,1320,1008
17491,1320,1183
17492,956,638
17493,956,931
17494,956,331
17495,956,1213
17496,956,1007
17497,956,115
17498,956,1272
17499,956,19
17500,956,1454
17501,956,332
17502,956,1068
17503,956,548
17504,956,1270
17505,956,564
17506,956,1280
17507,956,717
17508,956,1091
17509,956,1357
17510,956,1080
17511,956,623
17512,956,45
17513,956,1283
17514,956,66
17515,956,365
17516,956,728
17517,956,18
17518,956,913
17519,956,306
17520,956,201
17521,956,1211
17522,956,358
17523,956,1428
17524,956,599
17525,956,1344
17526,956,1208
17527,956,1346
17528,956,1322
17529,956,877
17530,956,838
17531,956,1352
17532,956,34
17533,956,71
17534,956,1450
17535,956,1063
17536,956,702
17537,956,513
17538,956,445
17539,956,411
17540,956,69
17541,956,1293
17542,956,630
17543,956,922
17544,956,298
17545,956,590
17546,956,1347
17547,956,835
17548,956,1439
17549,956,1155
17550,956,522
17551,956,779
17552,956,80
17553,956,1402
17554,956,679
17555,956,95
17556,956,1210
17557,956,1398
17558,956,976
17559,956,525
17560,956,624
17561,956,1358
17562,956,794
17563,956,661
17564,956,1284
17565,956,157
17566,956,524
17567,956,864
17568,956,254
17569,956,1420
17570,956,492
17571,956,1204
17572,956,327
17573,956,1405
17574,956,1066
17575,956,885
17576,956,374
17577,956,250
17578,956,1202
17579,956,1391
17580,956,225
17581,956,1113
17582,956,656
17583,956,92
17584,956,567
17585,956,693
17586,956,1425
17587,956,1250
17588,956,79
17589,956,753
17590,956,508
17591,956,1188
17592,956,232
17593,956,602
17594,956,311
17595,956,408
17596,956,663
17597,956,70
17598,956,1286
17599,956,1195
17600,956,88
17601,956,1437
17602,956,1310
17603,956,421
17604,956,1435
17605,956,958
17606,956,597
17607,956,859
17608,956,642
17609,956,478
17610,956,40
17611,956,277
17612,956,1136
17613,956,63
17614,956,29
17615,956,450
17616,956,540
17617,956,1134
17618,956,1361
17619,956,544
17620,956,1194
17621,956,134
17622,956,1364
17623,956,127
17624,956,860
17625,956,125
17626,956,162
17627,956,348
17628,956,1334
17629,956,817
17630,956,850
17631,956,1120
17632,956,1298
17633,956,588
17634,956,709
17635,956,5
17636,956,549
17637,956,1220
17638,956,82
17639,956,1179
17640,956,993
17641,956,1138
17642,956,288
17643,956,1133
17644,956,700
17645,956,696
17646,956,1026
17647,956,1151
17648,956,1182
17649,956,275
17650,956,1117
17651,956,806
17652,956,985
17653,956,565
17654,956,893
17655,956,639
17656,956,810
17657,956,547
17658,956,554
17659,956,595
17660,956,1010
17661,956,96
17662,956,147
17663,956,456
17664,956,1400
17665,956,566
17666,956,345
17667,956,81
17668,956,1048
17669,956,67
17670,956,1062
17671,956,927
17672,956,841
17673,956,1005
17674,956,704
17675,956,511
17676,956,771
17677,956,644
17678,956,437
17679,956,923
17680,956,536
17681,956,763
17682,956,1106
17683,956,17
17684,956,1020
17685,956,1071
17686,956,486
17687,956,100
17688,956,965
17689,956,1192
17690,956,742
17691,956,724
17692,956,721
17693,956,1093
17694,956,296
17695,956,474
17696,956,1338
17697,956,1320
17698,956,216
17699,956,395
17700,956,1369
17701,956,968
17702,956,956
17703,956,698
17704,956,338
17705,956,367
17706,956,997
17707,956,970
17708,956,109
17709,956,1079
17710,956,600
17711,956,1018
17712,956,1408
17713,956,292
17714,956,196
17715,956,1331
17716,956,483
17717,956,1339
17718,956,1239
17719,956,363
17720,956,521
17721,956,165
17722,956,1003
17723,956,307
17724,956,1423
17725,956,715
17726,956,620
17727,956,1230
17728,956,822
17729,956,221
17730,956,335
17731,956,732
17732,956,452
17733,956,613
17734,956,1043
17735,956,357
17736,956,649
17737,956,619
17738,956,541
17739,956,1032
17740,956,260
17741,956,664
17742,956,582
17743,956,1415
17744,956,1246
17745,956,287
17746,956,879
17747,956,245
17748,956,1294
17749,956,745
17750,956,1368
17751,956,1412
17752,956,1333
17753,956,1273
17754,956,1410
17755,956,654
17756,956,451
17757,956,208
17758,956,233
17759,956,484
17760,956,703
17761,956,1142
17762,956,1164
17763,956,768
17764,956,371
17765,956,938
17766,956,429
17767,956,1447
17768,956,1380
17769,956,1019
17770,956,1407
17771,956,1229
17772,956,1000
17773,956,845
17774,956,1290
17775,956,687
17776,956,44
17777,956,1092
17778,956,496
17779,956,462
17780,956,980
17781,956,14
17782,956,755
17783,956,428
17784,956,900
17785,956,829
17786,956,691
17787,956,991
17788,956,578
17789,956,10
17790,956,659
17791,956,629
17792,956,734
17793,956,149
17794,956,995
17795,956,1054
17796,956,939
17797,956,213
17798,956,947
17799,956,1013
17800,956,1173
17801,956,342
17802,956,205
17803,956,413
17804,956,199
17805,956,417
17806,956,394
17807,956,378
17808,956,1056
17809,956,650
17810,956,188
17811,956,117
17812,956,405
17813,956,676
17814,956,1065
17815,956,1197
17816,956,432
17817,956,793
17818,956,568
17819,956,814
17820,956,1135
17821,956,1045
17822,956,272
17823,956,163
17824,956,447
17825,956,273
17826,956,1441
17827,956,802
17828,956,819
17829,956,283
17830,956,1433
17831,956,334
17832,956,1153
17833,956,247
17834,956,586
17835,956,1314
17836,956,695
17837,956,294
17838,956,1226
17839,956,1243
17840,956,133
17841,956,537
17842,956,1324
17843,956,1163
17844,956,364
17845,956,1111
17846,956,892
17847,956,494
17848,956,297
17849,956,751
17850,956,526
17851,956,550
17852,956,573
17853,956,909
17854,956,1025
17855,956,1064
17856,956,1175
17857,956,712
17858,956,379
17859,956,340
17860,956,1446
17861,956,1075
17862,956,738
17863,956,263
17864,956,1328
17865,956,891
17866,956,1417
17867,956,1156
17868,956,840
17869,956,645
17870,956,60
17871,956,373
17872,956,126
17873,956,1095
17874,956,914
17875,956,842
17876,956,780
17877,956,1038
17878,956,215
17879,956,479
17880,956,501
17881,956,528
17882,956,1259
17883,956,1030
17884,956,264
17885,956,1449
17886,956,1225
17887,956,409
17888,956,1301
17889,956,662
17890,956,867
17891,956,1414
17892,956,581
17893,956,276
17894,956,974
17895,956,538
17896,956,164
17897,956,1292
17898,956,1057
17899,956,671
17900,956,519
17901,956,608
17902,956,1291
17903,956,685
17904,956,992
17905,956,190
17906,956,1027
17907,956,1053
17908,956,699
17909,956,960
17910,956,990
17911,956,660
17912,956,803
17913,956,231
17914,956,1304
17915,956,350
17916,956,883
17917,956,1060
17918,956,530
17919,956,166
17920,956,102
17921,956,1144
17922,956,110
17923,956,446
17924,956,1222
17925,956,31
17926,956,422
17927,956,42
17928,956,1022
17929,956,389
17930,956,646
17931,956,616
17932,956,192
17933,956,981
17934,956,289
17935,956,748
17936,956,171
17937,956,1351
17938,956,918
17939,956,733
17940,956,933
17941,956,1421
17942,956,1430
17943,956,170
17944,956,473
17945,956,1372
17946,956,979
17947,956,299
17948,956,667
17949,956,64
17950,956,404
17951,956,571
17952,956,1413
17953,956,33
17954,956,1235
17955,956,652
17956,956,9
17957,956,1219
17958,956,658
17959,956,78
17960,956,1434
17961,956,140
17962,956,749
17963,956,112
17964,956,461
17965,956,20
17966,956,872
17967,956,614
17968,956,1183
17969,338,1074
17970,338,638
17971,338,555
17972,338,1213
17973,338,1157
17974,338,57
17975,338,919
17976,338,1068
17977,338,351
17978,338,548
17979,338,564
17980,338,717
17981,338,1091
17982,338,136
17983,338,1080
17984,338,759
17985,338,623
17986,338,728
17987,338,18
17988,338,913
17989,338,599
17990,338,1344
17991,338,1208
17992,338,1322
17993,338,219
17994,338,838
17995,338,1063
17996,338,702
17997,338,445
17998,338,1242
17999,338,210
18000,338,1293
18001,338,298
18002,338,1439
18003,338,779
18004,338,95
18005,338,1210
18006,338,525
18007,338,434
18008,338,864
18009,338,254
18010,338,982
18011,338,603
18012,338,1204
18013,338,327
18014,338,1405
18015,338,1066
18016,338,885
18017,338,374
18018,338,1257
18019,338,225
18020,338,766
18021,338,1145
18022,338,567
18023,338,1425
18024,338,508
18025,338,232
18026,338,602
18027,338,311
18028,338,663
18029,338,314
18030,338,174
18031,338,1195
18032,338,1435
18033,338,642
18034,338,478
18035,338,1136
18036,338,63
18037,338,450
18038,338,268
18039,338,193
18040,338,1361
18041,338,1194
18042,338,134
18043,338,1364
18044,338,665
18045,338,817
18046,338,265
18047,338,1120
18048,338,588
18049,338,709
18050,338,46
18051,338,5
18052,338,308
18053,338,82
18054,338,1179
18055,338,1138
18056,338,696
18057,338,520
18058,338,1151
18059,338,565
18060,338,262
18061,338,639
18062,338,810
18063,338,96
18064,338,147
18065,338,456
18066,338,345
18067,338,81
18068,338,790
18069,338,68
18070,338,1107
18071,338,841
18072,338,511
18073,338,884
18074,338,771
18075,338,437
18076,338,923
18077,338,1071
18078,338,392
18079,338,1345
18080,338,376
18081,338,1192
18082,338,724
18083,338,1093
18084,338,1320
18085,338,971
18086,338,698
18087,338,338
18088,338,367
18089,338,997
18090,338,600
18091,338,1408
18092,338,196
18093,338,1331
18094,338,774
18095,338,1003
18096,338,1230
18097,338,822
18098,338,452
18099,338,649
18100,338,619
18101,338,541
18102,338,1032
18103,338,260
18104,338,708
18105,338,582
18106,338,1254
18107,338,287
18108,338,1294
18109,338,1393
18110,338,1333
18111,338,145
18112,338,1040
18113,338,654
18114,338,8
18115,338,86
18116,338,233
18117,338,484
18118,338,371
18119,338,938
18120,338,1380
18121,338,1438
18122,338,1092
18123,338,462
18124,338,186
18125,338,323
18126,338,149
18127,338,995
18128,338,939
18129,338,1013
18130,338,1173
18131,338,640
18132,338,1078
18133,338,413
18134,338,378
18135,338,1056
18136,338,117
18137,338,921
18138,338,676
18139,338,1058
18140,338,814
18141,338,1045
18142,338,447
18143,338,802
18144,338,819
18145,338,1433
18146,338,334
18147,338,1153
18148,338,247
18149,338,586
18150,338,962
18151,338,844
18152,338,695
18153,338,1370
18154,338,364
18155,338,573
18156,338,1075
18157,338,1424
18158,338,263
18159,338,1343
18160,338,1417
18161,338,373
18162,338,821
18163,338,126
18164,338,914
18165,338,842
18166,338,907
18167,338,355
18168,338,780
18169,338,1038
18170,338,528
18171,338,1259
18172,338,1030
18173,338,1225
18174,338,662
18175,338,867
18176,338,1414
18177,338,581
18178,338,1292
18179,338,1057
18180,338,1291
18181,338,685
18182,338,190
18183,338,960
18184,338,660
18185,338,1304
18186,338,1060
18187,338,680
18188,338,110
18189,338,1222
18190,338,422
18191,338,42
18192,338,1022
18193,338,562
18194,338,1268
18195,338,981
18196,338,1351
18197,338,1430
18198,338,473
18199,338,1372
18200,338,667
18201,338,1235
18202,338,652
18203,338,1219
18204,338,140
18205,338,1362
18206,338,1183
18207,183,1074
18208,183,638
18209,183,555
18210,183,931
18211,183,331
18212,183,449
18213,183,1213
18214,183,360
18215,183,1007
18216,183,1272
18217,183,325
18218,183,57
18219,183,684
18220,183,361
18221,183,1454
18222,183,919
18223,183,332
18224,183,1068
18225,183,351
18226,183,548
18227,183,897
18228,183,1280
18229,183,1255
18230,183,717
18231,183,22
18232,183,1091
18233,183,1357
18234,183,1080
18235,183,759
18236,183,623
18237,183,45
18238,183,1283
18239,183,754
18240,183,66
18241,183,365
18242,183,728
18243,183,18
18244,183,306
18245,183,201
18246,183,1211
18247,183,448
18248,183,358
18249,183,599
18250,183,1344
18251,183,435
18252,183,1208
18253,183,1322
18254,183,219
18255,183,838
18256,183,1352
18257,183,71
18258,183,551
18259,183,833
18260,183,1450
18261,183,1063
18262,183,702
18263,183,513
18264,183,445
18265,183,1242
18266,183,210
18267,183,411
18268,183,69
18269,183,1293
18270,183,229
18271,183,922
18272,183,298
18273,183,590
18274,183,1347
18275,183,1439
18276,183,410
18277,183,716
18278,183,80
18279,183,1363
18280,183,1402
18281,183,197
18282,183,95
18283,183,1210
18284,183,1337
18285,183,976
18286,183,525
18287,183,809
18288,183,434
18289,183,1358
18290,183,157
18291,183,212
18292,183,1404
18293,183,982
18294,183,1306
18295,183,603
18296,183,1204
18297,183,1336
18298,183,327
18299,183,62
18300,183,433
18301,183,253
18302,183,1455
18303,183,1066
18304,183,885
18305,183,626
18306,183,374
18307,183,625
18308,183,669
18309,183,1094
18310,183,250
18311,183,1391
18312,183,1113
18313,183,766
18314,183,656
18315,183,92
18316,183,847
18317,183,1033
18318,183,1425
18319,183,643
18320,183,79
18321,183,1265
18322,183,1188
18323,183,6
18324,183,232
18325,183,602
18326,183,311
18327,183,663
18328,183,1195
18329,183,88
18330,183,1437
18331,183,1310
18332,183,421
18333,183,958
18334,183,597
18335,183,859
18336,183,585
18337,183,575
18338,183,512
18339,183,642
18340,183,478
18341,183,203
18342,183,40
18343,183,277
18344,183,320
18345,183,450
18346,183,540
18347,183,268
18348,183,1431
18349,183,1134
18350,183,1361
18351,183,1194
18352,183,134
18353,183,1364
18354,183,1342
18355,183,125
18356,183,162
18357,183,348
18358,183,665
18359,183,1334
18360,183,468
18361,183,280
18362,183,396
18363,183,265
18364,183,1024
18365,183,791
18366,183,588
18367,183,709
18368,183,1128
18369,183,304
18370,183,1126
18371,183,82
18372,183,1179
18373,183,993
18374,183,1178
18375,183,1138
18376,183,1133
18377,183,1026
18378,183,328
18379,183,1151
18380,183,1340
18381,183,275
18382,183,1117
18383,183,806
18384,183,985
18385,183,565
18386,183,262
18387,183,788
18388,183,1349
18389,183,810
18390,183,595
18391,183,96
18392,183,147
18393,183,456
18394,183,345
18395,183,81
18396,183,790
18397,183,905
18398,183,558
18399,183,218
18400,183,67
18401,183,1062
18402,183,927
18403,183,841
18404,183,1005
18405,183,617
18406,183,1108
18407,183,884
18408,183,771
18409,183,644
18410,183,437
18411,183,651
18412,183,923
18413,183,672
18414,183,55
18415,183,28
18416,183,77
18417,183,151
18418,183,536
18419,183,1106
18420,183,1071
18421,183,392
18422,183,908
18423,183,1345
18424,183,376
18425,183,388
18426,183,100
18427,183,965
18428,183,1192
18429,183,724
18430,183,878
18431,183,1093
18432,183,296
18433,183,474
18434,183,606
18435,183,1320
18436,183,216
18437,183,587
18438,183,395
18439,183,1369
18440,183,968
18441,183,956
18442,183,698
18443,183,338
18444,183,367
18445,183,997
18446,183,318
18447,183,970
18448,183,109
18449,183,1018
18450,183,292
18451,183,1061
18452,183,366
18453,183,196
18454,183,1331
18455,183,483
18456,183,1339
18457,183,363
18458,183,711
18459,183,1365
18460,183,307
18461,183,620
18462,183,723
18463,183,1230
18464,183,822
18465,183,221
18466,183,732
18467,183,452
18468,183,74
18469,183,613
18470,183,1043
18471,183,649
18472,183,1032
18473,183,1360
18474,183,260
18475,183,664
18476,183,1442
18477,183,1415
18478,183,1254
18479,183,1246
18480,183,287
18481,183,879
18482,183,1294
18483,183,745
18484,183,226
18485,183,1368
18486,183,1412
18487,183,1333
18488,183,385
18489,183,24
18490,183,1040
18491,183,1273
18492,183,1410
18493,183,654
18494,183,1217
18495,183,451
18496,183,208
18497,183,8
18498,183,86
18499,183,777
18500,183,657
18501,183,233
18502,183,484
18503,183,703
18504,183,1164
18505,183,768
18506,183,371
18507,183,938
18508,183,414
18509,183,429
18510,183,1229
18511,183,845
18512,183,1118
18513,183,1290
18514,183,687
18515,183,44
18516,183,1092
18517,183,496
18518,183,980
18519,183,14
18520,183,755
18521,183,428
18522,183,900
18523,183,899
18524,183,691
18525,183,578
18526,183,659
18527,183,323
18528,183,629
18529,183,734
18530,183,149
18531,183,983
18532,183,939
18533,183,370
18534,183,1013
18535,183,1173
18536,183,342
18537,183,419
18538,183,1041
18539,183,1078
18540,183,205
18541,183,300
18542,183,413
18543,183,199
18544,183,417
18545,183,378
18546,183,1056
18547,183,117
18548,183,476
18549,183,1148
18550,183,676
18551,183,1197
18552,183,432
18553,183,793
18554,183,195
18555,183,568
18556,183,1135
18557,183,272
18558,183,688
18559,183,447
18560,183,273
18561,183,819
18562,183,283
18563,183,1433
18564,183,334
18565,183,1153
18566,183,247
18567,183,3
18568,183,962
18569,183,294
18570,183,1226
18571,183,1243
18572,183,928
18573,183,955
18574,183,1324
18575,183,1370
18576,183,364
18577,183,1111
18578,183,1392
18579,183,494
18580,183,297
18581,183,167
18582,183,751
18583,183,573
18584,183,909
18585,183,1025
18586,183,1175
18587,183,1311
18588,183,379
18589,183,1432
18590,183,1016
18591,183,738
18592,183,263
18593,183,1328
18594,183,1417
18595,183,1156
18596,183,840
18597,183,645
18598,183,60
18599,183,373
18600,183,821
18601,183,1379
18602,183,1141
18603,183,842
18604,183,355
18605,183,780
18606,183,1038
18607,183,215
18608,183,479
18609,183,172
18610,183,501
18611,183,1259
18612,183,1030
18613,183,264
18614,183,1449
18615,183,1225
18616,183,409
18617,183,1301
18618,183,662
18619,183,867
18620,183,1414
18621,183,531
18622,183,974
18623,183,538
18624,183,164
18625,183,1303
18626,183,1292
18627,183,1057
18628,183,155
18629,183,1253
18630,183,608
18631,183,1291
18632,183,685
18633,183,1027
18634,183,1031
18635,183,990
18636,183,660
18637,183,803
18638,183,1304
18639,183,350
18640,183,315
18641,183,1060
18642,183,690
18643,183,530
18644,183,762
18645,183,166
18646,183,102
18647,183,605
18648,183,1110
18649,183,634
18650,183,680
18651,183,110
18652,183,446
18653,183,1222
18654,183,31
18655,183,42
18656,183,1022
18657,183,646
18658,183,1268
18659,183,748
18660,183,1351
18661,183,918
18662,183,733
18663,183,933
18664,183,1421
18665,183,1430
18666,183,170
18667,183,473
18668,183,979
18669,183,667
18670,183,64
18671,183,839
18672,183,404
18673,183,33
18674,183,1235
18675,183,652
18676,183,9
18677,183,1219
18678,183,78
18679,183,1275
18680,183,1325
18681,183,749
18682,183,461
18683,183,436
18684,183,20
18685,183,346
18686,183,614
18687,183,1183
18688,367,1074
18689,367,1213
18690,367,1157
18691,367,57
18692,367,717
18693,367,1080
18694,367,759
18695,367,623
18696,367,66
18697,367,728
18698,367,201
18699,367,219
18700,367,153
18701,367,702
18702,367,445
18703,367,1439
18704,367,779
18705,367,716
18706,367,809
18707,367,157
18708,367,254
18709,367,327
18710,367,1066
18711,367,626
18712,367,374
18713,367,1145
18714,367,232
18715,367,663
18716,367,963
18717,367,88
18718,367,1435
18719,367,958
18720,367,540
18721,367,268
18722,367,193
18723,367,1361
18724,367,134
18725,367,665
18726,367,709
18727,367,82
18728,367,993
18729,367,1138
18730,367,696
18731,367,1146
18732,367,1151
18733,367,1010
18734,367,147
18735,367,456
18736,367,81
18737,367,790
18738,367,1107
18739,367,927
18740,367,1005
18741,367,704
18742,367,511
18743,367,884
18744,367,771
18745,367,644
18746,367,536
18747,367,1106
18748,367,1071
18749,367,376
18750,367,724
18751,367,1093
18752,367,296
18753,367,1320
18754,367,338
18755,367,367
18756,367,1408
18757,367,196
18758,367,1331
18759,367,1239
18760,367,774
18761,367,165
18762,367,1230
18763,367,732
18764,367,649
18765,367,582
18766,367,1254
18767,367,287
18768,367,1294
18769,367,745
18770,367,1333
18771,367,1040
18772,367,654
18773,367,208
18774,367,484
18775,367,1380
18776,367,991
18777,367,659
18778,367,1173
18779,367,1078
18780,367,205
18781,367,413
18782,367,417
18783,367,432
18784,367,819
18785,367,962
18786,367,573
18787,367,909
18788,367,1075
18789,367,738
18790,367,263
18791,367,891
18792,367,1417
18793,367,1156
18794,367,821
18795,367,126
18796,367,914
18797,367,215
18798,367,1259
18799,367,1384
18800,367,1414
18801,367,1057
18802,367,1444
18803,367,1291
18804,367,685
18805,367,190
18806,367,960
18807,367,660
18808,367,231
18809,367,166
18810,367,102
18811,367,1110
18812,367,1222
18813,367,42
18814,367,1268
18815,367,1351
18816,367,1430
18817,367,473
18818,367,667
18819,367,404
18820,367,652
18821,367,78
18822,367,886
18823,367,140
18824,367,1183
18825,600,1074
18826,600,638
18827,600,555
18828,600,331
18829,600,726
18830,600,1213
18831,600,360
18832,600,347
18833,600,1007
18834,600,115
18835,600,1272
18836,600,1157
18837,600,1454
18838,600,919
18839,600,332
18840,600,1181
18841,600,362
18842,600,564
18843,600,1280
18844,600,717
18845,600,1091
18846,600,925
18847,600,136
18848,600,589
18849,600,1330
18850,600,45
18851,600,977
18852,600,66
18853,600,279
18854,600,365
18855,600,728
18856,600,18
18857,600,913
18858,600,306
18859,600,720
18860,600,201
18861,600,448
18862,600,1387
18863,600,599
18864,600,1344
18865,600,1208
18866,600,1130
18867,600,1322
18868,600,219
18869,600,73
18870,600,877
18871,600,838
18872,600,489
18873,600,1352
18874,600,34
18875,600,1002
18876,600,551
18877,600,833
18878,600,1450
18879,600,1063
18880,600,702
18881,600,1023
18882,600,316
18883,600,445
18884,600,1376
18885,600,1293
18886,600,229
18887,600,267
18888,600,298
18889,600,590
18890,600,1439
18891,600,627
18892,600,80
18893,600,1363
18894,600,1402
18895,600,197
18896,600,95
18897,600,1210
18898,600,1398
18899,600,976
18900,600,525
18901,600,624
18902,600,241
18903,600,579
18904,600,809
18905,600,434
18906,600,794
18907,600,661
18908,600,1284
18909,600,157
18910,600,254
18911,600,725
18912,600,1420
18913,600,1306
18914,600,603
18915,600,492
18916,600,1204
18917,600,327
18918,600,1405
18919,600,1455
18920,600,1066
18921,600,885
18922,600,374
18923,600,250
18924,600,1257
18925,600,1391
18926,600,1113
18927,600,656
18928,600,92
18929,600,553
18930,600,567
18931,600,693
18932,600,903
18933,600,1297
18934,600,232
18935,600,311
18936,600,408
18937,600,663
18938,600,70
18939,600,314
18940,600,1195
18941,600,88
18942,600,1437
18943,600,421
18944,600,1435
18945,600,958
18946,600,859
18947,600,502
18948,600,40
18949,600,277
18950,600,63
18951,600,450
18952,600,1134
18953,600,1361
18954,600,1194
18955,600,134
18956,600,1364
18957,600,535
18958,600,860
18959,600,125
18960,600,348
18961,600,665
18962,600,1334
18963,600,850
18964,600,1160
18965,600,227
18966,600,1120
18967,600,598
18968,600,588
18969,600,709
18970,600,5
18971,600,549
18972,600,1220
18973,600,308
18974,600,304
18975,600,1179
18976,600,993
18977,600,1138
18978,600,288
18979,600,1133
18980,600,700
18981,600,696
18982,600,1026
18983,600,1151
18984,600,275
18985,600,737
18986,600,565
18987,600,1121
18988,600,639
18989,600,317
18990,600,595
18991,600,1010
18992,600,147
18993,600,456
18994,600,1400
18995,600,81
18996,600,790
18997,600,113
18998,600,558
18999,600,356
19000,600,67
19001,600,68
19002,600,1062
19003,600,927
19004,600,841
19005,600,1005
19006,600,704
19007,600,1207
19008,600,884
19009,600,846
19010,600,644
19011,600,437
19012,600,923
19013,600,257
19014,600,536
19015,600,1106
19016,600,17
19017,600,848
19018,600,1071
19019,600,392
19020,600,1192
19021,600,724
19022,600,721
19023,600,1093
19024,600,296
19025,600,1320
19026,600,216
19027,600,698
19028,600,338
19029,600,183
19030,600,367
19031,600,997
19032,600,970
19033,600,109
19034,600,600
19035,600,1018
19036,600,1408
19037,600,1154
19038,600,292
19039,600,1061
19040,600,366
19041,600,196
19042,600,1331
19043,600,483
19044,600,1239
19045,600,1003
19046,600,307
19047,600,1230
19048,600,822
19049,600,335
19050,600,732
19051,600,452
19052,600,613
19053,600,1043
19054,600,1103
19055,600,357
19056,600,649
19057,600,1032
19058,600,260
19059,600,1115
19060,600,664
19061,600,384
19062,600,1254
19063,600,879
19064,600,245
19065,600,1215
19066,600,745
19067,600,1368
19068,600,1333
19069,600,1273
19070,600,1143
19071,600,1410
19072,600,1028
19073,600,654
19074,600,1
19075,600,233
19076,600,703
19077,600,1142
19078,600,1164
19079,600,768
19080,600,938
19081,600,429
19082,600,1407
19083,600,1000
19084,600,845
19085,600,1290
19086,600,1401
19087,600,44
19088,600,1092
19089,600,496
19090,600,462
19091,600,755
19092,600,428
19093,600,900
19094,600,186
19095,600,991
19096,600,629
19097,600,734
19098,600,149
19099,600,983
19100,600,594
19101,600,213
19102,600,947
19103,600,1173
19104,600,342
19105,600,1078
19106,600,205
19107,600,1014
19108,600,413
19109,600,199
19110,600,417
19111,600,378
19112,600,1056
19113,600,117
19114,600,499
19115,600,1148
19116,600,676
19117,600,1065
19118,600,1197
19119,600,432
19120,600,793
19121,600,195
19122,600,814
19123,600,1135
19124,600,1045
19125,600,272
19126,600,163
19127,600,447
19128,600,1441
19129,600,802
19130,600,819
19131,600,334
19132,600,247
19133,600,3
19134,600,586
19135,600,962
19136,600,312
19137,600,294
19138,600,1226
19139,600,133
19140,600,955
19141,600,1163
19142,600,364
19143,600,1111
19144,600,892
19145,600,297
19146,600,751
19147,600,573
19148,600,909
19149,600,1025
19150,600,1383
19151,600,1064
19152,600,1311
19153,600,379
19154,600,1432
19155,600,56
19156,600,1075
19157,600,738
19158,600,263
19159,600,1343
19160,600,1328
19161,600,1417
19162,600,1156
19163,600,1426
19164,600,60
19165,600,373
19166,600,412
19167,600,821
19168,600,126
19169,600,1141
19170,600,842
19171,600,907
19172,600,355
19173,600,780
19174,600,1038
19175,600,215
19176,600,172
19177,600,501
19178,600,528
19179,600,1259
19180,600,51
19181,600,1030
19182,600,264
19183,600,1449
19184,600,1301
19185,600,662
19186,600,1384
19187,600,867
19188,600,974
19189,600,611
19190,600,538
19191,600,164
19192,600,1292
19193,600,1057
19194,600,671
19195,600,477
19196,600,1206
19197,600,1253
19198,600,1291
19199,600,992
19200,600,190
19201,600,242
19202,600,1027
19203,600,1031
19204,600,699
19205,600,990
19206,600,660
19207,600,803
19208,600,231
19209,600,1304
19210,600,883
19211,600,1060
19212,600,166
19213,600,102
19214,600,605
19215,600,1110
19216,600,680
19217,600,110
19218,600,58
19219,600,446
19220,600,1222
19221,600,31
19222,600,422
19223,600,1022
19224,600,646
19225,600,616
19226,600,192
19227,600,981
19228,600,289
19229,600,1351
19230,600,918
19231,600,733
19232,600,1261
19233,600,933
19234,600,1421
19235,600,1430
19236,600,170
19237,600,473
19238,600,1372
19239,600,979
19240,600,299
19241,600,667
19242,600,64
19243,600,404
19244,600,815
19245,600,1413
19246,600,1235
19247,600,652
19248,600,9
19249,600,1219
19250,600,658
19251,600,78
19252,600,1275
19253,600,776
19254,600,140
19255,600,749
19256,600,112
19257,600,461
19258,600,20
19259,600,346
19260,600,621
19261,600,1362
19262,600,1183
19263,483,638
19264,483,331
19265,483,726
19266,483,1213
19267,483,360
19268,483,347
19269,483,115
19270,483,1272
19271,483,325
19272,483,1157
19273,483,1454
19274,483,919
19275,483,351
19276,483,564
19277,483,1280
19278,483,717
19279,483,1091
19280,483,925
19281,483,136
19282,483,1080
19283,483,759
19284,483,623
19285,483,754
19286,483,279
19287,483,365
19288,483,728
19289,483,18
19290,483,306
19291,483,201
19292,483,599
19293,483,1344
19294,483,1208
19295,483,1322
19296,483,219
19297,483,73
19298,483,838
19299,483,1352
19300,483,1002
19301,483,551
19302,483,1450
19303,483,1063
19304,483,702
19305,483,888
19306,483,445
19307,483,1242
19308,483,210
19309,483,411
19310,483,1293
19311,483,590
19312,483,835
19313,483,410
19314,483,1155
19315,483,716
19316,483,80
19317,483,1402
19318,483,197
19319,483,95
19320,483,1210
19321,483,1337
19322,483,917
19323,483,976
19324,483,525
19325,483,624
19326,483,579
19327,483,434
19328,483,1358
19329,483,157
19330,483,212
19331,483,934
19332,483,725
19333,483,982
19334,483,1420
19335,483,1306
19336,483,492
19337,483,1204
19338,483,327
19339,483,1405
19340,483,253
19341,483,1066
19342,483,626
19343,483,248
19344,483,374
19345,483,625
19346,483,250
19347,483,1202
19348,483,1257
19349,483,1391
19350,483,84
19351,483,656
19352,483,92
19353,483,1037
19354,483,693
19355,483,847
19356,483,1033
19357,483,79
19358,483,903
19359,483,1265
19360,483,753
19361,483,508
19362,483,1188
19363,483,1297
19364,483,232
19365,483,602
19366,483,311
19367,483,408
19368,483,663
19369,483,70
19370,483,174
19371,483,88
19372,483,1437
19373,483,421
19374,483,958
19375,483,859
19376,483,585
19377,483,1162
19378,483,502
19379,483,642
19380,483,40
19381,483,120
19382,483,277
19383,483,1136
19384,483,320
19385,483,1431
19386,483,1134
19387,483,1361
19388,483,544
19389,483,1194
19390,483,1364
19391,483,1318
19392,483,539
19393,483,441
19394,483,127
19395,483,1342
19396,483,125
19397,483,348
19398,483,850
19399,483,468
19400,483,280
19401,483,1024
19402,483,783
19403,483,1120
19404,483,1298
19405,483,598
19406,483,588
19407,483,709
19408,483,1128
19409,483,549
19410,483,1220
19411,483,932
19412,483,1179
19413,483,993
19414,483,1138
19415,483,700
19416,483,328
19417,483,1151
19418,483,275
19419,483,565
19420,483,865
19421,483,1121
19422,483,1046
19423,483,788
19424,483,810
19425,483,547
19426,483,317
19427,483,595
19428,483,96
19429,483,147
19430,483,456
19431,483,1400
19432,483,566
19433,483,345
19434,483,81
19435,483,1187
19436,483,1048
19437,483,356
19438,483,218
19439,483,67
19440,483,68
19441,483,841
19442,483,1005
19443,483,704
19444,483,884
19445,483,437
19446,483,923
19447,483,672
19448,483,151
19449,483,536
19450,483,763
19451,483,1106
19452,483,848
19453,483,1071
19454,483,392
19455,483,198
19456,483,722
19457,483,376
19458,483,388
19459,483,100
19460,483,965
19461,483,1192
19462,483,353
19463,483,724
19464,483,296
19465,483,1320
19466,483,1369
19467,483,968
19468,483,956
19469,483,698
19470,483,338
19471,483,367
19472,483,109
19473,483,1079
19474,483,1408
19475,483,292
19476,483,366
19477,483,196
19478,483,1331
19479,483,1339
19480,483,1239
19481,483,363
19482,483,774
19483,483,711
19484,483,165
19485,483,1003
19486,483,307
19487,483,715
19488,483,1230
19489,483,822
19490,483,852
19491,483,732
19492,483,452
19493,483,613
19494,483,1043
19495,483,649
19496,483,619
19497,483,1032
19498,483,1296
19499,483,260
19500,483,582
19501,483,1254
19502,483,879
19503,483,245
19504,483,1368
19505,483,1412
19506,483,1333
19507,483,385
19508,483,1273
19509,483,1143
19510,483,1410
19511,483,654
19512,483,208
19513,483,8
19514,483,86
19515,483,777
19516,483,545
19517,483,233
19518,483,703
19519,483,1142
19520,483,1164
19521,483,768
19522,483,938
19523,483,1438
19524,483,1407
19525,483,1229
19526,483,1223
19527,483,845
19528,483,1290
19529,483,1401
19530,483,1092
19531,483,496
19532,483,462
19533,483,980
19534,483,755
19535,483,428
19536,483,900
19537,483,899
19538,483,991
19539,483,629
19540,483,734
19541,483,149
19542,483,983
19543,483,594
19544,483,1013
19545,483,1173
19546,483,342
19547,483,1171
19548,483,205
19549,483,300
19550,483,413
19551,483,199
19552,483,417
19553,483,378
19554,483,1056
19555,483,188
19556,483,117
19557,483,499
19558,483,405
19559,483,1309
19560,483,38
19561,483,1065
19562,483,1197
19563,483,568
19564,483,814
19565,483,1045
19566,483,272
19567,483,688
19568,483,163
19569,483,447
19570,483,802
19571,483,819
19572,483,1433
19573,483,334
19574,483,247
19575,483,586
19576,483,962
19577,483,695
19578,483,294
19579,483,1226
19580,483,1243
19581,483,537
19582,483,1163
19583,483,364
19584,483,1111
19585,483,494
19586,483,751
19587,483,987
19588,483,573
19589,483,909
19590,483,1383
19591,483,1064
19592,483,1277
19593,483,1446
19594,483,1424
19595,483,738
19596,483,263
19597,483,1343
19598,483,1328
19599,483,891
19600,483,1417
19601,483,1156
19602,483,840
19603,483,645
19604,483,60
19605,483,373
19606,483,875
19607,483,821
19608,483,842
19609,483,907
19610,483,303
19611,483,780
19612,483,479
19613,483,172
19614,483,501
19615,483,528
19616,483,407
19617,483,1259
19618,483,51
19619,483,409
19620,483,1301
19621,483,662
19622,483,867
19623,483,1403
19624,483,581
19625,483,538
19626,483,164
19627,483,1292
19628,483,1057
19629,483,671
19630,483,801
19631,483,1444
19632,483,1253
19633,483,685
19634,483,190
19635,483,1031
19636,483,699
19637,483,990
19638,483,660
19639,483,803
19640,483,231
19641,483,1304
19642,483,1060
19643,483,1389
19644,483,530
19645,483,102
19646,483,605
19647,483,823
19648,483,634
19649,483,110
19650,483,446
19651,483,1222
19652,483,31
19653,483,422
19654,483,1022
19655,483,646
19656,483,616
19657,483,641
19658,483,981
19659,483,289
19660,483,748
19661,483,1351
19662,483,918
19663,483,733
19664,483,1421
19665,483,1430
19666,483,170
19667,483,473
19668,483,1372
19669,483,979
19670,483,808
19671,483,667
19672,483,64
19673,483,404
19674,483,815
19675,483,33
19676,483,1235
19677,483,652
19678,483,9
19679,483,1219
19680,483,782
19681,483,54
19682,483,78
19683,483,1434
19684,483,886
19685,483,1325
19686,483,140
19687,483,749
19688,483,112
19689,483,461
19690,483,902
19691,483,436
19692,483,20
19693,483,346
19694,483,621
19695,483,614
19696,483,1183
19697,1339,638
19698,1339,331
19699,1339,726
19700,1339,1213
19701,1339,360
19702,1339,1007
19703,1339,684
19704,1339,361
19705,1339,1454
19706,1339,919
19707,1339,332
19708,1339,1181
19709,1339,564
19710,1339,717
19711,1339,1091
19712,1339,759
19713,1339,623
19714,1339,66
19715,1339,365
19716,1339,728
19717,1339,18
19718,1339,306
19719,1339,201
19720,1339,1428
19721,1339,599
19722,1339,1344
19723,1339,1130
19724,1339,1322
19725,1339,219
19726,1339,838
19727,1339,153
19728,1339,1002
19729,1339,1359
19730,1339,833
19731,1339,1063
19732,1339,702
19733,1339,445
19734,1339,1293
19735,1339,128
19736,1339,298
19737,1339,590
19738,1339,835
19739,1339,410
19740,1339,1155
19741,1339,779
19742,1339,716
19743,1339,383
19744,1339,95
19745,1339,1210
19746,1339,1337
19747,1339,525
19748,1339,624
19749,1339,144
19750,1339,579
19751,1339,809
19752,1339,1358
19753,1339,1404
19754,1339,254
19755,1339,982
19756,1339,1306
19757,1339,492
19758,1339,1204
19759,1339,1198
19760,1339,327
19761,1339,1066
19762,1339,248
19763,1339,374
19764,1339,206
19765,1339,1202
19766,1339,92
19767,1339,567
19768,1339,693
19769,1339,79
19770,1339,903
19771,1339,753
19772,1339,508
19773,1339,1188
19774,1339,6
19775,1339,663
19776,1339,527
19777,1339,70
19778,1339,314
19779,1339,174
19780,1339,1195
19781,1339,1437
19782,1339,421
19783,1339,958
19784,1339,859
19785,1339,642
19786,1339,40
19787,1339,277
19788,1339,1136
19789,1339,63
19790,1339,450
19791,1339,222
19792,1339,1361
19793,1339,1194
19794,1339,539
19795,1339,556
19796,1339,441
19797,1339,1342
19798,1339,758
19799,1339,665
19800,1339,1334
19801,1339,468
19802,1339,588
19803,1339,709
19804,1339,549
19805,1339,308
19806,1339,304
19807,1339,1126
19808,1339,1179
19809,1339,1178
19810,1339,116
19811,1339,700
19812,1339,1146
19813,1339,1026
19814,1339,1151
19815,1339,806
19816,1339,639
19817,1339,810
19818,1339,595
19819,1339,96
19820,1339,147
19821,1339,456
19822,1339,566
19823,1339,345
19824,1339,81
19825,1339,68
19826,1339,1062
19827,1339,841
19828,1339,1005
19829,1339,1108
19830,1339,644
19831,1339,437
19832,1339,923
19833,1339,1106
19834,1339,463
19835,1339,1071
19836,1339,486
19837,1339,908
19838,1339,1345
19839,1339,376
19840,1339,100
19841,1339,1192
19842,1339,353
19843,1339,724
19844,1339,1093
19845,1339,606
19846,1339,1320
19847,1339,216
19848,1339,1227
19849,1339,1369
19850,1339,698
19851,1339,338
19852,1339,367
19853,1339,997
19854,1339,970
19855,1339,1018
19856,1339,1408
19857,1339,292
19858,1339,1061
19859,1339,196
19860,1339,1331
19861,1339,1339
19862,1339,1003
19863,1339,307
19864,1339,715
19865,1339,1230
19866,1339,822
19867,1339,852
19868,1339,1017
19869,1339,613
19870,1339,649
19871,1339,619
19872,1339,1032
19873,1339,1296
19874,1339,260
19875,1339,582
19876,1339,15
19877,1339,1246
19878,1339,879
19879,1339,1294
19880,1339,1393
19881,1339,1412
19882,1339,1333
19883,1339,385
19884,1339,24
19885,1339,1273
19886,1339,1143
19887,1339,1410
19888,1339,1193
19889,1339,1149
19890,1339,1176
19891,1339,451
19892,1339,208
19893,1339,777
19894,1339,657
19895,1339,233
19896,1339,484
19897,1339,703
19898,1339,768
19899,1339,371
19900,1339,938
19901,1339,414
19902,1339,429
19903,1339,1200
19904,1339,1380
19905,1339,1438
19906,1339,1407
19907,1339,1229
19908,1339,845
19909,1339,1290
19910,1339,44
19911,1339,496
19912,1339,462
19913,1339,428
19914,1339,900
19915,1339,186
19916,1339,829
19917,1339,691
19918,1339,659
19919,1339,629
19920,1339,734
19921,1339,149
19922,1339,939
19923,1339,947
19924,1339,1173
19925,1339,342
19926,1339,1078
19927,1339,205
19928,1339,300
19929,1339,413
19930,1339,199
19931,1339,417
19932,1339,378
19933,1339,1056
19934,1339,188
19935,1339,117
19936,1339,405
19937,1339,1148
19938,1339,676
19939,1339,568
19940,1339,814
19941,1339,1135
19942,1339,1045
19943,1339,272
19944,1339,163
19945,1339,273
19946,1339,1441
19947,1339,391
19948,1339,802
19949,1339,819
19950,1339,283
19951,1339,247
19952,1339,586
19953,1339,962
19954,1339,844
19955,1339,695
19956,1339,294
19957,1339,1226
19958,1339,1324
19959,1339,364
19960,1339,1111
19961,1339,494
19962,1339,751
19963,1339,526
19964,1339,999
19965,1339,573
19966,1339,909
19967,1339,1025
19968,1339,1064
19969,1339,862
19970,1339,1311
19971,1339,1432
19972,1339,1016
19973,1339,1075
19974,1339,263
19975,1339,1343
19976,1339,1417
19977,1339,175
19978,1339,1156
19979,1339,840
19980,1339,1426
19981,1339,60
19982,1339,373
19983,1339,412
19984,1339,126
19985,1339,842
19986,1339,907
19987,1339,355
19988,1339,780
19989,1339,215
19990,1339,501
19991,1339,1259
19992,1339,264
19993,1339,1449
19994,1339,409
19995,1339,1301
19996,1339,662
19997,1339,867
19998,1339,1414
19999,1339,974
20000,1339,611
20001,1339,538
20002,1339,164
20003,1339,1057
20004,1339,477
20005,1339,1206
20006,1339,685
20007,1339,660
20008,1339,705
20009,1339,1304
20010,1339,883
20011,1339,1060
20012,1339,530
20013,1339,166
20014,1339,102
20015,1339,605
20016,1339,634
20017,1339,110
20018,1339,446
20019,1339,1222
20020,1339,422
20021,1339,389
20022,1339,646
20023,1339,1268
20024,1339,981
20025,1339,289
20026,1339,748
20027,1339,171
20028,1339,1351
20029,1339,918
20030,1339,733
20031,1339,1172
20032,1339,1421
20033,1339,1430
20034,1339,170
20035,1339,1372
20036,1339,979
20037,1339,64
20038,1339,404
20039,1339,815
20040,1339,1235
20041,1339,652
20042,1339,9
20043,1339,1219
20044,1339,54
20045,1339,658
20046,1339,1434
20047,1339,886
20048,1339,1325
20049,1339,776
20050,1339,749
20051,1339,461
20052,1339,436
20053,1339,20
20054,1339,1183
20055,711,1074
20056,711,638
20057,711,931
20058,711,331
20059,711,726
20060,711,1213
20061,711,360
20062,711,361
20063,711,19
20064,711,1454
20065,711,919
20066,711,332
20067,711,1068
20068,711,1181
20069,711,548
20070,711,564
20071,711,897
20072,711,1255
20073,711,717
20074,711,22
20075,711,1091
20076,711,1080
20077,711,623
20078,711,1443
20079,711,66
20080,711,279
20081,711,365
20082,711,18
20083,711,118
20084,711,913
20085,711,306
20086,711,201
20087,711,1373
20088,711,161
20089,711,1428
20090,711,599
20091,711,1344
20092,711,1130
20093,711,1322
20094,711,73
20095,711,877
20096,711,838
20097,711,153
20098,711,1352
20099,711,34
20100,711,1002
20101,711,71
20102,711,833
20103,711,1450
20104,711,1063
20105,711,702
20106,711,513
20107,711,445
20108,711,210
20109,711,411
20110,711,1293
20111,711,229
20112,711,630
20113,711,869
20114,711,922
20115,711,298
20116,711,590
20117,711,1347
20118,711,1439
20119,711,410
20120,711,627
20121,711,224
20122,711,779
20123,711,716
20124,711,1363
20125,711,509
20126,711,1210
20127,711,1398
20128,711,976
20129,711,525
20130,711,241
20131,711,579
20132,711,809
20133,711,1358
20134,711,794
20135,711,661
20136,711,157
20137,711,524
20138,711,864
20139,711,254
20140,711,1098
20141,711,1420
20142,711,1306
20143,711,603
20144,711,1204
20145,711,327
20146,711,114
20147,711,1455
20148,711,1066
20149,711,626
20150,711,248
20151,711,374
20152,711,250
20153,711,1202
20154,711,1257
20155,711,1391
20156,711,92
20157,711,567
20158,711,693
20159,711,79
20160,711,753
20161,711,1188
20162,711,1297
20163,711,232
20164,711,602
20165,711,311
20166,711,408
20167,711,663
20168,711,527
20169,711,1437
20170,711,1310
20171,711,421
20172,711,1435
20173,711,958
20174,711,859
20175,711,585
20176,711,575
20177,711,1162
20178,711,512
20179,711,478
20180,711,40
20181,711,277
20182,711,1136
20183,711,29
20184,711,450
20185,711,540
20186,711,1431
20187,711,1134
20188,711,1361
20189,711,134
20190,711,1364
20191,711,539
20192,711,843
20193,711,127
20194,711,1342
20195,711,860
20196,711,125
20197,711,162
20198,711,348
20199,711,758
20200,711,665
20201,711,1334
20202,711,817
20203,711,280
20204,711,1024
20205,711,783
20206,711,791
20207,711,588
20208,711,709
20209,711,46
20210,711,5
20211,711,549
20212,711,1220
20213,711,308
20214,711,304
20215,711,1179
20216,711,993
20217,711,184
20218,711,288
20219,711,1305
20220,711,700
20221,711,696
20222,711,1151
20223,711,1182
20224,711,1117
20225,711,806
20226,711,985
20227,711,565
20228,711,865
20229,711,262
20230,711,639
20231,711,810
20232,711,595
20233,711,1010
20234,711,131
20235,711,147
20236,711,456
20237,711,1400
20238,711,345
20239,711,81
20240,711,790
20241,711,558
20242,711,148
20243,711,67
20244,711,68
20245,711,1107
20246,711,1062
20247,711,927
20248,711,841
20249,711,1005
20250,711,704
20251,711,246
20252,711,617
20253,711,884
20254,711,771
20255,711,644
20256,711,437
20257,711,923
20258,711,28
20259,711,77
20260,711,142
20261,711,1020
20262,711,1071
20263,711,486
20264,711,908
20265,711,376
20266,711,388
20267,711,731
20268,711,1192
20269,711,353
20270,711,742
20271,711,724
20272,711,721
20273,711,1093
20274,711,474
20275,711,1338
20276,711,606
20277,711,1320
20278,711,216
20279,711,1369
20280,711,968
20281,711,698
20282,711,338
20283,711,367
20284,711,997
20285,711,970
20286,711,109
20287,711,1079
20288,711,600
20289,711,1018
20290,711,1408
20291,711,1154
20292,711,292
20293,711,1061
20294,711,196
20295,711,1331
20296,711,1239
20297,711,363
20298,711,711
20299,711,165
20300,711,307
20301,711,1230
20302,711,822
20303,711,221
20304,711,335
20305,711,732
20306,711,452
20307,711,613
20308,711,357
20309,711,649
20310,711,619
20311,711,1032
20312,711,260
20313,711,1115
20314,711,708
20315,711,582
20316,711,1246
20317,711,87
20318,711,879
20319,711,1132
20320,711,226
20321,711,1368
20322,711,1333
20323,711,385
20324,711,1143
20325,711,1410
20326,711,249
20327,711,654
20328,711,856
20329,711,1176
20330,711,1
20331,711,451
20332,711,1394
20333,711,208
20334,711,657
20335,711,233
20336,711,484
20337,711,703
20338,711,1164
20339,711,768
20340,711,938
20341,711,429
20342,711,1447
20343,711,1019
20344,711,1407
20345,711,1229
20346,711,845
20347,711,1290
20348,711,687
20349,711,44
20350,711,1092
20351,711,462
20352,711,354
20353,711,1266
20354,711,980
20355,711,14
20356,711,755
20357,711,1042
20358,711,428
20359,711,900
20360,711,899
20361,711,691
20362,711,991
20363,711,578
20364,711,659
20365,711,629
20366,711,734
20367,711,149
20368,711,995
20369,711,983
20370,711,1054
20371,711,370
20372,711,1150
20373,711,1013
20374,711,1173
20375,711,342
20376,711,1041
20377,711,1078
20378,711,205
20379,711,413
20380,711,199
20381,711,394
20382,711,1056
20383,711,1159
20384,711,188
20385,711,117
20386,711,676
20387,711,1065
20388,711,1197
20389,711,432
20390,711,793
20391,711,195
20392,711,814
20393,711,1135
20394,711,1045
20395,711,272
20396,711,163
20397,711,447
20398,711,273
20399,711,1441
20400,711,802
20401,711,25
20402,711,819
20403,711,283
20404,711,1433
20405,711,334
20406,711,255
20407,711,247
20408,711,1314
20409,711,695
20410,711,1226
20411,711,1243
20412,711,133
20413,711,928
20414,711,955
20415,711,1324
20416,711,1163
20417,711,1370
20418,711,364
20419,711,1111
20420,711,892
20421,711,494
20422,711,297
20423,711,751
20424,711,390
20425,711,550
20426,711,573
20427,711,909
20428,711,1025
20429,711,757
20430,711,1064
20431,711,1311
20432,711,379
20433,711,1277
20434,711,1016
20435,711,1446
20436,711,1075
20437,711,1424
20438,711,263
20439,711,1328
20440,711,891
20441,711,1417
20442,711,645
20443,711,60
20444,711,373
20445,711,126
20446,711,1321
20447,711,1095
20448,711,1141
20449,711,914
20450,711,907
20451,711,780
20452,711,479
20453,711,172
20454,711,501
20455,711,52
20456,711,1259
20457,711,1030
20458,711,1449
20459,711,1225
20460,711,409
20461,711,1301
20462,711,662
20463,711,867
20464,711,581
20465,711,974
20466,711,611
20467,711,538
20468,711,164
20469,711,1292
20470,711,1057
20471,711,671
20472,711,1444
20473,711,507
20474,711,519
20475,711,608
20476,711,1291
20477,711,685
20478,711,190
20479,711,1027
20480,711,1053
20481,711,1031
20482,711,960
20483,711,990
20484,711,660
20485,711,803
20486,711,231
20487,711,1304
20488,711,350
20489,711,315
20490,711,1060
20491,711,690
20492,711,583
20493,711,762
20494,711,166
20495,711,102
20496,711,605
20497,711,446
20498,711,1222
20499,711,422
20500,711,1102
20501,711,389
20502,711,646
20503,711,616
20504,711,910
20505,711,1268
20506,711,981
20507,711,748
20508,711,1351
20509,711,918
20510,711,933
20511,711,1421
20512,711,1430
20513,711,170
20514,711,49
20515,711,473
20516,711,1372
20517,711,979
20518,711,808
20519,711,667
20520,711,64
20521,711,839
20522,711,404
20523,711,571
20524,711,1413
20525,711,1235
20526,711,652
20527,711,9
20528,711,1219
20529,711,782
20530,711,54
20531,711,658
20532,711,741
20533,711,1325
20534,711,749
20535,711,112
20536,711,461
20537,711,20
20538,711,621
20539,711,614
20540,711,1183
20541,165,1093
20542,165,1320
20543,165,260
20544,165,1092
20545,165,205
20546,165,272
20547,165,1222
20548,1003,638
20549,1003,1213
20550,1003,360
20551,1003,1007
20552,1003,325
20553,1003,57
20554,1003,1454
20555,1003,919
20556,1003,332
20557,1003,1068
20558,1003,351
20559,1003,564
20560,1003,717
20561,1003,1283
20562,1003,66
20563,1003,728
20564,1003,18
20565,1003,913
20566,1003,599
20567,1003,1208
20568,1003,1130
20569,1003,1322
20570,1003,838
20571,1003,1352
20572,1003,71
20573,1003,551
20574,1003,1063
20575,1003,513
20576,1003,445
20577,1003,922
20578,1003,298
20579,1003,590
20580,1003,1439
20581,1003,1363
20582,1003,95
20583,1003,1398
20584,1003,976
20585,1003,241
20586,1003,579
20587,1003,434
20588,1003,661
20589,1003,1284
20590,1003,254
20591,1003,1306
20592,1003,1204
20593,1003,327
20594,1003,1066
20595,1003,374
20596,1003,92
20597,1003,223
20598,1003,567
20599,1003,693
20600,1003,847
20601,1003,232
20602,1003,602
20603,1003,311
20604,1003,663
20605,1003,421
20606,1003,958
20607,1003,859
20608,1003,642
20609,1003,478
20610,1003,277
20611,1003,29
20612,1003,540
20613,1003,222
20614,1003,1006
20615,1003,1361
20616,1003,556
20617,1003,441
20618,1003,1342
20619,1003,162
20620,1003,758
20621,1003,783
20622,1003,1120
20623,1003,588
20624,1003,709
20625,1003,1220
20626,1003,1179
20627,1003,1178
20628,1003,1133
20629,1003,1026
20630,1003,1151
20631,1003,1117
20632,1003,737
20633,1003,810
20634,1003,1010
20635,1003,147
20636,1003,456
20637,1003,566
20638,1003,345
20639,1003,1048
20640,1003,148
20641,1003,68
20642,1003,1062
20643,1003,704
20644,1003,771
20645,1003,437
20646,1003,923
20647,1003,832
20648,1003,1020
20649,1003,1071
20650,1003,392
20651,1003,486
20652,1003,296
20653,1003,606
20654,1003,1320
20655,1003,216
20656,1003,968
20657,1003,698
20658,1003,338
20659,1003,367
20660,1003,997
20661,1003,109
20662,1003,600
20663,1003,292
20664,1003,1061
20665,1003,366
20666,1003,196
20667,1003,1331
20668,1003,1239
20669,1003,1003
20670,1003,1230
20671,1003,335
20672,1003,732
20673,1003,613
20674,1003,1043
20675,1003,619
20676,1003,1032
20677,1003,260
20678,1003,1333
20679,1003,1273
20680,1003,1410
20681,1003,249
20682,1003,654
20683,1003,233
20684,1003,703
20685,1003,768
20686,1003,371
20687,1003,938
20688,1003,1200
20689,1003,1380
20690,1003,1407
20691,1003,1229
20692,1003,44
20693,1003,1092
20694,1003,980
20695,1003,14
20696,1003,428
20697,1003,900
20698,1003,691
20699,1003,991
20700,1003,734
20701,1003,149
20702,1003,1054
20703,1003,342
20704,1003,205
20705,1003,413
20706,1003,1056
20707,1003,1159
20708,1003,117
20709,1003,476
20710,1003,1197
20711,1003,432
20712,1003,1135
20713,1003,272
20714,1003,447
20715,1003,273
20716,1003,1441
20717,1003,802
20718,1003,819
20719,1003,1433
20720,1003,255
20721,1003,247
20722,1003,962
20723,1003,1226
20724,1003,1243
20725,1003,1163
20726,1003,1370
20727,1003,364
20728,1003,573
20729,1003,909
20730,1003,1025
20731,1003,1064
20732,1003,1175
20733,1003,1311
20734,1003,1432
20735,1003,1277
20736,1003,1446
20737,1003,1075
20738,1003,263
20739,1003,1343
20740,1003,1417
20741,1003,645
20742,1003,1426
20743,1003,60
20744,1003,1095
20745,1003,1141
20746,1003,914
20747,1003,907
20748,1003,1449
20749,1003,1225
20750,1003,409
20751,1003,1301
20752,1003,662
20753,1003,276
20754,1003,974
20755,1003,611
20756,1003,538
20757,1003,164
20758,1003,1292
20759,1003,1057
20760,1003,1291
20761,1003,685
20762,1003,1027
20763,1003,1031
20764,1003,960
20765,1003,660
20766,1003,231
20767,1003,1304
20768,1003,350
20769,1003,530
20770,1003,166
20771,1003,102
20772,1003,58
20773,1003,446
20774,1003,1222
20775,1003,422
20776,1003,562
20777,1003,646
20778,1003,289
20779,1003,748
20780,1003,1351
20781,1003,918
20782,1003,733
20783,1003,1261
20784,1003,1421
20785,1003,1430
20786,1003,170
20787,1003,473
20788,1003,1372
20789,1003,979
20790,1003,667
20791,1003,404
20792,1003,815
20793,1003,33
20794,1003,1235
20795,1003,886
20796,1003,749
20797,1003,112
20798,1003,614
20799,1003,1183
20800,1230,1074
20801,1230,638
20802,1230,555
20803,1230,331
20804,1230,726
20805,1230,1213
20806,1230,360
20807,1230,347
20808,1230,1007
20809,1230,115
20810,1230,618
20811,1230,1454
20812,1230,919
20813,1230,1181
20814,1230,564
20815,1230,1280
20816,1230,717
20817,1230,925
20818,1230,136
20819,1230,623
20820,1230,1283
20821,1230,977
20822,1230,66
20823,1230,279
20824,1230,365
20825,1230,18
20826,1230,306
20827,1230,720
20828,1230,201
20829,1230,1211
20830,1230,599
20831,1230,1344
20832,1230,1208
20833,1230,1130
20834,1230,1322
20835,1230,219
20836,1230,877
20837,1230,838
20838,1230,153
20839,1230,1169
20840,1230,489
20841,1230,1352
20842,1230,833
20843,1230,1450
20844,1230,1063
20845,1230,702
20846,1230,316
20847,1230,445
20848,1230,210
20849,1230,1293
20850,1230,922
20851,1230,298
20852,1230,590
20853,1230,1439
20854,1230,410
20855,1230,627
20856,1230,1155
20857,1230,716
20858,1230,80
20859,1230,95
20860,1230,1210
20861,1230,1337
20862,1230,1398
20863,1230,976
20864,1230,525
20865,1230,579
20866,1230,809
20867,1230,434
20868,1230,1358
20869,1230,661
20870,1230,157
20871,1230,254
20872,1230,1420
20873,1230,1306
20874,1230,603
20875,1230,1204
20876,1230,327
20877,1230,1405
20878,1230,433
20879,1230,1455
20880,1230,1066
20881,1230,885
20882,1230,626
20883,1230,248
20884,1230,374
20885,1230,250
20886,1230,1257
20887,1230,656
20888,1230,92
20889,1230,567
20890,1230,693
20891,1230,1425
20892,1230,79
20893,1230,1265
20894,1230,753
20895,1230,6
20896,1230,1297
20897,1230,232
20898,1230,311
20899,1230,408
20900,1230,663
20901,1230,70
20902,1230,314
20903,1230,1195
20904,1230,88
20905,1230,1437
20906,1230,421
20907,1230,1435
20908,1230,958
20909,1230,597
20910,1230,859
20911,1230,585
20912,1230,642
20913,1230,40
20914,1230,1147
20915,1230,277
20916,1230,1134
20917,1230,1361
20918,1230,544
20919,1230,134
20920,1230,441
20921,1230,535
20922,1230,1342
20923,1230,860
20924,1230,125
20925,1230,348
20926,1230,1334
20927,1230,850
20928,1230,1024
20929,1230,598
20930,1230,588
20931,1230,709
20932,1230,767
20933,1230,5
20934,1230,549
20935,1230,1220
20936,1230,308
20937,1230,1055
20938,1230,304
20939,1230,1179
20940,1230,993
20941,1230,184
20942,1230,1138
20943,1230,288
20944,1230,1133
20945,1230,700
20946,1230,1026
20947,1230,328
20948,1230,1151
20949,1230,275
20950,1230,565
20951,1230,1349
20952,1230,810
20953,1230,595
20954,1230,96
20955,1230,147
20956,1230,456
20957,1230,1400
20958,1230,345
20959,1230,905
20960,1230,1048
20961,1230,356
20962,1230,67
20963,1230,68
20964,1230,841
20965,1230,1005
20966,1230,704
20967,1230,617
20968,1230,884
20969,1230,771
20970,1230,846
20971,1230,644
20972,1230,437
20973,1230,651
20974,1230,923
20975,1230,672
20976,1230,55
20977,1230,28
20978,1230,151
20979,1230,763
20980,1230,1106
20981,1230,17
20982,1230,1020
20983,1230,848
20984,1230,1071
20985,1230,486
20986,1230,376
20987,1230,388
20988,1230,100
20989,1230,1192
20990,1230,724
20991,1230,1093
20992,1230,296
20993,1230,1320
20994,1230,216
20995,1230,968
20996,1230,956
20997,1230,698
20998,1230,338
20999,1230,367
21000,1230,997
21001,1230,970
21002,1230,1018
21003,1230,1408
21004,1230,1154
21005,1230,292
21006,1230,1061
21007,1230,196
21008,1230,1331
21009,1230,1239
21010,1230,363
21011,1230,1003
21012,1230,307
21013,1230,1230
21014,1230,822
21015,1230,852
21016,1230,221
21017,1230,335
21018,1230,732
21019,1230,452
21020,1230,1103
21021,1230,357
21022,1230,649
21023,1230,619
21024,1230,1032
21025,1230,260
21026,1230,664
21027,1230,582
21028,1230,384
21029,1230,1254
21030,1230,879
21031,1230,745
21032,1230,453
21033,1230,226
21034,1230,1368
21035,1230,1333
21036,1230,1040
21037,1230,1273
21038,1230,1143
21039,1230,1410
21040,1230,1028
21041,1230,654
21042,1230,1217
21043,1230,1394
21044,1230,208
21045,1230,233
21046,1230,703
21047,1230,1142
21048,1230,1164
21049,1230,768
21050,1230,371
21051,1230,938
21052,1230,429
21053,1230,1380
21054,1230,1407
21055,1230,1229
21056,1230,845
21057,1230,1290
21058,1230,44
21059,1230,1092
21060,1230,496
21061,1230,462
21062,1230,980
21063,1230,755
21064,1230,428
21065,1230,900
21066,1230,186
21067,1230,899
21068,1230,734
21069,1230,149
21070,1230,983
21071,1230,594
21072,1230,939
21073,1230,947
21074,1230,1013
21075,1230,1173
21076,1230,342
21077,1230,419
21078,1230,1078
21079,1230,1014
21080,1230,300
21081,1230,413
21082,1230,199
21083,1230,417
21084,1230,378
21085,1230,1056
21086,1230,650
21087,1230,188
21088,1230,117
21089,1230,676
21090,1230,1065
21091,1230,1197
21092,1230,793
21093,1230,195
21094,1230,568
21095,1230,814
21096,1230,1135
21097,1230,1045
21098,1230,272
21099,1230,688
21100,1230,447
21101,1230,802
21102,1230,819
21103,1230,334
21104,1230,247
21105,1230,3
21106,1230,962
21107,1230,695
21108,1230,1243
21109,1230,955
21110,1230,1324
21111,1230,1163
21112,1230,364
21113,1230,1111
21114,1230,892
21115,1230,494
21116,1230,167
21117,1230,751
21118,1230,550
21119,1230,573
21120,1230,909
21121,1230,1025
21122,1230,1383
21123,1230,1064
21124,1230,862
21125,1230,379
21126,1230,1277
21127,1230,56
21128,1230,1446
21129,1230,1075
21130,1230,263
21131,1230,1328
21132,1230,1417
21133,1230,1156
21134,1230,840
21135,1230,1426
21136,1230,60
21137,1230,373
21138,1230,821
21139,1230,126
21140,1230,842
21141,1230,780
21142,1230,1038
21143,1230,215
21144,1230,501
21145,1230,1259
21146,1230,1030
21147,1230,264
21148,1230,1449
21149,1230,1225
21150,1230,409
21151,1230,1301
21152,1230,662
21153,1230,867
21154,1230,1414
21155,1230,531
21156,1230,611
21157,1230,538
21158,1230,164
21159,1230,1057
21160,1230,155
21161,1230,608
21162,1230,1291
21163,1230,685
21164,1230,190
21165,1230,1031
21166,1230,699
21167,1230,990
21168,1230,660
21169,1230,231
21170,1230,1304
21171,1230,1060
21172,1230,102
21173,1230,605
21174,1230,1110
21175,1230,680
21176,1230,110
21177,1230,446
21178,1230,1222
21179,1230,31
21180,1230,422
21181,1230,646
21182,1230,616
21183,1230,748
21184,1230,1351
21185,1230,918
21186,1230,933
21187,1230,1421
21188,1230,1430
21189,1230,170
21190,1230,473
21191,1230,979
21192,1230,808
21193,1230,64
21194,1230,404
21195,1230,1413
21196,1230,1235
21197,1230,652
21198,1230,9
21199,1230,1219
21200,1230,782
21201,1230,54
21202,1230,78
21203,1230,886
21204,1230,1325
21205,1230,140
21206,1230,749
21207,1230,461
21208,1230,20
21209,1230,346
21210,1230,621
21211,1230,1362
21212,1230,614
21213,1230,1183
21214,74,638
21215,74,1213
21216,74,360
21217,74,1157
21218,74,919
21219,74,351
21220,74,717
21221,74,136
21222,74,754
21223,74,66
21224,74,728
21225,74,18
21226,74,438
21227,74,201
21228,74,1067
21229,74,1211
21230,74,1428
21231,74,599
21232,74,1208
21233,74,1322
21234,74,36
21235,74,838
21236,74,1450
21237,74,1063
21238,74,702
21239,74,316
21240,74,445
21241,74,1293
21242,74,716
21243,74,976
21244,74,1284
21245,74,864
21246,74,254
21247,74,982
21248,74,1204
21249,74,327
21250,74,62
21251,74,1455
21252,74,1066
21253,74,374
21254,74,656
21255,74,223
21256,74,567
21257,74,693
21258,74,311
21259,74,663
21260,74,314
21261,74,174
21262,74,421
21263,74,1435
21264,74,958
21265,74,859
21266,74,29
21267,74,540
21268,74,1134
21269,74,1361
21270,74,1364
21271,74,1342
21272,74,588
21273,74,709
21274,74,46
21275,74,1128
21276,74,1220
21277,74,1179
21278,74,993
21279,74,1138
21280,74,4
21281,74,116
21282,74,1133
21283,74,1151
21284,74,275
21285,74,806
21286,74,1390
21287,74,810
21288,74,336
21289,74,96
21290,74,456
21291,74,566
21292,74,345
21293,74,81
21294,74,558
21295,74,1062
21296,74,927
21297,74,841
21298,74,923
21299,74,55
21300,74,536
21301,74,1106
21302,74,647
21303,74,1071
21304,74,392
21305,74,1192
21306,74,724
21307,74,1093
21308,74,1320
21309,74,1227
21310,74,338
21311,74,367
21312,74,1018
21313,74,1408
21314,74,196
21315,74,1339
21316,74,307
21317,74,1230
21318,74,1017
21319,74,732
21320,74,357
21321,74,649
21322,74,619
21323,74,1032
21324,74,260
21325,74,664
21326,74,582
21327,74,1442
21328,74,1254
21329,74,1294
21330,74,385
21331,74,1295
21332,74,1410
21333,74,1394
21334,74,8
21335,74,1142
21336,74,371
21337,74,414
21338,74,1380
21339,74,1438
21340,74,1407
21341,74,1290
21342,74,496
21343,74,980
21344,74,1042
21345,74,428
21346,74,900
21347,74,659
21348,74,149
21349,74,939
21350,74,1173
21351,74,1078
21352,74,300
21353,74,413
21354,74,199
21355,74,417
21356,74,117
21357,74,793
21358,74,195
21359,74,1135
21360,74,273
21361,74,76
21362,74,819
21363,74,283
21364,74,334
21365,74,255
21366,74,3
21367,74,586
21368,74,962
21369,74,844
21370,74,695
21371,74,1324
21372,74,1370
21373,74,364
21374,74,494
21375,74,999
21376,74,573
21377,74,909
21378,74,862
21379,74,263
21380,74,1343
21381,74,1417
21382,74,840
21383,74,373
21384,74,126
21385,74,1141
21386,74,1038
21387,74,501
21388,74,264
21389,74,1449
21390,74,1301
21391,74,662
21392,74,867
21393,74,1414
21394,74,813
21395,74,1057
21396,74,608
21397,74,660
21398,74,1304
21399,74,1060
21400,74,102
21401,74,680
21402,74,110
21403,74,446
21404,74,1222
21405,74,31
21406,74,422
21407,74,1022
21408,74,1268
21409,74,1351
21410,74,918
21411,74,1430
21412,74,170
21413,74,667
21414,74,652
21415,74,749
21416,74,621
21417,74,1362
21418,74,872
21419,74,1183
21420,613,1074
21421,613,638
21422,613,555
21423,613,331
21424,613,1213
21425,613,360
21426,613,1007
21427,613,1157
21428,613,57
21429,613,1454
21430,613,919
21431,613,1181
21432,613,351
21433,613,564
21434,613,717
21435,613,1283
21436,613,66
21437,613,365
21438,613,728
21439,613,18
21440,613,306
21441,613,201
21442,613,448
21443,613,599
21444,613,1344
21445,613,1208
21446,613,1130
21447,613,1322
21448,613,877
21449,613,838
21450,613,489
21451,613,1352
21452,613,1002
21453,613,833
21454,613,1450
21455,613,1063
21456,613,702
21457,613,513
21458,613,316
21459,613,445
21460,613,411
21461,613,229
21462,613,298
21463,613,590
21464,613,835
21465,613,1439
21466,613,1155
21467,613,716
21468,613,1402
21469,613,1210
21470,613,1398
21471,613,976
21472,613,579
21473,613,809
21474,613,794
21475,613,1284
21476,613,157
21477,613,864
21478,613,254
21479,613,982
21480,613,1306
21481,613,327
21482,613,1405
21483,613,1066
21484,613,885
21485,613,374
21486,613,625
21487,613,250
21488,613,1257
21489,613,656
21490,613,92
21491,613,223
21492,613,567
21493,613,693
21494,613,1425
21495,613,79
21496,613,753
21497,613,1297
21498,613,232
21499,613,602
21500,613,311
21501,613,408
21502,613,663
21503,613,70
21504,613,314
21505,613,1195
21506,613,88
21507,613,421
21508,613,1435
21509,613,958
21510,613,859
21511,613,502
21512,613,642
21513,613,478
21514,613,1147
21515,613,277
21516,613,320
21517,613,540
21518,613,1361
21519,613,134
21520,613,1364
21521,613,539
21522,613,535
21523,613,1342
21524,613,860
21525,613,348
21526,613,850
21527,613,1120
21528,613,1298
21529,613,588
21530,613,709
21531,613,1047
21532,613,1128
21533,613,549
21534,613,1220
21535,613,308
21536,613,1179
21537,613,288
21538,613,1133
21539,613,700
21540,613,1026
21541,613,328
21542,613,1151
21543,613,1182
21544,613,737
21545,613,985
21546,613,565
21547,613,1121
21548,613,1349
21549,613,595
21550,613,147
21551,613,456
21552,613,566
21553,613,345
21554,613,81
21555,613,356
21556,613,68
21557,613,1062
21558,613,1005
21559,613,617
21560,613,884
21561,613,771
21562,613,644
21563,613,437
21564,613,923
21565,613,832
21566,613,763
21567,613,17
21568,613,848
21569,613,1071
21570,613,392
21571,613,376
21572,613,388
21573,613,1192
21574,613,724
21575,613,1093
21576,613,296
21577,613,1320
21578,613,216
21579,613,1369
21580,613,968
21581,613,956
21582,613,698
21583,613,338
21584,613,367
21585,613,970
21586,613,292
21587,613,196
21588,613,1331
21589,613,1239
21590,613,1003
21591,613,307
21592,613,715
21593,613,1230
21594,613,822
21595,613,335
21596,613,732
21597,613,452
21598,613,613
21599,613,357
21600,613,649
21601,613,619
21602,613,1032
21603,613,260
21604,613,582
21605,613,15
21606,613,879
21607,613,245
21608,613,1333
21609,613,1040
21610,613,1273
21611,613,1410
21612,613,654
21613,613,1176
21614,613,777
21615,613,657
21616,613,233
21617,613,703
21618,613,1164
21619,613,768
21620,613,938
21621,613,429
21622,613,1380
21623,613,1407
21624,613,1229
21625,613,845
21626,613,1290
21627,613,44
21628,613,1092
21629,613,462
21630,613,980
21631,613,755
21632,613,428
21633,613,900
21634,613,629
21635,613,734
21636,613,149
21637,613,983
21638,613,594
21639,613,939
21640,613,947
21641,613,1173
21642,613,342
21643,613,413
21644,613,199
21645,613,394
21646,613,378
21647,613,1056
21648,613,650
21649,613,117
21650,613,476
21651,613,676
21652,613,432
21653,613,568
21654,613,814
21655,613,1045
21656,613,272
21657,613,1302
21658,613,447
21659,613,1441
21660,613,802
21661,613,819
21662,613,1433
21663,613,247
21664,613,3
21665,613,962
21666,613,294
21667,613,1226
21668,613,1243
21669,613,1324
21670,613,364
21671,613,1111
21672,613,494
21673,613,297
21674,613,167
21675,613,751
21676,613,573
21677,613,909
21678,613,1383
21679,613,1064
21680,613,862
21681,613,1311
21682,613,1432
21683,613,1075
21684,613,738
21685,613,263
21686,613,1343
21687,613,1328
21688,613,1417
21689,613,1156
21690,613,840
21691,613,60
21692,613,373
21693,613,126
21694,613,1095
21695,613,1141
21696,613,842
21697,613,303
21698,613,780
21699,613,215
21700,613,501
21701,613,528
21702,613,1259
21703,613,264
21704,613,1449
21705,613,1225
21706,613,409
21707,613,1301
21708,613,662
21709,613,867
21710,613,1403
21711,613,974
21712,613,538
21713,613,164
21714,613,1292
21715,613,1057
21716,613,477
21717,613,608
21718,613,685
21719,613,190
21720,613,1031
21721,613,699
21722,613,660
21723,613,231
21724,613,1304
21725,613,1060
21726,613,762
21727,613,102
21728,613,605
21729,613,634
21730,613,110
21731,613,446
21732,613,1222
21733,613,31
21734,613,422
21735,613,646
21736,613,616
21737,613,1268
21738,613,981
21739,613,748
21740,613,1351
21741,613,933
21742,613,1421
21743,613,1430
21744,613,170
21745,613,473
21746,613,1372
21747,613,979
21748,613,808
21749,613,64
21750,613,404
21751,613,815
21752,613,1235
21753,613,652
21754,613,9
21755,613,1219
21756,613,78
21757,613,741
21758,613,886
21759,613,140
21760,613,749
21761,613,112
21762,613,436
21763,613,20
21764,613,346
21765,613,621
21766,613,614
21767,613,1183
21768,1101,1454
21769,1101,919
21770,1101,913
21771,1101,1344
21772,1101,1208
21773,1101,576
21774,1101,1130
21775,1101,153
21776,1101,976
21777,1101,1306
21778,1101,1405
21779,1101,1310
21780,1101,860
21781,1101,1334
21782,1101,396
21783,1101,261
21784,1101,437
21785,1101,1192
21786,1101,606
21787,1101,199
21788,1101,1148
21789,1101,1135
21790,1101,1045
21791,1101,283
21792,1101,1243
21793,1101,494
21794,1101,172
21795,1101,960
21796,1101,1060
21797,1101,446
21798,1101,1222
21799,1101,646
21800,1101,981
21801,1101,979
21802,1101,1183
21803,1043,1074
21804,1043,638
21805,1043,331
21806,1043,1213
21807,1043,360
21808,1043,115
21809,1043,325
21810,1043,57
21811,1043,1454
21812,1043,919
21813,1043,1181
21814,1043,351
21815,1043,564
21816,1043,1280
21817,1043,717
21818,1043,1091
21819,1043,1080
21820,1043,759
21821,1043,623
21822,1043,66
21823,1043,279
21824,1043,365
21825,1043,728
21826,1043,18
21827,1043,306
21828,1043,201
21829,1043,1211
21830,1043,599
21831,1043,1070
21832,1043,1344
21833,1043,1130
21834,1043,1322
21835,1043,219
21836,1043,877
21837,1043,574
21838,1043,838
21839,1043,1352
21840,1043,34
21841,1043,551
21842,1043,1450
21843,1043,1063
21844,1043,702
21845,1043,316
21846,1043,445
21847,1043,210
21848,1043,298
21849,1043,1439
21850,1043,410
21851,1043,716
21852,1043,80
21853,1043,679
21854,1043,1210
21855,1043,976
21856,1043,241
21857,1043,579
21858,1043,661
21859,1043,254
21860,1043,934
21861,1043,1355
21862,1043,1306
21863,1043,1204
21864,1043,327
21865,1043,1405
21866,1043,114
21867,1043,1066
21868,1043,885
21869,1043,248
21870,1043,374
21871,1043,625
21872,1043,1391
21873,1043,225
21874,1043,766
21875,1043,1145
21876,1043,656
21877,1043,92
21878,1043,567
21879,1043,693
21880,1043,1425
21881,1043,753
21882,1043,508
21883,1043,1188
21884,1043,1297
21885,1043,602
21886,1043,311
21887,1043,663
21888,1043,88
21889,1043,421
21890,1043,958
21891,1043,859
21892,1043,512
21893,1043,642
21894,1043,1136
21895,1043,63
21896,1043,29
21897,1043,540
21898,1043,1006
21899,1043,1361
21900,1043,1194
21901,1043,1364
21902,1043,539
21903,1043,441
21904,1043,860
21905,1043,162
21906,1043,850
21907,1043,396
21908,1043,1120
21909,1043,588
21910,1043,709
21911,1043,5
21912,1043,549
21913,1043,932
21914,1043,1179
21915,1043,184
21916,1043,1138
21917,1043,1151
21918,1043,565
21919,1043,893
21920,1043,810
21921,1043,336
21922,1043,1099
21923,1043,595
21924,1043,96
21925,1043,147
21926,1043,456
21927,1043,566
21928,1043,345
21929,1043,81
21930,1043,1062
21931,1043,927
21932,1043,841
21933,1043,1005
21934,1043,771
21935,1043,644
21936,1043,437
21937,1043,923
21938,1043,536
21939,1043,763
21940,1043,1071
21941,1043,392
21942,1043,908
21943,1043,1345
21944,1043,388
21945,1043,724
21946,1043,606
21947,1043,1320
21948,1043,395
21949,1043,698
21950,1043,338
21951,1043,367
21952,1043,1237
21953,1043,1154
21954,1043,292
21955,1043,196
21956,1043,1339
21957,1043,1239
21958,1043,363
21959,1043,774
21960,1043,165
21961,1043,307
21962,1043,715
21963,1043,1230
21964,1043,822
21965,1043,852
21966,1043,221
21967,1043,452
21968,1043,357
21969,1043,649
21970,1043,619
21971,1043,1032
21972,1043,260
21973,1043,664
21974,1043,582
21975,1043,1254
21976,1043,1246
21977,1043,1294
21978,1043,226
21979,1043,1333
21980,1043,1143
21981,1043,654
21982,1043,8
21983,1043,233
21984,1043,703
21985,1043,768
21986,1043,371
21987,1043,938
21988,1043,1380
21989,1043,1438
21990,1043,1407
21991,1043,1229
21992,1043,845
21993,1043,496
21994,1043,462
21995,1043,980
21996,1043,755
21997,1043,1042
21998,1043,428
21999,1043,900
22000,1043,186
22001,1043,563
22002,1043,323
22003,1043,629
22004,1043,734
22005,1043,149
22006,1043,983
22007,1043,1173
22008,1043,342
22009,1043,205
22010,1043,413
22011,1043,199
22012,1043,417
22013,1043,378
22014,1043,1056
22015,1043,117
22016,1043,405
22017,1043,1148
22018,1043,432
22019,1043,814
22020,1043,1135
22021,1043,272
22022,1043,447
22023,1043,273
22024,1043,819
22025,1043,560
22026,1043,334
22027,1043,247
22028,1043,3
22029,1043,586
22030,1043,962
22031,1043,844
22032,1043,695
22033,1043,294
22034,1043,1226
22035,1043,1370
22036,1043,364
22037,1043,494
22038,1043,818
22039,1043,999
22040,1043,573
22041,1043,909
22042,1043,1064
22043,1043,1311
22044,1043,1432
22045,1043,738
22046,1043,263
22047,1043,1417
22048,1043,1156
22049,1043,840
22050,1043,373
22051,1043,821
22052,1043,126
22053,1043,1095
22054,1043,1141
22055,1043,842
22056,1043,780
22057,1043,479
22058,1043,501
22059,1043,528
22060,1043,1449
22061,1043,409
22062,1043,662
22063,1043,867
22064,1043,1414
22065,1043,581
22066,1043,611
22067,1043,538
22068,1043,164
22069,1043,1292
22070,1043,1057
22071,1043,1206
22072,1043,685
22073,1043,190
22074,1043,1027
22075,1043,960
22076,1043,660
22077,1043,1304
22078,1043,1060
22079,1043,166
22080,1043,102
22081,1043,1313
22082,1043,634
22083,1043,58
22084,1043,446
22085,1043,1222
22086,1043,31
22087,1043,422
22088,1043,562
22089,1043,646
22090,1043,1268
22091,1043,748
22092,1043,1351
22093,1043,918
22094,1043,733
22095,1043,933
22096,1043,1430
22097,1043,170
22098,1043,473
22099,1043,1372
22100,1043,979
22101,1043,808
22102,1043,839
22103,1043,404
22104,1043,1235
22105,1043,652
22106,1043,9
22107,1043,1219
22108,1043,78
22109,1043,886
22110,1043,140
22111,1043,749
22112,1043,436
22113,1043,621
22114,1043,1362
22115,1043,1183
22116,357,115
22117,357,325
22118,357,769
22119,357,897
22120,357,718
22121,357,1116
22122,357,306
22123,357,352
22124,357,1211
22125,357,358
22126,357,1208
22127,357,36
22128,357,702
22129,357,128
22130,357,590
22131,357,1155
22132,357,1363
22133,357,1398
22134,357,661
22135,357,157
22136,357,1404
22137,357,1420
22138,357,885
22139,357,374
22140,357,250
22141,357,1113
22142,357,1188
22143,357,1286
22144,357,958
22145,357,1162
22146,357,512
22147,357,63
22148,357,1364
22149,357,1120
22150,357,549
22151,357,915
22152,357,993
22153,357,565
22154,357,554
22155,357,1010
22156,357,131
22157,357,345
22158,357,790
22159,357,967
22160,357,257
22161,357,1071
22162,357,724
22163,357,1338
22164,357,216
22165,357,1079
22166,357,1408
22167,357,1339
22168,357,1230
22169,357,452
22170,357,1043
22171,357,1103
22172,357,357
22173,357,649
22174,357,582
22175,357,15
22176,357,245
22177,357,882
22178,357,86
22179,357,1200
22180,357,1118
22181,357,687
22182,357,1092
22183,357,354
22184,357,1042
22185,357,323
22186,357,629
22187,357,1173
22188,357,107
22189,357,378
22190,357,650
22191,357,117
22192,357,273
22193,357,802
22194,357,283
22195,357,962
22196,357,1370
22197,357,892
22198,357,1392
22199,357,751
22200,357,1411
22201,357,738
22202,357,263
22203,357,1328
22204,357,1321
22205,357,867
22206,357,1027
22207,357,960
22208,357,803
22209,357,1060
22210,357,762
22211,357,1222
22212,357,422
22213,357,389
22214,357,910
22215,357,1268
22216,357,1351
22217,357,733
22218,357,170
22219,357,948
22220,357,1275
22221,357,749
22222,357,112
22223,649,1191
22224,649,325
22225,649,57
22226,649,1181
22227,649,717
22228,649,759
22229,649,438
22230,649,1116
22231,649,352
22232,649,358
22233,649,1344
22234,649,1208
22235,649,1322
22236,649,153
22237,649,1242
22238,649,1293
22239,649,590
22240,649,1155
22241,649,1398
22242,649,637
22243,649,1358
22244,649,1284
22245,649,157
22246,649,1281
22247,649,327
22248,649,433
22249,649,885
22250,649,374
22251,649,1202
22252,649,1391
22253,649,1113
22254,649,766
22255,649,656
22256,649,1425
22257,649,1250
22258,649,682
22259,649,1437
22260,649,958
22261,649,761
22262,649,512
22263,649,63
22264,649,540
22265,649,1361
22266,649,1364
22267,649,125
22268,649,348
22269,649,1024
22270,649,783
22271,649,791
22272,649,1120
22273,649,709
22274,649,5
22275,649,549
22276,649,1179
22277,649,520
22278,649,262
22279,649,810
22280,649,554
22281,649,1010
22282,649,131
22283,649,456
22284,649,345
22285,649,790
22286,649,67
22287,649,1107
22288,649,884
22289,649,923
22290,649,202
22291,649,151
22292,649,763
22293,649,1071
22294,649,731
22295,649,1192
22296,649,724
22297,649,1093
22298,649,216
22299,649,698
22300,649,338
22301,649,997
22302,649,1079
22303,649,1018
22304,649,1408
22305,649,1061
22306,649,165
22307,649,620
22308,649,1230
22309,649,221
22310,649,452
22311,649,1043
22312,649,357
22313,649,649
22314,649,619
22315,649,260
22316,649,1115
22317,649,582
22318,649,384
22319,649,1246
22320,649,245
22321,649,1217
22322,649,1
22323,649,8
22324,649,882
22325,649,86
22326,649,1164
22327,649,938
22328,649,1200
22329,649,1447
22330,649,1380
22331,649,687
22332,649,496
22333,649,462
22334,649,354
22335,649,899
22336,649,991
22337,649,773
22338,649,323
22339,649,629
22340,649,149
22341,649,596
22342,649,1173
22343,649,236
22344,649,419
22345,649,107
22346,649,205
22347,649,413
22348,649,417
22349,649,378
22350,649,1056
22351,649,650
22352,649,117
22353,649,432
22354,649,828
22355,649,1135
22356,649,1045
22357,649,688
22358,649,273
22359,649,802
22360,649,25
22361,649,819
22362,649,283
22363,649,962
22364,649,695
22365,649,294
22366,649,573
22367,649,1432
22368,649,340
22369,649,1075
22370,649,738
22371,649,263
22372,649,1321
22373,649,914
22374,649,907
22375,649,1038
22376,649,501
22377,649,611
22378,649,1057
22379,649,1206
22380,649,519
22381,649,1253
22382,649,685
22383,649,1027
22384,649,960
22385,649,1060
22386,649,762
22387,649,1222
22388,649,31
22389,649,422
22390,649,1268
22391,649,289
22392,649,1351
22393,649,170
22394,649,299
22395,649,26
22396,649,140
22397,649,749
22398,649,436
22399,649,872
22400,649,614
22401,619,796
22402,619,500
22403,619,1091
22404,619,1242
22405,619,1009
22406,619,696
22407,619,275
22408,619,345
22409,619,971
22410,619,1393
22411,619,856
22412,619,14
22413,619,629
22414,619,133
22415,619,1277
22416,619,685
22417,619,1222
22418,619,902
22419,619,621
22420,430,726
22421,430,1454
22422,430,919
22423,430,1443
22424,430,936
22425,430,279
22426,430,18
22427,430,1322
22428,430,590
22429,430,525
22430,430,626
22431,430,567
22432,430,824
22433,430,174
22434,430,421
22435,430,549
22436,430,328
22437,430,806
22438,430,1108
22439,430,711
22440,430,15
22441,430,1028
22442,430,451
22443,430,657
22444,430,768
22445,430,938
22446,430,755
22447,430,900
22448,430,272
22449,430,1167
22450,430,312
22451,430,344
22452,430,695
22453,430,1064
22454,430,1311
22455,430,1343
22456,430,1417
22457,430,126
22458,430,1321
22459,430,501
22460,430,1449
22461,430,164
22462,430,1304
22463,430,1110
22464,430,446
22465,430,646
22466,430,641
22467,430,473
22468,430,808
22469,430,782
22470,430,749
22471,430,112
22472,541,555
22473,541,331
22474,541,360
22475,541,796
22476,541,1454
22477,541,919
22478,541,548
22479,541,717
22480,541,925
22481,541,589
22482,541,506
22483,541,1443
22484,541,936
22485,541,66
22486,541,279
22487,541,365
22488,541,18
22489,541,438
22490,541,718
22491,541,913
22492,541,201
22493,541,599
22494,541,43
22495,541,1208
22496,541,1322
22497,541,73
22498,541,838
22499,541,34
22500,541,833
22501,541,702
22502,541,445
22503,541,69
22504,541,229
22505,541,1081
22506,541,590
22507,541,1347
22508,541,1439
22509,541,410
22510,541,80
22511,541,1337
22512,541,443
22513,541,976
22514,541,525
22515,541,144
22516,541,212
22517,541,1098
22518,541,1198
22519,541,327
22520,541,1455
22521,541,1066
22522,541,92
22523,541,1037
22524,541,567
22525,541,693
22526,541,1425
22527,541,79
22528,541,6
22529,541,602
22530,541,408
22531,541,681
22532,541,527
22533,541,174
22534,541,421
22535,541,958
22536,541,585
22537,541,258
22538,541,502
22539,541,642
22540,541,277
22541,541,320
22542,541,450
22543,541,540
22544,541,1431
22545,541,1361
22546,541,1194
22547,541,1364
22548,541,860
22549,541,348
22550,541,817
22551,541,280
22552,541,764
22553,541,1120
22554,541,598
22555,541,549
22556,541,122
22557,541,426
22558,541,1179
22559,541,1178
22560,541,1138
22561,541,700
22562,541,328
22563,541,1182
22564,541,1117
22565,541,806
22566,541,737
22567,541,985
22568,541,565
22569,541,865
22570,541,1349
22571,541,810
22572,541,336
22573,541,940
22574,541,811
22575,541,67
22576,541,68
22577,541,246
22578,541,511
22579,541,1108
22580,541,644
22581,541,261
22582,541,437
22583,541,923
22584,541,832
22585,541,28
22586,541,77
22587,541,392
22588,541,486
22589,541,89
22590,541,724
22591,541,101
22592,541,1320
22593,541,338
22594,541,367
22595,541,997
22596,541,488
22597,541,600
22598,541,1061
22599,541,521
22600,541,1003
22601,541,723
22602,541,732
22603,541,649
22604,541,541
22605,541,1032
22606,541,1360
22607,541,1115
22608,541,15
22609,541,1246
22610,541,245
22611,541,1294
22612,541,1215
22613,541,1333
22614,541,1143
22615,541,249
22616,541,129
22617,541,451
22618,541,208
22619,541,657
22620,541,484
22621,541,703
22622,541,768
22623,541,938
22624,541,414
22625,541,1200
22626,541,459
22627,541,1229
22628,541,281
22629,541,845
22630,541,687
22631,541,1092
22632,541,1266
22633,541,755
22634,541,900
22635,541,829
22636,541,578
22637,541,323
22638,541,734
22639,541,1054
22640,541,370
22641,541,236
22642,541,419
22643,541,107
22644,541,648
22645,541,300
22646,541,199
22647,541,417
22648,541,394
22649,541,117
22650,541,476
22651,541,1148
22652,541,1065
22653,541,432
22654,541,152
22655,541,1125
22656,541,828
22657,541,1135
22658,541,1045
22659,541,272
22660,541,447
22661,541,802
22662,541,1021
22663,541,1433
22664,541,334
22665,541,1167
22666,541,1288
22667,541,312
22668,541,344
22669,541,695
22670,541,1226
22671,541,454
22672,541,1243
22673,541,537
22674,541,1324
22675,541,1370
22676,541,1111
22677,541,381
22678,541,1386
22679,541,573
22680,541,1064
22681,541,1311
22682,541,1356
22683,541,379
22684,541,1075
22685,541,263
22686,541,1343
22687,541,1417
22688,541,485
22689,541,957
22690,541,1156
22691,541,789
22692,541,60
22693,541,1095
22694,541,842
22695,541,1038
22696,541,501
22697,541,51
22698,541,264
22699,541,1449
22700,541,662
22701,541,1403
22702,541,164
22703,541,1303
22704,541,1292
22705,541,1057
22706,541,801
22707,541,1206
22708,541,507
22709,541,519
22710,541,1291
22711,541,685
22712,541,190
22713,541,1053
22714,541,1031
22715,541,960
22716,541,1304
22717,541,315
22718,541,102
22719,541,1110
22720,541,692
22721,541,446
22722,541,422
22723,541,1022
22724,541,562
22725,541,646
22726,541,616
22727,541,641
22728,541,910
22729,541,289
22730,541,748
22731,541,733
22732,541,1421
22733,541,49
22734,541,473
22735,541,1372
22736,541,979
22737,541,808
22738,541,839
22739,541,404
22740,541,33
22741,541,1219
22742,541,886
22743,541,1325
22744,541,776
22745,541,749
22746,541,112
22747,541,514
22748,541,621
22749,541,1209
22750,39,638
22751,39,331
22752,39,57
22753,39,919
22754,39,548
22755,39,897
22756,39,45
22757,39,279
22758,39,365
22759,39,728
22760,39,18
22761,39,913
22762,39,1344
22763,39,1208
22764,39,1322
22765,39,551
22766,39,1063
22767,39,702
22768,39,210
22769,39,1439
22770,39,579
22771,39,809
22772,39,434
22773,39,254
22774,39,982
22775,39,1420
22776,39,327
22777,39,374
22778,39,206
22779,39,567
22780,39,693
22781,39,1425
22782,39,232
22783,39,602
22784,39,311
22785,39,663
22786,39,1195
22787,39,88
22788,39,421
22789,39,859
22790,39,585
22791,39,277
22792,39,1361
22793,39,1194
22794,39,860
22795,39,162
22796,39,758
22797,39,1334
22798,39,850
22799,39,709
22800,39,308
22801,39,1077
22802,39,993
22803,39,901
22804,39,288
22805,39,1133
22806,39,1026
22807,39,1182
22808,39,534
22809,39,810
22810,39,1099
22811,39,595
22812,39,96
22813,39,456
22814,39,1400
22815,39,67
22816,39,68
22817,39,927
22818,39,771
22819,39,923
22820,39,1106
22821,39,1020
22822,39,1071
22823,39,392
22824,39,1192
22825,39,721
22826,39,1093
22827,39,606
22828,39,698
22829,39,367
22830,39,997
22831,39,1079
22832,39,1018
22833,39,292
22834,39,1061
22835,39,196
22836,39,1003
22837,39,307
22838,39,715
22839,39,1230
22840,39,649
22841,39,260
22842,39,582
22843,39,1254
22844,39,226
22845,39,1333
22846,39,703
22847,39,768
22848,39,429
22849,39,1380
22850,39,1019
22851,39,1407
22852,39,1290
22853,39,496
22854,39,755
22855,39,428
22856,39,900
22857,39,186
22858,39,691
22859,39,149
22860,39,939
22861,39,342
22862,39,205
22863,39,413
22864,39,417
22865,39,1056
22866,39,188
22867,39,117
22868,39,432
22869,39,568
22870,39,1135
22871,39,272
22872,39,802
22873,39,334
22874,39,247
22875,39,928
22876,39,955
22877,39,1163
22878,39,1111
22879,39,526
22880,39,573
22881,39,909
22882,39,1025
22883,39,1064
22884,39,1311
22885,39,1432
22886,39,263
22887,39,1343
22888,39,1328
22889,39,1417
22890,39,1156
22891,39,126
22892,39,1141
22893,39,914
22894,39,842
22895,39,780
22896,39,1038
22897,39,1449
22898,39,1301
22899,39,477
22900,39,1027
22901,39,960
22902,39,660
22903,39,231
22904,39,102
22905,39,605
22906,39,680
22907,39,446
22908,39,1222
22909,39,422
22910,39,1351
22911,39,1430
22912,39,170
22913,39,473
22914,39,979
22915,39,667
22916,39,64
22917,39,1235
22918,39,652
22919,39,1219
22920,39,54
22921,39,78
22922,39,749
22923,39,952
22924,39,20
22925,39,346
22926,39,614
22927,880,1074
22928,880,638
22929,880,931
22930,880,331
22931,880,726
22932,880,1213
22933,880,360
22934,880,684
22935,880,19
22936,880,1454
22937,880,919
22938,880,1068
22939,880,1181
22940,880,548
22941,880,564
22942,880,1280
22943,880,1255
22944,880,717
22945,880,1080
22946,880,623
22947,880,66
22948,880,279
22949,880,365
22950,880,728
22951,880,18
22952,880,913
22953,880,201
22954,880,1211
22955,880,1373
22956,880,599
22957,880,1130
22958,880,1322
22959,880,73
22960,880,838
22961,880,153
22962,880,1352
22963,880,71
22964,880,833
22965,880,1450
22966,880,1063
22967,880,702
22968,880,316
22969,880,411
22970,880,922
22971,880,1439
22972,880,1155
22973,880,224
22974,880,1210
22975,880,525
22976,880,579
22977,880,809
22978,880,434
22979,880,1358
22980,880,794
22981,880,661
22982,880,524
22983,880,254
22984,880,1420
22985,880,1306
22986,880,1204
22987,880,1336
22988,880,327
22989,880,1405
22990,880,1455
22991,880,1066
22992,880,374
22993,880,1202
22994,880,92
22995,880,553
22996,880,223
22997,880,567
22998,880,693
22999,880,1425
23000,880,79
23001,880,1265
23002,880,508
23003,880,232
23004,880,602
23005,880,311
23006,880,70
23007,880,1437
23008,880,421
23009,880,1435
23010,880,958
23011,880,859
23012,880,1162
23013,880,40
23014,880,277
23015,880,450
23016,880,540
23017,880,1134
23018,880,1361
23019,880,1194
23020,880,134
23021,880,556
23022,880,535
23023,880,127
23024,880,1342
23025,880,860
23026,880,125
23027,880,348
23028,880,665
23029,880,1334
23030,880,817
23031,880,280
23032,880,396
23033,880,1024
23034,880,598
23035,880,588
23036,880,709
23037,880,5
23038,880,549
23039,880,304
23040,880,1179
23041,880,993
23042,880,1305
23043,880,700
23044,880,696
23045,880,1026
23046,880,1151
23047,880,1182
23048,880,275
23049,880,1117
23050,880,985
23051,880,565
23052,880,262
23053,880,639
23054,880,547
23055,880,595
23056,880,96
23057,880,147
23058,880,456
23059,880,1312
23060,880,1400
23061,880,558
23062,880,967
23063,880,67
23064,880,68
23065,880,1062
23066,880,927
23067,880,841
23068,880,1005
23069,880,246
23070,880,1108
23071,880,884
23072,880,771
23073,880,437
23074,880,651
23075,880,923
23076,880,55
23077,880,28
23078,880,1020
23079,880,1071
23080,880,486
23081,880,1192
23082,880,353
23083,880,724
23084,880,721
23085,880,606
23086,880,1320
23087,880,216
23088,880,968
23089,880,698
23090,880,338
23091,880,997
23092,880,970
23093,880,1079
23094,880,1018
23095,880,1154
23096,880,292
23097,880,366
23098,880,196
23099,880,1331
23100,880,483
23101,880,1239
23102,880,363
23103,880,521
23104,880,165
23105,880,307
23106,880,1230
23107,880,221
23108,880,732
23109,880,452
23110,880,613
23111,880,1043
23112,880,357
23113,880,649
23114,880,619
23115,880,1032
23116,880,260
23117,880,582
23118,880,15
23119,880,384
23120,880,1254
23121,880,1246
23122,880,879
23123,880,245
23124,880,745
23125,880,226
23126,880,1333
23127,880,1143
23128,880,1410
23129,880,654
23130,880,1217
23131,880,1176
23132,880,451
23133,880,208
23134,880,657
23135,880,233
23136,880,484
23137,880,703
23138,880,1164
23139,880,768
23140,880,371
23141,880,938
23142,880,429
23143,880,1380
23144,880,1019
23145,880,1407
23146,880,1229
23147,880,281
23148,880,845
23149,880,1290
23150,880,687
23151,880,44
23152,880,496
23153,880,462
23154,880,354
23155,880,980
23156,880,14
23157,880,755
23158,880,428
23159,880,900
23160,880,186
23161,880,899
23162,880,691
23163,880,991
23164,880,740
23165,880,578
23166,880,629
23167,880,734
23168,880,995
23169,880,983
23170,880,1054
23171,880,939
23172,880,370
23173,880,947
23174,880,342
23175,880,1078
23176,880,205
23177,880,199
23178,880,394
23179,880,1056
23180,880,1159
23181,880,188
23182,880,668
23183,880,117
23184,880,1197
23185,880,432
23186,880,568
23187,880,1045
23188,880,272
23189,880,688
23190,880,447
23191,880,1441
23192,880,819
23193,880,1433
23194,880,334
23195,880,247
23196,880,1314
23197,880,695
23198,880,1243
23199,880,1324
23200,880,1163
23201,880,364
23202,880,1111
23203,880,892
23204,880,1392
23205,880,494
23206,880,550
23207,880,573
23208,880,909
23209,880,1025
23210,880,1064
23211,880,1432
23212,880,1446
23213,880,1075
23214,880,263
23215,880,1343
23216,880,1328
23217,880,891
23218,880,1417
23219,880,1156
23220,880,840
23221,880,60
23222,880,373
23223,880,875
23224,880,126
23225,880,1141
23226,880,842
23227,880,528
23228,880,1259
23229,880,264
23230,880,1449
23231,880,1225
23232,880,409
23233,880,1301
23234,880,662
23235,880,867
23236,880,581
23237,880,974
23238,880,611
23239,880,538
23240,880,164
23241,880,1057
23242,880,477
23243,880,801
23244,880,1444
23245,880,507
23246,880,685
23247,880,992
23248,880,1027
23249,880,1053
23250,880,1031
23251,880,960
23252,880,990
23253,880,660
23254,880,803
23255,880,1304
23256,880,1060
23257,880,690
23258,880,530
23259,880,762
23260,880,102
23261,880,605
23262,880,110
23263,880,58
23264,880,446
23265,880,1222
23266,880,422
23267,880,562
23268,880,389
23269,880,646
23270,880,616
23271,880,641
23272,880,1268
23273,880,978
23274,880,981
23275,880,289
23276,880,748
23277,880,171
23278,880,424
23279,880,1351
23280,880,918
23281,880,733
23282,880,933
23283,880,1430
23284,880,170
23285,880,49
23286,880,473
23287,880,1372
23288,880,979
23289,880,808
23290,880,64
23291,880,815
23292,880,1235
23293,880,652
23294,880,9
23295,880,54
23296,880,78
23297,880,741
23298,880,886
23299,880,140
23300,880,749
23301,880,952
23302,880,902
23303,880,123
23304,880,20
23305,880,346
23306,880,621
23307,880,614
23308,880,1183
23309,1254,726
23310,1254,1213
23311,1254,1007
23312,1254,1157
23313,1254,332
23314,1254,1068
23315,1254,548
23316,1254,717
23317,1254,1080
23318,1254,18
23319,1254,913
23320,1254,1256
23321,1254,1344
23322,1254,1208
23323,1254,1130
23324,1254,1322
23325,1254,838
23326,1254,153
23327,1254,833
23328,1254,1450
23329,1254,1063
23330,1254,702
23331,1254,316
23332,1254,1242
23333,1254,590
23334,1254,1439
23335,1254,627
23336,1254,976
23337,1254,624
23338,1254,1420
23339,1254,1306
23340,1254,603
23341,1254,1204
23342,1254,1405
23343,1254,1455
23344,1254,626
23345,1254,374
23346,1254,1202
23347,1254,92
23348,1254,223
23349,1254,567
23350,1254,824
23351,1254,1265
23352,1254,753
23353,1254,912
23354,1254,232
23355,1254,311
23356,1254,663
23357,1254,1310
23358,1254,1435
23359,1254,1162
23360,1254,1147
23361,1254,277
23362,1254,540
23363,1254,569
23364,1254,1361
23365,1254,1194
23366,1254,134
23367,1254,1364
23368,1254,535
23369,1254,280
23370,1254,396
23371,1254,1120
23372,1254,588
23373,1254,709
23374,1254,82
23375,1254,993
23376,1254,1138
23377,1254,288
23378,1254,1133
23379,1254,1026
23380,1254,328
23381,1254,275
23382,1254,1117
23383,1254,565
23384,1254,262
23385,1254,1121
23386,1254,1349
23387,1254,336
23388,1254,1010
23389,1254,96
23390,1254,147
23391,1254,456
23392,1254,1187
23393,1254,558
23394,1254,68
23395,1254,1062
23396,1254,927
23397,1254,246
23398,1254,771
23399,1254,644
23400,1254,923
23401,1254,1071
23402,1254,721
23403,1254,606
23404,1254,1320
23405,1254,968
23406,1254,698
23407,1254,997
23408,1254,970
23409,1254,600
23410,1254,292
23411,1254,196
23412,1254,1331
23413,1254,1239
23414,1254,363
23415,1254,307
23416,1254,335
23417,1254,732
23418,1254,619
23419,1254,1032
23420,1254,260
23421,1254,384
23422,1254,1254
23423,1254,1246
23424,1254,287
23425,1254,1368
23426,1254,1333
23427,1254,1410
23428,1254,654
23429,1254,1217
23430,1254,703
23431,1254,768
23432,1254,938
23433,1254,845
23434,1254,1290
23435,1254,1092
23436,1254,755
23437,1254,900
23438,1254,186
23439,1254,899
23440,1254,991
23441,1254,939
23442,1254,1013
23443,1254,342
23444,1254,107
23445,1254,1078
23446,1254,205
23447,1254,199
23448,1254,394
23449,1254,1056
23450,1254,1065
23451,1254,1197
23452,1254,568
23453,1254,1135
23454,1254,272
23455,1254,447
23456,1254,1441
23457,1254,802
23458,1254,819
23459,1254,334
23460,1254,247
23461,1254,1370
23462,1254,364
23463,1254,1111
23464,1254,573
23465,1254,1311
23466,1254,1432
23467,1254,891
23468,1254,1417
23469,1254,1156
23470,1254,60
23471,1254,126
23472,1254,1321
23473,1254,842
23474,1254,355
23475,1254,1038
23476,1254,215
23477,1254,1449
23478,1254,1225
23479,1254,409
23480,1254,1301
23481,1254,662
23482,1254,581
23483,1254,611
23484,1254,538
23485,1254,164
23486,1254,1292
23487,1254,1057
23488,1254,671
23489,1254,801
23490,1254,507
23491,1254,685
23492,1254,190
23493,1254,960
23494,1254,660
23495,1254,803
23496,1254,1060
23497,1254,166
23498,1254,102
23499,1254,605
23500,1254,680
23501,1254,110
23502,1254,446
23503,1254,1222
23504,1254,422
23505,1254,1022
23506,1254,389
23507,1254,646
23508,1254,616
23509,1254,981
23510,1254,171
23511,1254,933
23512,1254,1421
23513,1254,170
23514,1254,473
23515,1254,1372
23516,1254,808
23517,1254,64
23518,1254,815
23519,1254,33
23520,1254,1235
23521,1254,652
23522,1254,1219
23523,1254,54
23524,1254,886
23525,1254,140
23526,1254,749
23527,1254,112
23528,1254,20
23529,1254,346
23530,1254,621
23531,1254,1362
23532,1246,726
23533,1246,717
23534,1246,1080
23535,1246,752
23536,1246,79
23537,1246,1297
23538,1246,1162
23539,1246,277
23540,1246,1194
23541,1246,134
23542,1246,860
23543,1246,993
23544,1246,696
23545,1246,806
23546,1246,639
23547,1246,147
23548,1246,68
23549,1246,927
23550,1246,151
23551,1246,971
23552,1246,292
23553,1246,363
23554,1246,335
23555,1246,619
23556,1246,1254
23557,1246,629
23558,1246,432
23559,1246,802
23560,1246,819
23561,1246,247
23562,1246,573
23563,1246,1417
23564,1246,840
23565,1246,1301
23566,1246,990
23567,1246,803
23568,1246,1222
23569,1246,616
23570,1246,346
23571,1385,1074
23572,1385,638
23573,1385,331
23574,1385,726
23575,1385,1213
23576,1385,1007
23577,1385,500
23578,1385,19
23579,1385,332
23580,1385,1068
23581,1385,1181
23582,1385,351
23583,1385,548
23584,1385,1280
23585,1385,1255
23586,1385,717
23587,1385,1091
23588,1385,1357
23589,1385,1080
23590,1385,1443
23591,1385,66
23592,1385,365
23593,1385,728
23594,1385,18
23595,1385,718
23596,1385,913
23597,1385,201
23598,1385,1211
23599,1385,358
23600,1385,599
23601,1385,1344
23602,1385,1208
23603,1385,576
23604,1385,1322
23605,1385,838
23606,1385,1169
23607,1385,1352
23608,1385,71
23609,1385,551
23610,1385,1359
23611,1385,833
23612,1385,702
23613,1385,513
23614,1385,316
23615,1385,445
23616,1385,210
23617,1385,411
23618,1385,1293
23619,1385,229
23620,1385,630
23621,1385,922
23622,1385,298
23623,1385,1439
23624,1385,716
23625,1385,1363
23626,1385,383
23627,1385,197
23628,1385,95
23629,1385,1210
23630,1385,1337
23631,1385,1398
23632,1385,1029
23633,1385,976
23634,1385,525
23635,1385,624
23636,1385,579
23637,1385,434
23638,1385,1358
23639,1385,794
23640,1385,661
23641,1385,524
23642,1385,864
23643,1385,1420
23644,1385,603
23645,1385,492
23646,1385,1204
23647,1385,1336
23648,1385,1198
23649,1385,327
23650,1385,322
23651,1385,433
23652,1385,885
23653,1385,626
23654,1385,248
23655,1385,374
23656,1385,250
23657,1385,1202
23658,1385,1257
23659,1385,225
23660,1385,656
23661,1385,92
23662,1385,1425
23663,1385,824
23664,1385,79
23665,1385,1265
23666,1385,508
23667,1385,1188
23668,1385,6
23669,1385,912
23670,1385,232
23671,1385,311
23672,1385,663
23673,1385,1195
23674,1385,88
23675,1385,421
23676,1385,1435
23677,1385,958
23678,1385,597
23679,1385,585
23680,1385,1162
23681,1385,1001
23682,1385,502
23683,1385,277
23684,1385,540
23685,1385,1431
23686,1385,193
23687,1385,544
23688,1385,134
23689,1385,1364
23690,1385,556
23691,1385,441
23692,1385,127
23693,1385,1342
23694,1385,125
23695,1385,162
23696,1385,348
23697,1385,665
23698,1385,1334
23699,1385,817
23700,1385,850
23701,1385,280
23702,1385,396
23703,1385,1024
23704,1385,1120
23705,1385,588
23706,1385,709
23707,1385,46
23708,1385,5
23709,1385,1220
23710,1385,308
23711,1385,304
23712,1385,1126
23713,1385,82
23714,1385,1179
23715,1385,993
23716,1385,1178
23717,1385,1138
23718,1385,116
23719,1385,700
23720,1385,1241
23721,1385,1026
23722,1385,328
23723,1385,1151
23724,1385,1182
23725,1385,275
23726,1385,806
23727,1385,737
23728,1385,985
23729,1385,141
23730,1385,565
23731,1385,262
23732,1385,810
23733,1385,336
23734,1385,547
23735,1385,595
23736,1385,96
23737,1385,147
23738,1385,456
23739,1385,345
23740,1385,81
23741,1385,790
23742,1385,218
23743,1385,68
23744,1385,1062
23745,1385,841
23746,1385,1005
23747,1385,246
23748,1385,617
23749,1385,884
23750,1385,771
23751,1385,923
23752,1385,832
23753,1385,55
23754,1385,77
23755,1385,257
23756,1385,463
23757,1385,1071
23758,1385,1345
23759,1385,376
23760,1385,965
23761,1385,731
23762,1385,1192
23763,1385,353
23764,1385,742
23765,1385,1348
23766,1385,101
23767,1385,721
23768,1385,1093
23769,1385,474
23770,1385,1320
23771,1385,587
23772,1385,395
23773,1385,1369
23774,1385,209
23775,1385,338
23776,1385,183
23777,1385,367
23778,1385,997
23779,1385,970
23780,1385,109
23781,1385,601
23782,1385,1408
23783,1385,292
23784,1385,1061
23785,1385,366
23786,1385,196
23787,1385,1331
23788,1385,1239
23789,1385,363
23790,1385,1003
23791,1385,307
23792,1385,620
23793,1385,1230
23794,1385,822
23795,1385,852
23796,1385,221
23797,1385,1017
23798,1385,732
23799,1385,74
23800,1385,613
23801,1385,649
23802,1385,619
23803,1385,1032
23804,1385,260
23805,1385,664
23806,1385,708
23807,1385,582
23808,1385,15
23809,1385,384
23810,1385,1254
23811,1385,1246
23812,1385,87
23813,1385,879
23814,1385,245
23815,1385,1132
23816,1385,745
23817,1385,226
23818,1385,1368
23819,1385,1412
23820,1385,385
23821,1385,1273
23822,1385,1410
23823,1385,1193
23824,1385,1217
23825,1385,1
23826,1385,451
23827,1385,208
23828,1385,657
23829,1385,233
23830,1385,484
23831,1385,703
23832,1385,1164
23833,1385,768
23834,1385,371
23835,1385,938
23836,1385,1229
23837,1385,845
23838,1385,1118
23839,1385,1290
23840,1385,160
23841,1385,687
23842,1385,1189
23843,1385,496
23844,1385,980
23845,1385,14
23846,1385,755
23847,1385,428
23848,1385,900
23849,1385,186
23850,1385,991
23851,1385,895
23852,1385,578
23853,1385,659
23854,1385,629
23855,1385,734
23856,1385,149
23857,1385,939
23858,1385,370
23859,1385,947
23860,1385,1173
23861,1385,342
23862,1385,107
23863,1385,1078
23864,1385,205
23865,1385,413
23866,1385,199
23867,1385,417
23868,1385,394
23869,1385,378
23870,1385,1056
23871,1385,188
23872,1385,117
23873,1385,476
23874,1385,499
23875,1385,1148
23876,1385,676
23877,1385,1197
23878,1385,432
23879,1385,793
23880,1385,568
23881,1385,1135
23882,1385,1045
23883,1385,272
23884,1385,688
23885,1385,1302
23886,1385,163
23887,1385,447
23888,1385,491
23889,1385,1441
23890,1385,802
23891,1385,819
23892,1385,283
23893,1385,1433
23894,1385,334
23895,1385,1153
23896,1385,247
23897,1385,3
23898,1385,1314
23899,1385,962
23900,1385,695
23901,1385,294
23902,1385,1226
23903,1385,133
23904,1385,928
23905,1385,537
23906,1385,955
23907,1385,1324
23908,1385,1163
23909,1385,1370
23910,1385,364
23911,1385,1111
23912,1385,494
23913,1385,297
23914,1385,751
23915,1385,390
23916,1385,526
23917,1385,550
23918,1385,573
23919,1385,909
23920,1385,1025
23921,1385,862
23922,1385,379
23923,1385,1432
23924,1385,1277
23925,1385,340
23926,1385,1446
23927,1385,1075
23928,1385,1424
23929,1385,263
23930,1385,1343
23931,1385,1328
23932,1385,891
23933,1385,1417
23934,1385,1156
23935,1385,840
23936,1385,645
23937,1385,60
23938,1385,373
23939,1385,875
23940,1385,126
23941,1385,1141
23942,1385,842
23943,1385,355
23944,1385,780
23945,1385,215
23946,1385,479
23947,1385,1030
23948,1385,264
23949,1385,1449
23950,1385,998
23951,1385,409
23952,1385,1301
23953,1385,1384
23954,1385,867
23955,1385,1414
23956,1385,611
23957,1385,538
23958,1385,164
23959,1385,1292
23960,1385,1057
23961,1385,801
23962,1385,1444
23963,1385,1291
23964,1385,685
23965,1385,190
23966,1385,1031
23967,1385,960
23968,1385,990
23969,1385,660
23970,1385,231
23971,1385,1060
23972,1385,1389
23973,1385,690
23974,1385,530
23975,1385,762
23976,1385,102
23977,1385,1144
23978,1385,605
23979,1385,1110
23980,1385,58
23981,1385,446
23982,1385,1222
23983,1385,31
23984,1385,422
23985,1385,1022
23986,1385,562
23987,1385,616
23988,1385,641
23989,1385,805
23990,1385,289
23991,1385,1351
23992,1385,918
23993,1385,733
23994,1385,1421
23995,1385,1430
23996,1385,170
23997,1385,473
23998,1385,979
23999,1385,808
24000,1385,667
24001,1385,64
24002,1385,404
24003,1385,571
24004,1385,1413
24005,1385,33
24006,1385,1235
24007,1385,652
24008,1385,9
24009,1385,1219
24010,1385,54
24011,1385,658
24012,1385,78
24013,1385,886
24014,1385,140
24015,1385,749
24016,1385,112
24017,1385,461
24018,1385,20
24019,1385,621
24020,1385,1362
24021,1385,614
24022,1385,1183
24023,287,1213
24024,287,1007
24025,287,1272
24026,287,19
24027,287,1454
24028,287,1068
24029,287,1181
24030,287,548
24031,287,897
24032,287,1280
24033,287,717
24034,287,22
24035,287,925
24036,287,1330
24037,287,1283
24038,287,118
24039,287,913
24040,287,599
24041,287,1344
24042,287,1130
24043,287,1322
24044,287,73
24045,287,1359
24046,287,1450
24047,287,210
24048,287,411
24049,287,69
24050,287,229
24051,287,298
24052,287,590
24053,287,1347
24054,287,1009
24055,287,1216
24056,287,1363
24057,287,624
24058,287,241
24059,287,434
24060,287,661
24061,287,157
24062,287,1420
24063,287,492
24064,287,327
24065,287,1066
24066,287,885
24067,287,374
24068,287,250
24069,287,1202
24070,287,1113
24071,287,119
24072,287,1425
24073,287,824
24074,287,903
24075,287,311
24076,287,408
24077,287,663
24078,287,1435
24079,287,958
24080,287,859
24081,287,277
24082,287,450
24083,287,569
24084,287,1134
24085,287,222
24086,287,988
24087,287,1361
24088,287,134
24089,287,556
24090,287,860
24091,287,348
24092,287,396
24093,287,549
24094,287,932
24095,287,82
24096,287,1179
24097,287,288
24098,287,1026
24099,287,1182
24100,287,1117
24101,287,262
24102,287,1121
24103,287,639
24104,287,131
24105,287,1400
24106,287,345
24107,287,940
24108,287,148
24109,287,68
24110,287,841
24111,287,246
24112,287,1207
24113,287,617
24114,287,846
24115,287,53
24116,287,644
24117,287,651
24118,287,923
24119,287,77
24120,287,1020
24121,287,1071
24122,287,1192
24123,287,721
24124,287,474
24125,287,27
24126,287,606
24127,287,1320
24128,287,395
24129,287,968
24130,287,338
24131,287,367
24132,287,997
24133,287,970
24134,287,1408
24135,287,1154
24136,287,292
24137,287,196
24138,287,1331
24139,287,521
24140,287,711
24141,287,165
24142,287,307
24143,287,619
24144,287,260
24145,287,1115
24146,287,582
24147,287,287
24148,287,879
24149,287,226
24150,287,1412
24151,287,1040
24152,287,1410
24153,287,1193
24154,287,1217
24155,287,657
24156,287,233
24157,287,484
24158,287,371
24159,287,938
24160,287,1407
24161,287,1229
24162,287,465
24163,287,1223
24164,287,1290
24165,287,1092
24166,287,496
24167,287,980
24168,287,14
24169,287,186
24170,287,130
24171,287,991
24172,287,578
24173,287,149
24174,287,1054
24175,287,1173
24176,287,342
24177,287,205
24178,287,413
24179,287,378
24180,287,1056
24181,287,1159
24182,287,188
24183,287,668
24184,287,1058
24185,287,432
24186,287,1045
24187,287,272
24188,287,491
24189,287,1441
24190,287,802
24191,287,819
24192,287,283
24193,287,1433
24194,287,334
24195,287,1167
24196,287,255
24197,287,962
24198,287,695
24199,287,1243
24200,287,133
24201,287,955
24202,287,1324
24203,287,1163
24204,287,1111
24205,287,751
24206,287,573
24207,287,1064
24208,287,1432
24209,287,1446
24210,287,738
24211,287,263
24212,287,1343
24213,287,1328
24214,287,891
24215,287,1089
24216,287,1156
24217,287,60
24218,287,373
24219,287,678
24220,287,907
24221,287,1259
24222,287,1449
24223,287,1225
24224,287,1301
24225,287,867
24226,287,276
24227,287,1444
24228,287,507
24229,287,519
24230,287,1291
24231,287,685
24232,287,1031
24233,287,960
24234,287,660
24235,287,803
24236,287,1304
24237,287,315
24238,287,762
24239,287,102
24240,287,1144
24241,287,605
24242,287,680
24243,287,58
24244,287,1222
24245,287,646
24246,287,192
24247,287,748
24248,287,171
24249,287,918
24250,287,1421
24251,287,1430
24252,287,170
24253,287,1372
24254,287,299
24255,287,667
24256,287,839
24257,287,404
24258,287,1219
24259,287,54
24260,287,78
24261,287,741
24262,287,1434
24263,287,749
24264,287,461
24265,287,346
24266,287,1362
24267,287,614
24268,1,638
24269,1,555
24270,1,931
24271,1,331
24272,1,726
24273,1,1213
24274,1,1007
24275,1,796
24276,1,115
24277,1,325
24278,1,57
24279,1,500
24280,1,361
24281,1,302
24282,1,19
24283,1,1454
24284,1,332
24285,1,1068
24286,1,1181
24287,1,351
24288,1,548
24289,1,362
24290,1,564
24291,1,1280
24292,1,1255
24293,1,717
24294,1,136
24295,1,1080
24296,1,759
24297,1,1330
24298,1,623
24299,1,1443
24300,1,1283
24301,1,66
24302,1,365
24303,1,728
24304,1,18
24305,1,913
24306,1,720
24307,1,201
24308,1,972
24309,1,1211
24310,1,1373
24311,1,1428
24312,1,599
24313,1,1344
24314,1,1208
24315,1,1130
24316,1,219
24317,1,574
24318,1,838
24319,1,153
24320,1,1352
24321,1,34
24322,1,71
24323,1,551
24324,1,833
24325,1,1063
24326,1,694
24327,1,702
24328,1,513
24329,1,316
24330,1,445
24331,1,210
24332,1,411
24333,1,1293
24334,1,229
24335,1,922
24336,1,298
24337,1,590
24338,1,1347
24339,1,835
24340,1,1439
24341,1,410
24342,1,627
24343,1,1155
24344,1,779
24345,1,716
24346,1,80
24347,1,1363
24348,1,383
24349,1,1402
24350,1,679
24351,1,1210
24352,1,1337
24353,1,1398
24354,1,917
24355,1,976
24356,1,525
24357,1,579
24358,1,809
24359,1,1358
24360,1,794
24361,1,661
24362,1,157
24363,1,864
24364,1,254
24365,1,934
24366,1,982
24367,1,1420
24368,1,603
24369,1,492
24370,1,1204
24371,1,1198
24372,1,322
24373,1,1405
24374,1,1455
24375,1,1066
24376,1,885
24377,1,374
24378,1,625
24379,1,206
24380,1,1202
24381,1,1257
24382,1,225
24383,1,656
24384,1,92
24385,1,259
24386,1,223
24387,1,567
24388,1,693
24389,1,847
24390,1,1425
24391,1,1250
24392,1,643
24393,1,79
24394,1,903
24395,1,1265
24396,1,753
24397,1,508
24398,1,1188
24399,1,6
24400,1,1297
24401,1,232
24402,1,602
24403,1,311
24404,1,663
24405,1,681
24406,1,70
24407,1,314
24408,1,174
24409,1,1195
24410,1,421
24411,1,1435
24412,1,958
24413,1,154
24414,1,859
24415,1,697
24416,1,1162
24417,1,642
24418,1,478
24419,1,40
24420,1,277
24421,1,1136
24422,1,63
24423,1,450
24424,1,337
24425,1,505
24426,1,1431
24427,1,1134
24428,1,222
24429,1,1006
24430,1,193
24431,1,1361
24432,1,1194
24433,1,134
24434,1,1364
24435,1,556
24436,1,441
24437,1,535
24438,1,127
24439,1,860
24440,1,313
24441,1,125
24442,1,1140
24443,1,348
24444,1,758
24445,1,665
24446,1,1334
24447,1,468
24448,1,280
24449,1,396
24450,1,791
24451,1,764
24452,1,598
24453,1,588
24454,1,709
24455,1,549
24456,1,932
24457,1,82
24458,1,1179
24459,1,993
24460,1,184
24461,1,85
24462,1,116
24463,1,1133
24464,1,700
24465,1,696
24466,1,1026
24467,1,328
24468,1,1151
24469,1,275
24470,1,181
24471,1,1117
24472,1,262
24473,1,534
24474,1,1349
24475,1,639
24476,1,810
24477,1,554
24478,1,317
24479,1,595
24480,1,1010
24481,1,131
24482,1,96
24483,1,147
24484,1,456
24485,1,1400
24486,1,566
24487,1,345
24488,1,929
24489,1,81
24490,1,406
24491,1,558
24492,1,148
24493,1,67
24494,1,68
24495,1,1107
24496,1,1062
24497,1,841
24498,1,1378
24499,1,1108
24500,1,884
24501,1,644
24502,1,437
24503,1,651
24504,1,923
24505,1,832
24506,1,672
24507,1,55
24508,1,28
24509,1,151
24510,1,536
24511,1,1106
24512,1,17
24513,1,1020
24514,1,848
24515,1,1071
24516,1,392
24517,1,486
24518,1,908
24519,1,1345
24520,1,376
24521,1,731
24522,1,1192
24523,1,353
24524,1,724
24525,1,858
24526,1,721
24527,1,1093
24528,1,606
24529,1,1320
24530,1,216
24531,1,395
24532,1,968
24533,1,956
24534,1,698
24535,1,338
24536,1,367
24537,1,997
24538,1,970
24539,1,109
24540,1,1079
24541,1,1018
24542,1,1408
24543,1,366
24544,1,196
24545,1,1331
24546,1,483
24547,1,1239
24548,1,363
24549,1,711
24550,1,1003
24551,1,307
24552,1,1423
24553,1,1427
24554,1,715
24555,1,620
24556,1,1230
24557,1,822
24558,1,866
24559,1,852
24560,1,335
24561,1,732
24562,1,452
24563,1,649
24564,1,619
24565,1,430
24566,1,1032
24567,1,260
24568,1,664
24569,1,708
24570,1,582
24571,1,384
24572,1,1254
24573,1,1246
24574,1,398
24575,1,879
24576,1,1294
24577,1,1393
24578,1,580
24579,1,1105
24580,1,226
24581,1,1368
24582,1,1412
24583,1,1333
24584,1,1040
24585,1,1410
24586,1,1176
24587,1,451
24588,1,1394
24589,1,1170
24590,1,86
24591,1,777
24592,1,657
24593,1,233
24594,1,703
24595,1,1142
24596,1,768
24597,1,371
24598,1,938
24599,1,414
24600,1,1129
24601,1,1380
24602,1,1438
24603,1,1019
24604,1,1407
24605,1,1229
24606,1,465
24607,1,775
24608,1,44
24609,1,1092
24610,1,496
24611,1,980
24612,1,755
24613,1,428
24614,1,900
24615,1,186
24616,1,899
24617,1,991
24618,1,659
24619,1,629
24620,1,734
24621,1,149
24622,1,983
24623,1,370
24624,1,1013
24625,1,1173
24626,1,342
24627,1,517
24628,1,1050
24629,1,1078
24630,1,205
24631,1,413
24632,1,199
24633,1,417
24634,1,378
24635,1,1056
24636,1,117
24637,1,476
24638,1,499
24639,1,1148
24640,1,921
24641,1,676
24642,1,1058
24643,1,1065
24644,1,432
24645,1,793
24646,1,195
24647,1,814
24648,1,1135
24649,1,1045
24650,1,272
24651,1,688
24652,1,447
24653,1,273
24654,1,802
24655,1,819
24656,1,283
24657,1,1177
24658,1,1252
24659,1,334
24660,1,1153
24661,1,1167
24662,1,247
24663,1,586
24664,1,844
24665,1,695
24666,1,294
24667,1,1226
24668,1,1243
24669,1,133
24670,1,400
24671,1,1163
24672,1,364
24673,1,1111
24674,1,98
24675,1,297
24676,1,390
24677,1,550
24678,1,573
24679,1,1025
24680,1,1383
24681,1,1175
24682,1,712
24683,1,1311
24684,1,1432
24685,1,1411
24686,1,1446
24687,1,1075
24688,1,1424
24689,1,738
24690,1,263
24691,1,1343
24692,1,891
24693,1,1417
24694,1,840
24695,1,645
24696,1,1426
24697,1,60
24698,1,373
24699,1,875
24700,1,126
24701,1,1095
24702,1,842
24703,1,355
24704,1,780
24705,1,501
24706,1,528
24707,1,52
24708,1,1259
24709,1,1030
24710,1,382
24711,1,1449
24712,1,75
24713,1,409
24714,1,377
24715,1,1301
24716,1,662
24717,1,867
24718,1,1285
24719,1,276
24720,1,611
24721,1,538
24722,1,164
24723,1,1292
24724,1,1057
24725,1,673
24726,1,477
24727,1,801
24728,1,592
24729,1,1444
24730,1,1264
24731,1,507
24732,1,1253
24733,1,685
24734,1,992
24735,1,1031
24736,1,960
24737,1,990
24738,1,660
24739,1,803
24740,1,231
24741,1,1304
24742,1,315
24743,1,583
24744,1,166
24745,1,605
24746,1,680
24747,1,110
24748,1,58
24749,1,446
24750,1,1222
24751,1,422
24752,1,1022
24753,1,562
24754,1,1102
24755,1,389
24756,1,646
24757,1,616
24758,1,910
24759,1,1268
24760,1,1351
24761,1,918
24762,1,733
24763,1,933
24764,1,1430
24765,1,170
24766,1,473
24767,1,1372
24768,1,979
24769,1,808
24770,1,667
24771,1,64
24772,1,404
24773,1,1413
24774,1,33
24775,1,1235
24776,1,652
24777,1,9
24778,1,782
24779,1,1289
24780,1,658
24781,1,78
24782,1,1434
24783,1,760
24784,1,749
24785,1,461
24786,1,902
24787,1,436
24788,1,20
24789,1,621
24790,1,1362
24791,1,614
24792,1,1183
24793,1317,1213
24794,1317,1322
24795,1317,877
24796,1317,590
24797,1317,1284
24798,1317,1306
24799,1317,92
24800,1317,421
24801,1317,958
24802,1317,859
24803,1317,1120
24804,1317,1179
24805,1317,893
24806,1317,547
24807,1317,147
24808,1317,456
24809,1317,1093
24810,1317,296
24811,1317,216
24812,1317,703
24813,1317,1164
24814,1317,1290
24815,1317,432
24816,1317,1243
24817,1317,1311
24818,1317,840
24819,1317,126
24820,1317,102
24821,1317,446
24822,1317,1222
24823,1317,1421
24824,1317,170
24825,1317,979
24826,1317,64
24827,1317,652
24828,1317,1219
24829,1317,78
24830,451,1074
24831,451,636
24832,451,931
24833,451,1213
24834,451,360
24835,451,347
24836,451,1272
24837,451,500
24838,451,1454
24839,451,919
24840,451,1068
24841,451,351
24842,451,628
24843,451,1280
24844,451,136
24845,451,589
24846,451,739
24847,451,45
24848,451,1443
24849,451,936
24850,451,279
24851,451,365
24852,451,728
24853,451,18
24854,451,438
24855,451,201
24856,451,1067
24857,451,972
24858,451,599
24859,451,1208
24860,451,34
24861,451,551
24862,451,702
24863,451,445
24864,451,475
24865,451,229
24866,451,1081
24867,451,267
24868,451,922
24869,451,590
24870,451,410
24871,451,779
24872,451,716
24873,451,1210
24874,451,525
24875,451,241
24876,451,579
24877,451,1284
24878,451,254
24879,451,492
24880,451,327
24881,451,812
24882,451,250
24883,451,225
24884,451,92
24885,451,567
24886,451,693
24887,451,1425
24888,451,903
24889,451,602
24890,451,311
24891,451,663
24892,451,88
24893,451,421
24894,451,958
24895,451,761
24896,451,597
24897,451,859
24898,451,1162
24899,451,258
24900,451,1147
24901,451,277
24902,451,540
24903,451,162
24904,451,758
24905,451,665
24906,451,598
24907,451,709
24908,451,930
24909,451,549
24910,451,442
24911,451,915
24912,451,1179
24913,451,993
24914,451,1151
24915,451,275
24916,451,985
24917,451,865
24918,451,262
24919,451,1121
24920,451,1127
24921,451,534
24922,451,1349
24923,451,893
24924,451,336
24925,451,317
24926,451,595
24927,451,1010
24928,451,96
24929,451,456
24930,451,566
24931,451,940
24932,451,558
24933,451,1062
24934,451,841
24935,451,1005
24936,451,1382
24937,451,1108
24938,451,771
24939,451,846
24940,451,55
24941,451,28
24942,451,284
24943,451,1106
24944,451,1020
24945,451,392
24946,451,486
24947,451,376
24948,451,1192
24949,451,724
24950,451,721
24951,451,474
24952,451,1338
24953,451,606
24954,451,1320
24955,451,216
24956,451,968
24957,451,338
24958,451,367
24959,451,997
24960,451,600
24961,451,244
24962,451,1408
24963,451,1339
24964,451,363
24965,451,521
24966,451,307
24967,451,1073
24968,451,1230
24969,451,822
24970,451,335
24971,451,541
24972,451,825
24973,451,582
24974,451,1246
24975,451,879
24976,451,245
24977,451,90
24978,451,385
24979,451,1273
24980,451,249
24981,451,129
24982,451,451
24983,451,1394
24984,451,657
24985,451,768
24986,451,217
24987,451,1200
24988,451,1229
24989,451,281
24990,451,687
24991,451,1092
24992,451,462
24993,451,1266
24994,451,755
24995,451,428
24996,451,900
24997,451,186
24998,451,899
24999,451,829
25000,451,370
25001,451,419
25002,451,107
25003,451,205
25004,451,300
25005,451,413
25006,451,199
25007,451,417
25008,451,1125
25009,451,272
25010,451,688
25011,451,273
25012,451,1441
25013,451,819
25014,451,283
25015,451,1433
25016,451,334
25017,451,1167
25018,451,962
25019,451,312
25020,451,344
25021,451,1276
25022,451,695
25023,451,1226
25024,451,454
25025,451,364
25026,451,372
25027,451,987
25028,451,909
25029,451,1025
25030,451,1383
25031,451,1064
25032,451,1311
25033,451,379
25034,451,263
25035,451,1417
25036,451,1156
25037,451,373
25038,451,126
25039,451,1095
25040,451,1379
25041,451,842
25042,451,780
25043,451,501
25044,451,528
25045,451,1259
25046,451,264
25047,451,1449
25048,451,662
25049,451,581
25050,451,1303
25051,451,507
25052,451,519
25053,451,1031
25054,451,699
25055,451,960
25056,451,660
25057,451,1085
25058,451,583
25059,451,605
25060,451,1110
25061,451,692
25062,451,680
25063,451,110
25064,451,58
25065,451,446
25066,451,1222
25067,451,646
25068,451,616
25069,451,192
25070,451,1351
25071,451,918
25072,451,733
25073,451,473
25074,451,808
25075,451,667
25076,451,64
25077,451,839
25078,451,1416
25079,451,652
25080,451,26
25081,451,609
25082,451,782
25083,451,1289
25084,451,886
25085,451,1325
25086,451,776
25087,451,749
25088,451,112
25089,451,514
25090,451,123
25091,451,436
25092,1229,636
25093,1229,638
25094,1229,331
25095,1229,726
25096,1229,1213
25097,1229,360
25098,1229,347
25099,1229,618
25100,1229,1272
25101,1229,325
25102,1229,1157
25103,1229,684
25104,1229,500
25105,1229,1454
25106,1229,919
25107,1229,332
25108,1229,1068
25109,1229,548
25110,1229,628
25111,1229,717
25112,1229,1091
25113,1229,136
25114,1229,1080
25115,1229,589
25116,1229,739
25117,1229,623
25118,1229,45
25119,1229,1443
25120,1229,936
25121,1229,977
25122,1229,66
25123,1229,279
25124,1229,365
25125,1229,728
25126,1229,18
25127,1229,438
25128,1229,1067
25129,1229,1428
25130,1229,599
25131,1229,43
25132,1229,1344
25133,1229,435
25134,1229,1208
25135,1229,1322
25136,1229,838
25137,1229,1352
25138,1229,34
25139,1229,71
25140,1229,551
25141,1229,833
25142,1229,1063
25143,1229,702
25144,1229,888
25145,1229,513
25146,1229,316
25147,1229,445
25148,1229,475
25149,1229,1293
25150,1229,1035
25151,1229,229
25152,1229,1081
25153,1229,1258
25154,1229,267
25155,1229,298
25156,1229,590
25157,1229,1439
25158,1229,716
25159,1229,1402
25160,1229,278
25161,1229,1210
25162,1229,1282
25163,1229,976
25164,1229,241
25165,1229,579
25166,1229,809
25167,1229,794
25168,1229,1284
25169,1229,157
25170,1229,864
25171,1229,1420
25172,1229,1204
25173,1229,327
25174,1229,62
25175,1229,1326
25176,1229,1455
25177,1229,1066
25178,1229,626
25179,1229,374
25180,1229,625
25181,1229,250
25182,1229,92
25183,1229,223
25184,1229,567
25185,1229,693
25186,1229,847
25187,1229,1425
25188,1229,824
25189,1229,1250
25190,1229,79
25191,1229,903
25192,1229,1265
25193,1229,753
25194,1229,1188
25195,1229,6
25196,1229,912
25197,1229,1297
25198,1229,602
25199,1229,311
25200,1229,663
25201,1229,174
25202,1229,1195
25203,1229,88
25204,1229,1310
25205,1229,421
25206,1229,1435
25207,1229,958
25208,1229,597
25209,1229,859
25210,1229,697
25211,1229,1162
25212,1229,512
25213,1229,258
25214,1229,502
25215,1229,642
25216,1229,277
25217,1229,1136
25218,1229,320
25219,1229,29
25220,1229,540
25221,1229,1431
25222,1229,1134
25223,1229,222
25224,1229,1361
25225,1229,544
25226,1229,1364
25227,1229,539
25228,1229,860
25229,1229,125
25230,1229,162
25231,1229,348
25232,1229,758
25233,1229,665
25234,1229,850
25235,1229,783
25236,1229,791
25237,1229,1120
25238,1229,598
25239,1229,588
25240,1229,709
25241,1229,930
25242,1229,767
25243,1229,549
25244,1229,442
25245,1229,122
25246,1229,308
25247,1229,1179
25248,1229,1178
25249,1229,1138
25250,1229,288
25251,1229,1305
25252,1229,700
25253,1229,1026
25254,1229,1151
25255,1229,275
25256,1229,1117
25257,1229,737
25258,1229,985
25259,1229,565
25260,1229,865
25261,1229,262
25262,1229,1121
25263,1229,1349
25264,1229,893
25265,1229,810
25266,1229,336
25267,1229,595
25268,1229,96
25269,1229,456
25270,1229,1400
25271,1229,345
25272,1229,940
25273,1229,558
25274,1229,811
25275,1229,218
25276,1229,68
25277,1229,1107
25278,1229,1062
25279,1229,841
25280,1229,1005
25281,1229,704
25282,1229,617
25283,1229,1108
25284,1229,884
25285,1229,771
25286,1229,846
25287,1229,644
25288,1229,437
25289,1229,923
25290,1229,55
25291,1229,28
25292,1229,763
25293,1229,284
25294,1229,1106
25295,1229,17
25296,1229,1020
25297,1229,848
25298,1229,180
25299,1229,392
25300,1229,486
25301,1229,376
25302,1229,100
25303,1229,1192
25304,1229,1348
25305,1229,724
25306,1229,1093
25307,1229,606
25308,1229,1320
25309,1229,968
25310,1229,698
25311,1229,338
25312,1229,367
25313,1229,997
25314,1229,970
25315,1229,1018
25316,1229,1408
25317,1229,292
25318,1229,366
25319,1229,196
25320,1229,483
25321,1229,1339
25322,1229,1239
25323,1229,363
25324,1229,521
25325,1229,307
25326,1229,523
25327,1229,1230
25328,1229,822
25329,1229,732
25330,1229,649
25331,1229,619
25332,1229,1032
25333,1229,880
25334,1229,1115
25335,1229,143
25336,1229,582
25337,1229,15
25338,1229,384
25339,1229,1246
25340,1229,879
25341,1229,245
25342,1229,226
25343,1229,1333
25344,1229,385
25345,1229,1273
25346,1229,1143
25347,1229,1410
25348,1229,1028
25349,1229,654
25350,1229,129
25351,1229,451
25352,1229,8
25353,1229,657
25354,1229,703
25355,1229,1142
25356,1229,1164
25357,1229,768
25358,1229,217
25359,1229,938
25360,1229,1200
25361,1229,1380
25362,1229,459
25363,1229,1407
25364,1229,1229
25365,1229,281
25366,1229,1000
25367,1229,1223
25368,1229,845
25369,1229,1290
25370,1229,687
25371,1229,1092
25372,1229,1266
25373,1229,980
25374,1229,14
25375,1229,755
25376,1229,428
25377,1229,900
25378,1229,186
25379,1229,899
25380,1229,829
25381,1229,323
25382,1229,916
25383,1229,149
25384,1229,995
25385,1229,983
25386,1229,370
25387,1229,1150
25388,1229,1173
25389,1229,342
25390,1229,419
25391,1229,107
25392,1229,1171
25393,1229,205
25394,1229,300
25395,1229,413
25396,1229,199
25397,1229,417
25398,1229,1056
25399,1229,117
25400,1229,476
25401,1229,1148
25402,1229,1065
25403,1229,1197
25404,1229,793
25405,1229,195
25406,1229,568
25407,1229,1125
25408,1229,814
25409,1229,1135
25410,1229,1045
25411,1229,272
25412,1229,273
25413,1229,1441
25414,1229,802
25415,1229,25
25416,1229,819
25417,1229,283
25418,1229,1252
25419,1229,1433
25420,1229,334
25421,1229,1034
25422,1229,1167
25423,1229,255
25424,1229,247
25425,1229,3
25426,1229,312
25427,1229,344
25428,1229,1276
25429,1229,1226
25430,1229,454
25431,1229,1243
25432,1229,1324
25433,1229,364
25434,1229,1111
25435,1229,297
25436,1229,167
25437,1229,751
25438,1229,372
25439,1229,987
25440,1229,999
25441,1229,573
25442,1229,909
25443,1229,1025
25444,1229,1383
25445,1229,1064
25446,1229,862
25447,1229,1311
25448,1229,379
25449,1229,1432
25450,1229,1446
25451,1229,1075
25452,1229,1424
25453,1229,738
25454,1229,263
25455,1229,1343
25456,1229,1417
25457,1229,1156
25458,1229,1426
25459,1229,60
25460,1229,373
25461,1229,875
25462,1229,126
25463,1229,1095
25464,1229,1379
25465,1229,842
25466,1229,1038
25467,1229,215
25468,1229,501
25469,1229,264
25470,1229,1449
25471,1229,1225
25472,1229,998
25473,1229,409
25474,1229,1301
25475,1229,662
25476,1229,867
25477,1229,1414
25478,1229,581
25479,1229,611
25480,1229,164
25481,1229,1057
25482,1229,671
25483,1229,477
25484,1229,801
25485,1229,1206
25486,1229,507
25487,1229,519
25488,1229,685
25489,1229,1031
25490,1229,699
25491,1229,660
25492,1229,231
25493,1229,583
25494,1229,102
25495,1229,605
25496,1229,1110
25497,1229,692
25498,1229,680
25499,1229,58
25500,1229,446
25501,1229,1222
25502,1229,1022
25503,1229,646
25504,1229,616
25505,1229,641
25506,1229,910
25507,1229,805
25508,1229,981
25509,1229,748
25510,1229,1351
25511,1229,918
25512,1229,733
25513,1229,933
25514,1229,1421
25515,1229,1430
25516,1229,170
25517,1229,473
25518,1229,1372
25519,1229,979
25520,1229,808
25521,1229,299
25522,1229,667
25523,1229,64
25524,1229,839
25525,1229,404
25526,1229,33
25527,1229,1235
25528,1229,652
25529,1229,26
25530,1229,609
25531,1229,1219
25532,1229,782
25533,1229,1289
25534,1229,54
25535,1229,78
25536,1229,886
25537,1229,1325
25538,1229,776
25539,1229,749
25540,1229,112
25541,1229,514
25542,1229,123
25543,1229,20
25544,1229,1362
25545,1229,1183
25546,1401,638
25547,1401,555
25548,1401,331
25549,1401,1213
25550,1401,360
25551,1401,1007
25552,1401,115
25553,1401,325
25554,1401,57
25555,1401,684
25556,1401,361
25557,1401,302
25558,1401,19
25559,1401,1454
25560,1401,919
25561,1401,1068
25562,1401,1181
25563,1401,351
25564,1401,548
25565,1401,1255
25566,1401,717
25567,1401,1091
25568,1401,1357
25569,1401,1080
25570,1401,623
25571,1401,754
25572,1401,66
25573,1401,279
25574,1401,365
25575,1401,728
25576,1401,18
25577,1401,718
25578,1401,118
25579,1401,913
25580,1401,306
25581,1401,201
25582,1401,599
25583,1401,1070
25584,1401,1344
25585,1401,435
25586,1401,1208
25587,1401,1322
25588,1401,838
25589,1401,489
25590,1401,34
25591,1401,1002
25592,1401,71
25593,1401,833
25594,1401,1450
25595,1401,1063
25596,1401,702
25597,1401,316
25598,1401,445
25599,1401,210
25600,1401,69
25601,1401,1293
25602,1401,922
25603,1401,298
25604,1401,590
25605,1401,835
25606,1401,1439
25607,1401,522
25608,1401,779
25609,1401,716
25610,1401,1402
25611,1401,197
25612,1401,509
25613,1401,95
25614,1401,1210
25615,1401,1337
25616,1401,1398
25617,1401,976
25618,1401,624
25619,1401,579
25620,1401,434
25621,1401,1358
25622,1401,661
25623,1401,157
25624,1401,864
25625,1401,254
25626,1401,1420
25627,1401,1306
25628,1401,603
25629,1401,1204
25630,1401,1198
25631,1401,327
25632,1401,1405
25633,1401,114
25634,1401,1066
25635,1401,885
25636,1401,248
25637,1401,374
25638,1401,1202
25639,1401,1257
25640,1401,1391
25641,1401,225
25642,1401,656
25643,1401,92
25644,1401,553
25645,1401,567
25646,1401,693
25647,1401,1425
25648,1401,903
25649,1401,1265
25650,1401,753
25651,1401,1188
25652,1401,6
25653,1401,232
25654,1401,602
25655,1401,311
25656,1401,663
25657,1401,70
25658,1401,1195
25659,1401,88
25660,1401,1437
25661,1401,1310
25662,1401,421
25663,1401,1435
25664,1401,958
25665,1401,597
25666,1401,859
25667,1401,512
25668,1401,642
25669,1401,478
25670,1401,277
25671,1401,1136
25672,1401,450
25673,1401,1134
25674,1401,222
25675,1401,1006
25676,1401,193
25677,1401,1361
25678,1401,1194
25679,1401,134
25680,1401,1364
25681,1401,556
25682,1401,535
25683,1401,1342
25684,1401,860
25685,1401,125
25686,1401,348
25687,1401,758
25688,1401,1334
25689,1401,850
25690,1401,396
25691,1401,265
25692,1401,598
25693,1401,588
25694,1401,709
25695,1401,46
25696,1401,767
25697,1401,5
25698,1401,549
25699,1401,1220
25700,1401,308
25701,1401,304
25702,1401,1179
25703,1401,993
25704,1401,288
25705,1401,116
25706,1401,700
25707,1401,696
25708,1401,1026
25709,1401,328
25710,1401,1151
25711,1401,1182
25712,1401,1117
25713,1401,806
25714,1401,737
25715,1401,262
25716,1401,1121
25717,1401,639
25718,1401,336
25719,1401,595
25720,1401,131
25721,1401,96
25722,1401,147
25723,1401,456
25724,1401,1400
25725,1401,345
25726,1401,81
25727,1401,790
25728,1401,356
25729,1401,148
25730,1401,68
25731,1401,1062
25732,1401,927
25733,1401,841
25734,1401,1005
25735,1401,704
25736,1401,884
25737,1401,771
25738,1401,644
25739,1401,437
25740,1401,651
25741,1401,923
25742,1401,55
25743,1401,28
25744,1401,536
25745,1401,17
25746,1401,1020
25747,1401,1071
25748,1401,392
25749,1401,486
25750,1401,1192
25751,1401,724
25752,1401,721
25753,1401,1338
25754,1401,606
25755,1401,1320
25756,1401,1369
25757,1401,968
25758,1401,698
25759,1401,338
25760,1401,183
25761,1401,367
25762,1401,997
25763,1401,970
25764,1401,2
25765,1401,1079
25766,1401,600
25767,1401,1408
25768,1401,292
25769,1401,1061
25770,1401,196
25771,1401,1331
25772,1401,483
25773,1401,363
25774,1401,774
25775,1401,711
25776,1401,165
25777,1401,1003
25778,1401,307
25779,1401,715
25780,1401,1230
25781,1401,822
25782,1401,221
25783,1401,335
25784,1401,732
25785,1401,1043
25786,1401,649
25787,1401,619
25788,1401,541
25789,1401,1032
25790,1401,880
25791,1401,260
25792,1401,582
25793,1401,15
25794,1401,384
25795,1401,1246
25796,1401,87
25797,1401,287
25798,1401,398
25799,1401,879
25800,1401,745
25801,1401,226
25802,1401,1412
25803,1401,1333
25804,1401,1273
25805,1401,1143
25806,1401,1410
25807,1401,249
25808,1401,1193
25809,1401,1149
25810,1401,1176
25811,1401,451
25812,1401,1394
25813,1401,8
25814,1401,657
25815,1401,233
25816,1401,703
25817,1401,768
25818,1401,371
25819,1401,938
25820,1401,429
25821,1401,1200
25822,1401,1380
25823,1401,1438
25824,1401,1407
25825,1401,1229
25826,1401,845
25827,1401,1290
25828,1401,1401
25829,1401,687
25830,1401,44
25831,1401,1092
25832,1401,496
25833,1401,980
25834,1401,14
25835,1401,755
25836,1401,1042
25837,1401,428
25838,1401,900
25839,1401,186
25840,1401,991
25841,1401,578
25842,1401,10
25843,1401,659
25844,1401,629
25845,1401,734
25846,1401,149
25847,1401,995
25848,1401,983
25849,1401,1054
25850,1401,1173
25851,1401,342
25852,1401,1078
25853,1401,205
25854,1401,300
25855,1401,413
25856,1401,199
25857,1401,417
25858,1401,394
25859,1401,378
25860,1401,1056
25861,1401,1159
25862,1401,188
25863,1401,117
25864,1401,476
25865,1401,1065
25866,1401,1197
25867,1401,432
25868,1401,793
25869,1401,195
25870,1401,568
25871,1401,1135
25872,1401,1045
25873,1401,272
25874,1401,163
25875,1401,447
25876,1401,273
25877,1401,1441
25878,1401,391
25879,1401,802
25880,1401,819
25881,1401,283
25882,1401,402
25883,1401,334
25884,1401,1153
25885,1401,255
25886,1401,247
25887,1401,3
25888,1401,586
25889,1401,962
25890,1401,312
25891,1401,695
25892,1401,1226
25893,1401,454
25894,1401,1243
25895,1401,133
25896,1401,955
25897,1401,1324
25898,1401,1163
25899,1401,364
25900,1401,1111
25901,1401,494
25902,1401,297
25903,1401,526
25904,1401,999
25905,1401,550
25906,1401,573
25907,1401,909
25908,1401,1064
25909,1401,1311
25910,1401,1446
25911,1401,1075
25912,1401,738
25913,1401,263
25914,1401,1343
25915,1401,1328
25916,1401,891
25917,1401,1417
25918,1401,1156
25919,1401,1426
25920,1401,60
25921,1401,373
25922,1401,821
25923,1401,126
25924,1401,1321
25925,1401,1095
25926,1401,842
25927,1401,907
25928,1401,355
25929,1401,780
25930,1401,1038
25931,1401,215
25932,1401,479
25933,1401,501
25934,1401,528
25935,1401,1030
25936,1401,264
25937,1401,1449
25938,1401,409
25939,1401,1301
25940,1401,662
25941,1401,1384
25942,1401,867
25943,1401,581
25944,1401,276
25945,1401,974
25946,1401,538
25947,1401,164
25948,1401,1292
25949,1401,1057
25950,1401,1444
25951,1401,1291
25952,1401,685
25953,1401,992
25954,1401,1053
25955,1401,1031
25956,1401,960
25957,1401,990
25958,1401,660
25959,1401,803
25960,1401,231
25961,1401,1304
25962,1401,350
25963,1401,1060
25964,1401,690
25965,1401,530
25966,1401,166
25967,1401,102
25968,1401,1144
25969,1401,605
25970,1401,1313
25971,1401,680
25972,1401,446
25973,1401,1222
25974,1401,31
25975,1401,422
25976,1401,42
25977,1401,1022
25978,1401,562
25979,1401,389
25980,1401,646
25981,1401,616
25982,1401,910
25983,1401,1268
25984,1401,978
25985,1401,981
25986,1401,748
25987,1401,1351
25988,1401,918
25989,1401,733
25990,1401,1261
25991,1401,933
25992,1401,1421
25993,1401,1430
25994,1401,170
25995,1401,473
25996,1401,1372
25997,1401,979
25998,1401,808
25999,1401,64
26000,1401,839
26001,1401,404
26002,1401,571
26003,1401,1235
26004,1401,652
26005,1401,9
26006,1401,1219
26007,1401,1289
26008,1401,54
26009,1401,658
26010,1401,78
26011,1401,1275
26012,1401,1325
26013,1401,776
26014,1401,140
26015,1401,760
26016,1401,749
26017,1401,112
26018,1401,461
26019,1401,952
26020,1401,20
26021,1401,1362
26022,1401,614
26023,1401,1183
26024,354,1074
26025,354,638
26026,354,555
26027,354,331
26028,354,1213
26029,354,1007
26030,354,115
26031,354,1272
26032,354,500
26033,354,361
26034,354,302
26035,354,1454
26036,354,919
26037,354,1068
26038,354,548
26039,354,628
26040,354,564
26041,354,717
26042,354,1091
26043,354,1080
26044,354,759
26045,354,1330
26046,354,623
26047,354,45
26048,354,1443
26049,354,66
26050,354,279
26051,354,365
26052,354,728
26053,354,18
26054,354,718
26055,354,913
26056,354,306
26057,354,201
26058,354,1211
26059,354,161
26060,354,1428
26061,354,599
26062,354,1344
26063,354,1346
26064,354,1322
26065,354,838
26066,354,153
26067,354,489
26068,354,34
26069,354,1002
26070,354,71
26071,354,551
26072,354,833
26073,354,1450
26074,354,1063
26075,354,702
26076,354,513
26077,354,445
26078,354,1242
26079,354,411
26080,354,69
26081,354,1293
26082,354,298
26083,354,590
26084,354,1347
26085,354,835
26086,354,1439
26087,354,522
26088,354,779
26089,354,716
26090,354,80
26091,354,197
26092,354,509
26093,354,679
26094,354,95
26095,354,1210
26096,354,1337
26097,354,1398
26098,354,976
26099,354,525
26100,354,604
26101,354,579
26102,354,809
26103,354,434
26104,354,794
26105,354,661
26106,354,1284
26107,354,157
26108,354,1327
26109,354,524
26110,354,254
26111,354,982
26112,354,1306
26113,354,603
26114,354,492
26115,354,1204
26116,354,1198
26117,354,327
26118,354,433
26119,354,1455
26120,354,1066
26121,354,374
26122,354,1094
26123,354,206
26124,354,250
26125,354,1202
26126,354,1257
26127,354,1391
26128,354,225
26129,354,1113
26130,354,656
26131,354,92
26132,354,553
26133,354,223
26134,354,567
26135,354,693
26136,354,1425
26137,354,903
26138,354,753
26139,354,508
26140,354,1188
26141,354,232
26142,354,602
26143,354,311
26144,354,663
26145,354,70
26146,354,314
26147,354,88
26148,354,1437
26149,354,421
26150,354,1435
26151,354,958
26152,354,761
26153,354,597
26154,354,859
26155,354,585
26156,354,575
26157,354,512
26158,354,1001
26159,354,642
26160,354,478
26161,354,1147
26162,354,277
26163,354,1136
26164,354,450
26165,354,540
26166,354,268
26167,354,1134
26168,354,1006
26169,354,1361
26170,354,134
26171,354,1364
26172,354,556
26173,354,535
26174,354,1342
26175,354,313
26176,354,125
26177,354,162
26178,354,348
26179,354,758
26180,354,1334
26181,354,850
26182,354,468
26183,354,764
26184,354,588
26185,354,709
26186,354,5
26187,354,549
26188,354,1220
26189,354,304
26190,354,926
26191,354,1077
26192,354,1179
26193,354,1138
26194,354,288
26195,354,116
26196,354,1133
26197,354,696
26198,354,1026
26199,354,328
26200,354,1151
26201,354,1182
26202,354,1117
26203,354,806
26204,354,737
26205,354,262
26206,354,1121
26207,354,639
26208,354,810
26209,354,595
26210,354,131
26211,354,96
26212,354,147
26213,354,456
26214,354,1400
26215,354,566
26216,354,345
26217,354,81
26218,354,295
26219,354,790
26220,354,1048
26221,354,558
26222,354,218
26223,354,68
26224,354,1107
26225,354,927
26226,354,841
26227,354,1005
26228,354,246
26229,354,1382
26230,354,884
26231,354,771
26232,354,644
26233,354,437
26234,354,923
26235,354,832
26236,354,672
26237,354,28
26238,354,151
26239,354,763
26240,354,17
26241,354,1071
26242,354,180
26243,354,392
26244,354,486
26245,354,89
26246,354,376
26247,354,100
26248,354,1192
26249,354,724
26250,354,721
26251,354,1093
26252,354,606
26253,354,1320
26254,354,395
26255,354,968
26256,354,698
26257,354,338
26258,354,367
26259,354,997
26260,354,970
26261,354,109
26262,354,1079
26263,354,244
26264,354,1018
26265,354,1408
26266,354,292
26267,354,1061
26268,354,366
26269,354,196
26270,354,1331
26271,354,483
26272,354,1339
26273,354,1239
26274,354,363
26275,354,521
26276,354,711
26277,354,165
26278,354,1003
26279,354,307
26280,354,1423
26281,354,715
26282,354,1230
26283,354,822
26284,354,852
26285,354,221
26286,354,732
26287,354,357
26288,354,649
26289,354,619
26290,354,1032
26291,354,880
26292,354,260
26293,354,664
26294,354,582
26295,354,15
26296,354,384
26297,354,1254
26298,354,1246
26299,354,87
26300,354,1294
26301,354,226
26302,354,1412
26303,354,1333
26304,354,145
26305,354,1273
26306,354,1143
26307,354,1410
26308,354,249
26309,354,1149
26310,354,1
26311,354,1394
26312,354,86
26313,354,657
26314,354,233
26315,354,703
26316,354,1164
26317,354,768
26318,354,371
26319,354,938
26320,354,414
26321,354,429
26322,354,1200
26323,354,1380
26324,354,1438
26325,354,1407
26326,354,1229
26327,354,465
26328,354,845
26329,354,1290
26330,354,1401
26331,354,687
26332,354,1092
26333,354,980
26334,354,14
26335,354,755
26336,354,1042
26337,354,428
26338,354,900
26339,354,829
26340,354,691
26341,354,991
26342,354,10
26343,354,659
26344,354,629
26345,354,734
26346,354,149
26347,354,983
26348,354,1013
26349,354,1173
26350,354,236
26351,354,342
26352,354,517
26353,354,1078
26354,354,413
26355,354,199
26356,354,417
26357,354,378
26358,354,1056
26359,354,650
26360,354,668
26361,354,117
26362,354,476
26363,354,499
26364,354,1148
26365,354,1065
26366,354,432
26367,354,793
26368,354,195
26369,354,568
26370,354,1135
26371,354,272
26372,354,688
26373,354,1302
26374,354,447
26375,354,273
26376,354,1441
26377,354,802
26378,354,819
26379,354,283
26380,354,402
26381,354,334
26382,354,1153
26383,354,255
26384,354,247
26385,354,1288
26386,354,962
26387,354,312
26388,354,695
26389,354,294
26390,354,1226
26391,354,454
26392,354,133
26393,354,1324
26394,354,1163
26395,354,1370
26396,354,364
26397,354,1111
26398,354,1392
26399,354,494
26400,354,297
26401,354,526
26402,354,999
26403,354,550
26404,354,573
26405,354,909
26406,354,1025
26407,354,1064
26408,354,862
26409,354,712
26410,354,1311
26411,354,1016
26412,354,1075
26413,354,263
26414,354,1328
26415,354,1417
26416,354,957
26417,354,1156
26418,354,840
26419,354,60
26420,354,373
26421,354,412
26422,354,821
26423,354,1095
26424,354,914
26425,354,907
26426,354,355
26427,354,780
26428,354,1038
26429,354,215
26430,354,479
26431,354,501
26432,354,1259
26433,354,1030
26434,354,1449
26435,354,998
26436,354,409
26437,354,1301
26438,354,662
26439,354,1384
26440,354,867
26441,354,1414
26442,354,581
26443,354,974
26444,354,538
26445,354,164
26446,354,1057
26447,354,477
26448,354,801
26449,354,1206
26450,354,1444
26451,354,519
26452,354,1253
26453,354,608
26454,354,685
26455,354,992
26456,354,190
26457,354,1027
26458,354,1053
26459,354,1031
26460,354,960
26461,354,660
26462,354,705
26463,354,1304
26464,354,350
26465,354,1060
26466,354,690
26467,354,583
26468,354,530
26469,354,102
26470,354,680
26471,354,58
26472,354,446
26473,354,1222
26474,354,31
26475,354,422
26476,354,42
26477,354,1022
26478,354,562
26479,354,389
26480,354,646
26481,354,616
26482,354,192
26483,354,910
26484,354,1268
26485,354,289
26486,354,748
26487,354,1351
26488,354,918
26489,354,933
26490,354,1421
26491,354,1430
26492,354,170
26493,354,473
26494,354,1372
26495,354,979
26496,354,808
26497,354,299
26498,354,667
26499,354,64
26500,354,404
26501,354,1235
26502,354,652
26503,354,9
26504,354,1219
26505,354,1289
26506,354,54
26507,354,78
26508,354,741
26509,354,886
26510,354,1325
26511,354,776
26512,354,749
26513,354,112
26514,354,461
26515,354,20
26516,354,872
26517,354,614
26518,354,1008
26519,354,1183
26520,691,919
26521,691,1208
26522,691,716
26523,691,396
26524,691,262
26525,691,582
26526,691,939
26527,691,957
26528,691,960
26529,691,1222
26530,236,1374
26531,236,555
26532,236,331
26533,236,1213
26534,236,347
26535,236,1007
26536,236,618
26537,236,1272
26538,236,325
26539,236,235
26540,236,504
26541,236,302
26542,236,1068
26543,236,351
26544,236,628
26545,236,420
26546,236,564
26547,236,1255
26548,236,717
26549,236,1091
26550,236,1357
26551,236,1080
26552,236,623
26553,236,1263
26554,236,1443
26555,236,728
26556,236,1116
26557,236,913
26558,236,201
26559,236,1201
26560,236,1067
26561,236,1211
26562,236,448
26563,236,1373
26564,236,161
26565,236,1428
26566,236,1344
26567,236,1208
26568,236,576
26569,236,1322
26570,236,34
26571,236,1002
26572,236,833
26573,236,702
26574,236,204
26575,236,445
26576,236,1242
26577,236,1376
26578,236,411
26579,236,1293
26580,236,274
26581,236,835
26582,236,1155
26583,236,779
26584,236,80
26585,236,1363
26586,236,1402
26587,236,1210
26588,236,1337
26589,236,1398
26590,236,1029
26591,236,637
26592,236,525
26593,236,144
26594,236,241
26595,236,1112
26596,236,1358
26597,236,1284
26598,236,254
26599,236,934
26600,236,1306
26601,236,1198
26602,236,904
26603,236,211
26604,236,719
26605,236,138
26606,236,322
26607,236,1326
26608,236,114
26609,236,433
26610,236,626
26611,236,248
26612,236,374
26613,236,206
26614,236,1202
26615,236,1391
26616,236,225
26617,236,766
26618,236,656
26619,236,301
26620,236,92
26621,236,553
26622,236,321
26623,236,455
26624,236,106
26625,236,1425
26626,236,824
26627,236,189
26628,236,508
26629,236,1297
26630,236,311
26631,236,314
26632,236,1195
26633,236,88
26634,236,1435
26635,236,761
26636,236,154
26637,236,11
26638,236,859
26639,236,697
26640,236,1162
26641,236,177
26642,236,502
26643,236,642
26644,236,478
26645,236,203
26646,236,40
26647,236,277
26648,236,1431
26649,236,1006
26650,236,1168
26651,236,134
26652,236,556
26653,236,843
26654,236,127
26655,236,1342
26656,236,313
26657,236,125
26658,236,468
26659,236,280
26660,236,729
26661,236,1024
26662,236,764
26663,236,1120
26664,236,588
26665,236,767
26666,236,1220
26667,236,713
26668,236,542
26669,236,418
26670,236,1077
26671,236,1305
26672,236,1133
26673,236,1241
26674,236,520
26675,236,1340
26676,236,275
26677,236,1083
26678,236,393
26679,236,1121
26680,236,788
26681,236,911
26682,236,1127
26683,236,534
26684,236,639
26685,236,810
26686,236,547
26687,236,1396
26688,236,595
26689,236,147
26690,236,456
26691,236,989
26692,236,566
26693,236,345
26694,236,940
26695,236,81
26696,236,1187
26697,236,790
26698,236,356
26699,236,67
26700,236,1131
26701,236,1107
26702,236,841
26703,236,861
26704,236,1005
26705,236,1207
26706,236,1382
26707,236,617
26708,236,884
26709,236,644
26710,236,437
26711,236,923
26712,236,1371
26713,236,28
26714,236,151
26715,236,763
26716,236,284
26717,236,1020
26718,236,848
26719,236,463
26720,236,198
26721,236,21
26722,236,61
26723,236,89
26724,236,722
26725,236,388
26726,236,100
26727,236,965
26728,236,731
26729,236,1192
26730,236,721
26731,236,1093
26732,236,296
26733,236,341
26734,236,1320
26735,236,146
26736,236,338
26737,236,367
26738,236,1269
26739,236,518
26740,236,997
26741,236,109
26742,236,600
26743,236,601
26744,236,243
26745,236,244
26746,236,851
26747,236,1408
26748,236,1154
26749,236,906
26750,236,1239
26751,236,182
26752,236,363
26753,236,521
26754,236,711
26755,236,1003
26756,236,137
26757,236,307
26758,236,290
26759,236,1423
26760,236,715
26761,236,1230
26762,236,469
26763,236,822
26764,236,732
26765,236,452
26766,236,785
26767,236,74
26768,236,1101
26769,236,357
26770,236,649
26771,236,986
26772,236,460
26773,236,1115
26774,236,582
26775,236,15
26776,236,1442
26777,236,1254
26778,236,415
26779,236,398
26780,236,245
26781,236,1294
26782,236,1105
26783,236,745
26784,236,226
26785,236,145
26786,236,24
26787,236,1040
26788,236,1149
26789,236,1
26790,236,1394
26791,236,1082
26792,236,208
26793,236,330
26794,236,545
26795,236,1164
26796,236,768
26797,236,371
26798,236,1380
26799,236,1438
26800,236,1019
26801,236,230
26802,236,1407
26803,236,797
26804,236,465
26805,236,281
26806,236,1000
26807,236,687
26808,236,496
26809,236,354
26810,236,1042
26811,236,900
26812,236,899
26813,236,691
26814,236,991
26815,236,895
26816,236,740
26817,236,629
26818,236,734
26819,236,149
26820,236,995
26821,236,983
26822,236,1013
26823,236,831
26824,236,1041
26825,236,648
26826,236,640
26827,236,1050
26828,236,413
26829,236,417
26830,236,378
26831,236,1159
26832,236,188
26833,236,668
26834,236,117
26835,236,305
26836,236,499
26837,236,676
26838,236,482
26839,236,1197
26840,236,432
26841,236,251
26842,236,793
26843,236,195
26844,236,1125
26845,236,814
26846,236,1045
26847,236,272
26848,236,543
26849,236,343
26850,236,273
26851,236,1441
26852,236,552
26853,236,1090
26854,236,76
26855,236,819
26856,236,283
26857,236,1177
26858,236,402
26859,236,1252
26860,236,1052
26861,236,1153
26862,236,969
26863,236,255
26864,236,247
26865,236,1314
26866,236,962
26867,236,344
26868,236,294
26869,236,1226
26870,236,400
26871,236,1324
26872,236,364
26873,236,1111
26874,236,892
26875,236,98
26876,236,494
26877,236,12
26878,236,786
26879,236,1175
26880,236,712
26881,236,1311
26882,236,379
26883,236,340
26884,236,1075
26885,236,1190
26886,236,1424
26887,236,738
26888,236,263
26889,236,175
26890,236,875
26891,236,412
26892,236,1095
26893,236,914
26894,236,907
26895,236,355
26896,236,780
26897,236,1038
26898,236,172
26899,236,873
26900,236,501
26901,236,1259
26902,236,1030
26903,236,75
26904,236,998
26905,236,662
26906,236,867
26907,236,150
26908,236,1414
26909,236,581
26910,236,1232
26911,236,611
26912,236,538
26913,236,1248
26914,236,655
26915,236,1329
26916,236,801
26917,236,93
26918,236,592
26919,236,1444
26920,236,515
26921,236,519
26922,236,992
26923,236,1086
26924,236,1053
26925,236,1031
26926,236,960
26927,236,868
26928,236,803
26929,236,883
26930,236,1060
26931,236,762
26932,236,166
26933,236,605
26934,236,1313
26935,236,1110
26936,236,943
26937,236,13
26938,236,110
26939,236,1222
26940,236,422
26941,236,1022
26942,236,319
26943,236,389
26944,236,641
26945,236,910
26946,236,1268
26947,236,978
26948,236,805
26949,236,1351
26950,236,1430
26951,236,49
26952,236,64
26953,236,1413
26954,236,124
26955,236,26
26956,236,782
26957,236,1289
26958,236,1275
26959,236,749
26960,236,461
26961,236,952
26962,236,1183
26963,342,555
26964,342,360
26965,342,1272
26966,342,1454
26967,342,919
26968,342,332
26969,342,717
26970,342,45
26971,342,279
26972,342,365
26973,342,728
26974,342,913
26975,342,201
26976,342,1211
26977,342,1344
26978,342,1208
26979,342,1322
26980,342,219
26981,342,1352
26982,342,833
26983,342,411
26984,342,229
26985,342,590
26986,342,1347
26987,342,835
26988,342,716
26989,342,80
26990,342,95
26991,342,1210
26992,342,976
26993,342,809
26994,342,434
26995,342,864
26996,342,1306
26997,342,1204
26998,342,327
26999,342,1405
27000,342,812
27001,342,374
27002,342,1257
27003,342,92
27004,342,693
27005,342,847
27006,342,824
27007,342,1076
27008,342,6
27009,342,963
27010,342,527
27011,342,88
27012,342,1310
27013,342,421
27014,342,1435
27015,342,958
27016,342,859
27017,342,1001
27018,342,478
27019,342,277
27020,342,320
27021,342,544
27022,342,1342
27023,342,860
27024,342,1334
27025,342,817
27026,342,850
27027,342,396
27028,342,1047
27029,342,1220
27030,342,304
27031,342,1179
27032,342,700
27033,342,328
27034,342,1151
27035,342,806
27036,342,565
27037,342,595
27038,342,96
27039,342,456
27040,342,558
27041,342,218
27042,342,67
27043,342,1207
27044,342,884
27045,342,644
27046,342,437
27047,342,832
27048,342,388
27049,342,965
27050,342,1093
27051,342,296
27052,342,606
27053,342,1320
27054,342,216
27055,342,968
27056,342,997
27057,342,1018
27058,342,1408
27059,342,292
27060,342,1061
27061,342,196
27062,342,711
27063,342,1230
27064,342,822
27065,342,357
27066,342,619
27067,342,1032
27068,342,664
27069,342,1415
27070,342,879
27071,342,1333
27072,342,1028
27073,342,654
27074,342,233
27075,342,768
27076,342,938
27077,342,1229
27078,342,845
27079,342,687
27080,342,44
27081,342,1042
27082,342,900
27083,342,691
27084,342,149
27085,342,939
27086,342,1173
27087,342,1041
27088,342,205
27089,342,300
27090,342,199
27091,342,417
27092,342,1056
27093,342,650
27094,342,668
27095,342,117
27096,342,1148
27097,342,1058
27098,342,568
27099,342,1045
27100,342,688
27101,342,1302
27102,342,447
27103,342,802
27104,342,819
27105,342,283
27106,342,962
27107,342,1324
27108,342,1392
27109,342,494
27110,342,751
27111,342,1025
27112,342,1432
27113,342,1343
27114,342,1328
27115,342,1417
27116,342,60
27117,342,1321
27118,342,842
27119,342,172
27120,342,1225
27121,342,662
27122,342,581
27123,342,1253
27124,342,190
27125,342,1031
27126,342,960
27127,342,660
27128,342,231
27129,342,1304
27130,342,1060
27131,342,530
27132,342,166
27133,342,102
27134,342,634
27135,342,680
27136,342,446
27137,342,1222
27138,342,31
27139,342,422
27140,342,646
27141,342,981
27142,342,733
27143,342,1430
27144,342,170
27145,342,979
27146,342,404
27147,342,33
27148,342,1235
27149,342,652
27150,342,1219
27151,342,78
27152,342,776
27153,342,1183
27154,674,1074
27155,674,638
27156,674,555
27157,674,331
27158,674,726
27159,674,1213
27160,674,1007
27161,674,361
27162,674,19
27163,674,1454
27164,674,919
27165,674,1068
27166,674,1181
27167,674,548
27168,674,1270
27169,674,564
27170,674,1280
27171,674,1255
27172,674,717
27173,674,925
27174,674,1080
27175,674,623
27176,674,66
27177,674,365
27178,674,728
27179,674,18
27180,674,718
27181,674,913
27182,674,1428
27183,674,599
27184,674,1344
27185,674,576
27186,674,1130
27187,674,1322
27188,674,73
27189,674,838
27190,674,1169
27191,674,489
27192,674,1352
27193,674,34
27194,674,833
27195,674,1063
27196,674,702
27197,674,316
27198,674,445
27199,674,210
27200,674,411
27201,674,1293
27202,674,229
27203,674,922
27204,674,590
27205,674,1439
27206,674,383
27207,674,1210
27208,674,1398
27209,674,1029
27210,674,976
27211,674,525
27212,674,144
27213,674,579
27214,674,809
27215,674,1358
27216,674,794
27217,674,661
27218,674,254
27219,674,603
27220,674,327
27221,674,1405
27222,674,433
27223,674,1066
27224,674,885
27225,674,626
27226,674,374
27227,674,206
27228,674,250
27229,674,1202
27230,674,1257
27231,674,1391
27232,674,1113
27233,674,656
27234,674,553
27235,674,567
27236,674,693
27237,674,824
27238,674,1250
27239,674,903
27240,674,508
27241,674,232
27242,674,311
27243,674,663
27244,674,1437
27245,674,1310
27246,674,958
27247,674,859
27248,674,502
27249,674,642
27250,674,478
27251,674,40
27252,674,1147
27253,674,277
27254,674,320
27255,674,450
27256,674,505
27257,674,540
27258,674,1134
27259,674,988
27260,674,1361
27261,674,544
27262,674,1194
27263,674,134
27264,674,556
27265,674,1161
27266,674,535
27267,674,127
27268,674,1342
27269,674,860
27270,674,125
27271,674,162
27272,674,348
27273,674,665
27274,674,1334
27275,674,468
27276,674,396
27277,674,729
27278,674,1024
27279,674,1120
27280,674,588
27281,674,709
27282,674,46
27283,674,5
27284,674,1220
27285,674,1077
27286,674,1179
27287,674,993
27288,674,288
27289,674,700
27290,674,1026
27291,674,1151
27292,674,1117
27293,674,262
27294,674,1121
27295,674,1349
27296,674,639
27297,674,547
27298,674,131
27299,674,147
27300,674,456
27301,674,1400
27302,674,566
27303,674,81
27304,674,1048
27305,674,218
27306,674,841
27307,674,1005
27308,674,617
27309,674,884
27310,674,771
27311,674,437
27312,674,651
27313,674,923
27314,674,832
27315,674,55
27316,674,1106
27317,674,1020
27318,674,463
27319,674,1071
27320,674,486
27321,674,376
27322,674,100
27323,674,724
27324,674,101
27325,674,1338
27326,674,341
27327,674,1320
27328,674,1369
27329,674,968
27330,674,698
27331,674,338
27332,674,1269
27333,674,997
27334,674,970
27335,674,600
27336,674,1408
27337,674,1154
27338,674,292
27339,674,1061
27340,674,196
27341,674,1331
27342,674,483
27343,674,363
27344,674,521
27345,674,1003
27346,674,307
27347,674,359
27348,674,1230
27349,674,221
27350,674,732
27351,674,613
27352,674,649
27353,674,619
27354,674,1032
27355,674,260
27356,674,582
27357,674,384
27358,674,1254
27359,674,1246
27360,674,287
27361,674,879
27362,674,1132
27363,674,745
27364,674,226
27365,674,1333
27366,674,1040
27367,674,1273
27368,674,1410
27369,674,654
27370,674,1217
27371,674,856
27372,674,1176
27373,674,451
27374,674,1394
27375,674,1170
27376,674,208
27377,674,657
27378,674,233
27379,674,484
27380,674,703
27381,674,1164
27382,674,768
27383,674,371
27384,674,938
27385,674,1200
27386,674,1380
27387,674,1438
27388,674,1407
27389,674,1229
27390,674,281
27391,674,44
27392,674,1092
27393,674,755
27394,674,1042
27395,674,900
27396,674,991
27397,674,578
27398,674,629
27399,674,734
27400,674,1054
27401,674,939
27402,674,342
27403,674,419
27404,674,1050
27405,674,1078
27406,674,205
27407,674,300
27408,674,413
27409,674,199
27410,674,417
27411,674,1056
27412,674,1159
27413,674,1197
27414,674,793
27415,674,568
27416,674,1045
27417,674,272
27418,674,688
27419,674,447
27420,674,1441
27421,674,802
27422,674,819
27423,674,283
27424,674,334
27425,674,1153
27426,674,247
27427,674,1314
27428,674,962
27429,674,695
27430,674,1226
27431,674,1243
27432,674,537
27433,674,1324
27434,674,1163
27435,674,364
27436,674,1111
27437,674,390
27438,674,526
27439,674,550
27440,674,573
27441,674,909
27442,674,1025
27443,674,1383
27444,674,1064
27445,674,1311
27446,674,1432
27447,674,340
27448,674,738
27449,674,263
27450,674,891
27451,674,1417
27452,674,1089
27453,674,1156
27454,674,840
27455,674,1426
27456,674,60
27457,674,373
27458,674,678
27459,674,875
27460,674,1141
27461,674,842
27462,674,355
27463,674,780
27464,674,479
27465,674,501
27466,674,1259
27467,674,1030
27468,674,264
27469,674,1449
27470,674,1225
27471,674,1301
27472,674,662
27473,674,1384
27474,674,867
27475,674,1414
27476,674,974
27477,674,538
27478,674,164
27479,674,1292
27480,674,1057
27481,674,671
27482,674,1444
27483,674,1291
27484,674,685
27485,674,992
27486,674,190
27487,674,1053
27488,674,1031
27489,674,960
27490,674,990
27491,674,660
27492,674,803
27493,674,231
27494,674,1304
27495,674,883
27496,674,1060
27497,674,762
27498,674,166
27499,674,102
27500,674,605
27501,674,680
27502,674,446
27503,674,1222
27504,674,422
27505,674,42
27506,674,1022
27507,674,1268
27508,674,981
27509,674,289
27510,674,748
27511,674,918
27512,674,933
27513,674,1421
27514,674,1430
27515,674,170
27516,674,49
27517,674,473
27518,674,1372
27519,674,979
27520,674,808
27521,674,667
27522,674,64
27523,674,404
27524,674,33
27525,674,1235
27526,674,652
27527,674,9
27528,674,1219
27529,674,54
27530,674,78
27531,674,140
27532,674,749
27533,674,112
27534,674,20
27535,674,346
27536,674,621
27537,674,614
27538,674,1183
27539,205,698
27540,205,1449
27541,205,1222
27542,413,850
27543,413,810
27544,413,1192
27545,413,354
27546,413,1226
27547,413,1222
27548,417,1213
27549,417,1454
27550,417,1068
27551,417,564
27552,417,1080
27553,417,759
27554,417,623
27555,417,66
27556,417,365
27557,417,18
27558,417,913
27559,417,599
27560,417,1208
27561,417,1130
27562,417,153
27563,417,1352
27564,417,833
27565,417,1063
27566,417,316
27567,417,210
27568,417,522
27569,417,809
27570,417,254
27571,417,1420
27572,417,603
27573,417,1204
27574,417,1455
27575,417,1066
27576,417,885
27577,417,374
27578,417,206
27579,417,223
27580,417,1037
27581,417,693
27582,417,1297
27583,417,70
27584,417,1435
27585,417,958
27586,417,203
27587,417,1361
27588,417,134
27589,417,1342
27590,417,396
27591,417,791
27592,417,1120
27593,417,588
27594,417,709
27595,417,308
27596,417,304
27597,417,288
27598,417,96
27599,417,147
27600,417,456
27601,417,1312
27602,417,345
27603,417,558
27604,417,841
27605,417,771
27606,417,1192
27607,417,721
27608,417,296
27609,417,698
27610,417,338
27611,417,600
27612,417,1408
27613,417,196
27614,417,1230
27615,417,1032
27616,417,880
27617,417,664
27618,417,708
27619,417,582
27620,417,1254
27621,417,1410
27622,417,938
27623,417,1229
27624,417,1092
27625,417,496
27626,417,900
27627,417,629
27628,417,149
27629,417,947
27630,417,342
27631,417,413
27632,417,199
27633,417,195
27634,417,568
27635,417,814
27636,417,828
27637,417,1135
27638,417,25
27639,417,819
27640,417,283
27641,417,1153
27642,417,247
27643,417,962
27644,417,892
27645,417,573
27646,417,909
27647,417,1432
27648,417,263
27649,417,1343
27650,417,891
27651,417,1417
27652,417,373
27653,417,821
27654,417,1141
27655,417,780
27656,417,501
27657,417,1057
27658,417,1444
27659,417,685
27660,417,960
27661,417,660
27662,417,1060
27663,417,530
27664,417,605
27665,417,1110
27666,417,680
27667,417,110
27668,417,446
27669,417,1222
27670,417,422
27671,417,1022
27672,417,910
27673,417,981
27674,417,748
27675,417,1351
27676,417,1430
27677,417,1372
27678,417,64
27679,417,839
27680,417,404
27681,417,652
27682,417,1219
27683,417,1183
27684,378,638
27685,378,726
27686,378,1191
27687,378,796
27688,378,115
27689,378,684
27690,378,1454
27691,378,717
27692,378,759
27693,378,66
27694,378,728
27695,378,913
27696,378,201
27697,378,1428
27698,378,599
27699,378,435
27700,378,1208
27701,378,838
27702,378,153
27703,378,1352
27704,378,833
27705,378,445
27706,378,1242
27707,378,210
27708,378,590
27709,378,1439
27710,378,1155
27711,378,779
27712,378,1210
27713,378,1398
27714,378,976
27715,378,1358
27716,378,661
27717,378,1284
27718,378,157
27719,378,254
27720,378,1306
27721,378,1204
27722,378,327
27723,378,374
27724,378,92
27725,378,567
27726,378,693
27727,378,1425
27728,378,508
27729,378,1188
27730,378,1310
27731,378,421
27732,378,958
27733,378,1136
27734,378,1194
27735,378,134
27736,378,162
27737,378,1334
27738,378,817
27739,378,850
27740,378,783
27741,378,1120
27742,378,588
27743,378,709
27744,378,1126
27745,378,1179
27746,378,1151
27747,378,131
27748,378,96
27749,378,147
27750,378,456
27751,378,566
27752,378,558
27753,378,67
27754,378,884
27755,378,437
27756,378,202
27757,378,1071
27758,378,1192
27759,378,724
27760,378,721
27761,378,474
27762,378,606
27763,378,146
27764,378,698
27765,378,338
27766,378,367
27767,378,997
27768,378,109
27769,378,600
27770,378,196
27771,378,1331
27772,378,711
27773,378,165
27774,378,1230
27775,378,822
27776,378,335
27777,378,357
27778,378,649
27779,378,619
27780,378,541
27781,378,1032
27782,378,260
27783,378,582
27784,378,1254
27785,378,1246
27786,378,87
27787,378,287
27788,378,1368
27789,378,1193
27790,378,1394
27791,378,882
27792,378,484
27793,378,768
27794,378,371
27795,378,954
27796,378,429
27797,378,1229
27798,378,1118
27799,378,496
27800,378,14
27801,378,1042
27802,378,629
27803,378,1054
27804,378,596
27805,378,939
27806,378,419
27807,378,1078
27808,378,205
27809,378,413
27810,378,199
27811,378,378
27812,378,1056
27813,378,117
27814,378,476
27815,378,1148
27816,378,676
27817,378,1197
27818,378,432
27819,378,1135
27820,378,1045
27821,378,272
27822,378,447
27823,378,391
27824,378,802
27825,378,283
27826,378,255
27827,378,3
27828,378,1314
27829,378,695
27830,378,1243
27831,378,133
27832,378,1392
27833,378,494
27834,378,297
27835,378,573
27836,378,909
27837,378,1311
27838,378,1432
27839,378,738
27840,378,263
27841,378,1343
27842,378,1417
27843,378,1156
27844,378,840
27845,378,60
27846,378,126
27847,378,1321
27848,378,1141
27849,378,914
27850,378,1038
27851,378,172
27852,378,501
27853,378,264
27854,378,662
27855,378,611
27856,378,685
27857,378,190
27858,378,1031
27859,378,960
27860,378,660
27861,378,701
27862,378,1060
27863,378,58
27864,378,446
27865,378,1222
27866,378,422
27867,378,646
27868,378,1268
27869,378,981
27870,378,748
27871,378,1261
27872,378,170
27873,378,473
27874,378,979
27875,378,64
27876,378,404
27877,378,1219
27878,378,78
27879,378,760
27880,378,749
27881,378,112
27882,378,1183
27883,1056,1074
27884,1056,638
27885,1056,1213
27886,1056,360
27887,1056,115
27888,1056,325
27889,1056,57
27890,1056,1454
27891,1056,1181
27892,1056,351
27893,1056,1280
27894,1056,717
27895,1056,1091
27896,1056,1080
27897,1056,759
27898,1056,754
27899,1056,66
27900,1056,728
27901,1056,18
27902,1056,913
27903,1056,306
27904,1056,201
27905,1056,161
27906,1056,599
27907,1056,1344
27908,1056,1208
27909,1056,1130
27910,1056,1322
27911,1056,219
27912,1056,574
27913,1056,838
27914,1056,153
27915,1056,551
27916,1056,1063
27917,1056,702
27918,1056,316
27919,1056,445
27920,1056,1242
27921,1056,590
27922,1056,1347
27923,1056,410
27924,1056,1363
27925,1056,679
27926,1056,1337
27927,1056,1398
27928,1056,624
27929,1056,579
27930,1056,1358
27931,1056,157
27932,1056,864
27933,1056,1404
27934,1056,254
27935,1056,982
27936,1056,1204
27937,1056,327
27938,1056,1405
27939,1056,1066
27940,1056,885
27941,1056,374
27942,1056,250
27943,1056,1257
27944,1056,766
27945,1056,1145
27946,1056,223
27947,1056,567
27948,1056,693
27949,1056,1425
27950,1056,753
27951,1056,508
27952,1056,1188
27953,1056,602
27954,1056,311
27955,1056,663
27956,1056,1195
27957,1056,421
27958,1056,958
27959,1056,761
27960,1056,585
27961,1056,512
27962,1056,642
27963,1056,203
27964,1056,63
27965,1056,450
27966,1056,268
27967,1056,1361
27968,1056,1194
27969,1056,134
27970,1056,1364
27971,1056,539
27972,1056,535
27973,1056,1342
27974,1056,162
27975,1056,850
27976,1056,783
27977,1056,1120
27978,1056,588
27979,1056,709
27980,1056,308
27981,1056,304
27982,1056,1126
27983,1056,1077
27984,1056,82
27985,1056,1179
27986,1056,1138
27987,1056,116
27988,1056,1151
27989,1056,806
27990,1056,737
27991,1056,565
27992,1056,262
27993,1056,810
27994,1056,554
27995,1056,1099
27996,1056,317
27997,1056,595
27998,1056,96
27999,1056,147
28000,1056,456
28001,1056,1400
28002,1056,345
28003,1056,81
28004,1056,790
28005,1056,1048
28006,1056,218
28007,1056,967
28008,1056,67
28009,1056,68
28010,1056,927
28011,1056,884
28012,1056,437
28013,1056,923
28014,1056,55
28015,1056,77
28016,1056,257
28017,1056,1106
28018,1056,1071
28019,1056,392
28020,1056,486
28021,1056,1345
28022,1056,388
28023,1056,1192
28024,1056,353
28025,1056,724
28026,1056,1093
28027,1056,606
28028,1056,1320
28029,1056,395
28030,1056,1369
28031,1056,968
28032,1056,956
28033,1056,698
28034,1056,338
28035,1056,367
28036,1056,997
28037,1056,970
28038,1056,109
28039,1056,1079
28040,1056,1408
28041,1056,1154
28042,1056,366
28043,1056,196
28044,1056,1331
28045,1056,1339
28046,1056,363
28047,1056,165
28048,1056,307
28049,1056,1230
28050,1056,822
28051,1056,335
28052,1056,452
28053,1056,1043
28054,1056,357
28055,1056,649
28056,1056,619
28057,1056,1032
28058,1056,260
28059,1056,1115
28060,1056,664
28061,1056,582
28062,1056,384
28063,1056,1254
28064,1056,287
28065,1056,879
28066,1056,245
28067,1056,226
28068,1056,1333
28069,1056,385
28070,1056,1410
28071,1056,249
28072,1056,654
28073,1056,1394
28074,1056,208
28075,1056,703
28076,1056,1142
28077,1056,768
28078,1056,954
28079,1056,938
28080,1056,1200
28081,1056,1447
28082,1056,1438
28083,1056,1407
28084,1056,845
28085,1056,687
28086,1056,1092
28087,1056,496
28088,1056,462
28089,1056,980
28090,1056,428
28091,1056,186
28092,1056,899
28093,1056,578
28094,1056,659
28095,1056,323
28096,1056,629
28097,1056,149
28098,1056,939
28099,1056,1013
28100,1056,1173
28101,1056,236
28102,1056,1078
28103,1056,205
28104,1056,413
28105,1056,417
28106,1056,378
28107,1056,1056
28108,1056,650
28109,1056,668
28110,1056,117
28111,1056,1148
28112,1056,676
28113,1056,1065
28114,1056,1197
28115,1056,432
28116,1056,568
28117,1056,1135
28118,1056,1045
28119,1056,272
28120,1056,163
28121,1056,491
28122,1056,273
28123,1056,802
28124,1056,819
28125,1056,283
28126,1056,334
28127,1056,3
28128,1056,586
28129,1056,962
28130,1056,695
28131,1056,294
28132,1056,1226
28133,1056,1243
28134,1056,1370
28135,1056,364
28136,1056,526
28137,1056,573
28138,1056,909
28139,1056,1025
28140,1056,1311
28141,1056,1446
28142,1056,1075
28143,1056,263
28144,1056,1343
28145,1056,1328
28146,1056,1417
28147,1056,840
28148,1056,60
28149,1056,126
28150,1056,1141
28151,1056,914
28152,1056,355
28153,1056,780
28154,1056,1038
28155,1056,215
28156,1056,528
28157,1056,264
28158,1056,1449
28159,1056,1225
28160,1056,409
28161,1056,377
28162,1056,1301
28163,1056,662
28164,1056,867
28165,1056,581
28166,1056,538
28167,1056,164
28168,1056,1057
28169,1056,155
28170,1056,1206
28171,1056,1253
28172,1056,1291
28173,1056,685
28174,1056,1027
28175,1056,1031
28176,1056,960
28177,1056,660
28178,1056,883
28179,1056,1060
28180,1056,762
28181,1056,102
28182,1056,605
28183,1056,984
28184,1056,1110
28185,1056,680
28186,1056,446
28187,1056,1222
28188,1056,31
28189,1056,422
28190,1056,1022
28191,1056,562
28192,1056,646
28193,1056,1268
28194,1056,171
28195,1056,1351
28196,1056,918
28197,1056,733
28198,1056,933
28199,1056,1421
28200,1056,170
28201,1056,473
28202,1056,1372
28203,1056,979
28204,1056,808
28205,1056,667
28206,1056,64
28207,1056,404
28208,1056,1235
28209,1056,652
28210,1056,1219
28211,1056,886
28212,1056,760
28213,1056,749
28214,1056,112
28215,1056,1362
28216,1056,872
28217,1056,1183
28218,650,638
28219,650,931
28220,650,331
28221,650,449
28222,650,1213
28223,650,360
28224,650,115
28225,650,401
28226,650,325
28227,650,500
28228,650,1454
28229,650,919
28230,650,1068
28231,650,1181
28232,650,351
28233,650,564
28234,650,1280
28235,650,717
28236,650,1091
28237,650,136
28238,650,1080
28239,650,759
28240,650,739
28241,650,45
28242,650,754
28243,650,66
28244,650,365
28245,650,728
28246,650,18
28247,650,752
28248,650,438
28249,650,913
28250,650,306
28251,650,201
28252,650,352
28253,650,1211
28254,650,448
28255,650,161
28256,650,358
28257,650,599
28258,650,1344
28259,650,1208
28260,650,1130
28261,650,1322
28262,650,219
28263,650,73
28264,650,877
28265,650,574
28266,650,838
28267,650,153
28268,650,1352
28269,650,1002
28270,650,71
28271,650,551
28272,650,1450
28273,650,1063
28274,650,702
28275,650,316
28276,650,445
28277,650,1242
28278,650,210
28279,650,411
28280,650,475
28281,650,1293
28282,650,1081
28283,650,1258
28284,650,922
28285,650,590
28286,650,1439
28287,650,410
28288,650,627
28289,650,1155
28290,650,716
28291,650,80
28292,650,1363
28293,650,1402
28294,650,679
28295,650,95
28296,650,1210
28297,650,1398
28298,650,637
28299,650,976
28300,650,525
28301,650,624
28302,650,1358
28303,650,661
28304,650,157
28305,650,864
28306,650,254
28307,650,982
28308,650,1306
28309,650,603
28310,650,1204
28311,650,327
28312,650,1405
28313,650,1066
28314,650,812
28315,650,885
28316,650,374
28317,650,730
28318,650,250
28319,650,1202
28320,650,1257
28321,650,766
28322,650,1145
28323,650,656
28324,650,92
28325,650,553
28326,650,567
28327,650,693
28328,650,1425
28329,650,824
28330,650,682
28331,650,79
28332,650,753
28333,650,1188
28334,650,6
28335,650,1297
28336,650,232
28337,650,602
28338,650,311
28339,650,408
28340,650,663
28341,650,70
28342,650,314
28343,650,1286
28344,650,961
28345,650,1195
28346,650,88
28347,650,1437
28348,650,1310
28349,650,421
28350,650,958
28351,650,761
28352,650,859
28353,650,585
28354,650,512
28355,650,502
28356,650,642
28357,650,203
28358,650,120
28359,650,277
28360,650,1136
28361,650,320
28362,650,63
28363,650,337
28364,650,540
28365,650,1134
28366,650,431
28367,650,1361
28368,650,1194
28369,650,134
28370,650,1364
28371,650,535
28372,650,127
28373,650,1342
28374,650,860
28375,650,162
28376,650,348
28377,650,665
28378,650,1334
28379,650,850
28380,650,1120
28381,650,588
28382,650,709
28383,650,5
28384,650,1220
28385,650,932
28386,650,282
28387,650,308
28388,650,304
28389,650,1077
28390,650,82
28391,650,1179
28392,650,993
28393,650,1138
28394,650,288
28395,650,116
28396,650,1133
28397,650,700
28398,650,696
28399,650,1151
28400,650,275
28401,650,806
28402,650,1422
28403,650,737
28404,650,985
28405,650,565
28406,650,810
28407,650,554
28408,650,317
28409,650,595
28410,650,131
28411,650,96
28412,650,147
28413,650,456
28414,650,1400
28415,650,566
28416,650,345
28417,650,81
28418,650,790
28419,650,1048
28420,650,356
28421,650,67
28422,650,927
28423,650,1005
28424,650,884
28425,650,771
28426,650,644
28427,650,437
28428,650,651
28429,650,923
28430,650,202
28431,650,672
28432,650,55
28433,650,1106
28434,650,17
28435,650,848
28436,650,463
28437,650,1071
28438,650,486
28439,650,1345
28440,650,376
28441,650,388
28442,650,100
28443,650,1192
28444,650,724
28445,650,721
28446,650,1093
28447,650,296
28448,650,1338
28449,650,1203
28450,650,606
28451,650,1320
28452,650,216
28453,650,395
28454,650,1369
28455,650,968
28456,650,956
28457,650,698
28458,650,338
28459,650,367
28460,650,997
28461,650,488
28462,650,109
28463,650,1079
28464,650,600
28465,650,1018
28466,650,1408
28467,650,1154
28468,650,292
28469,650,1061
28470,650,366
28471,650,196
28472,650,1331
28473,650,483
28474,650,1339
28475,650,1239
28476,650,363
28477,650,711
28478,650,165
28479,650,307
28480,650,715
28481,650,1230
28482,650,822
28483,650,221
28484,650,335
28485,650,452
28486,650,1043
28487,650,357
28488,650,649
28489,650,619
28490,650,1032
28491,650,260
28492,650,1115
28493,650,664
28494,650,708
28495,650,582
28496,650,1415
28497,650,1246
28498,650,87
28499,650,879
28500,650,245
28501,650,1294
28502,650,1436
28503,650,226
28504,650,1368
28505,650,1333
28506,650,1273
28507,650,1410
28508,650,1028
28509,650,654
28510,650,1217
28511,650,856
28512,650,1394
28513,650,208
28514,650,882
28515,650,86
28516,650,777
28517,650,233
28518,650,484
28519,650,703
28520,650,1164
28521,650,768
28522,650,954
28523,650,938
28524,650,429
28525,650,1200
28526,650,1447
28527,650,1438
28528,650,1407
28529,650,1229
28530,650,1000
28531,650,1223
28532,650,845
28533,650,1118
28534,650,1290
28535,650,687
28536,650,44
28537,650,1092
28538,650,496
28539,650,980
28540,650,755
28541,650,428
28542,650,900
28543,650,186
28544,650,899
28545,650,691
28546,650,991
28547,650,773
28548,650,659
28549,650,323
28550,650,629
28551,650,734
28552,650,149
28553,650,983
28554,650,594
28555,650,1054
28556,650,939
28557,650,1013
28558,650,1173
28559,650,342
28560,650,419
28561,650,1078
28562,650,205
28563,650,1014
28564,650,413
28565,650,199
28566,650,417
28567,650,394
28568,650,378
28569,650,1056
28570,650,650
28571,650,117
28572,650,405
28573,650,1148
28574,650,676
28575,650,1058
28576,650,1065
28577,650,1197
28578,650,793
28579,650,195
28580,650,568
28581,650,1135
28582,650,1045
28583,650,272
28584,650,688
28585,650,1302
28586,650,163
28587,650,447
28588,650,273
28589,650,1441
28590,650,802
28591,650,819
28592,650,283
28593,650,1252
28594,650,334
28595,650,1153
28596,650,247
28597,650,3
28598,650,586
28599,650,962
28600,650,1307
28601,650,312
28602,650,695
28603,650,294
28604,650,1226
28605,650,1243
28606,650,133
28607,650,955
28608,650,1324
28609,650,1163
28610,650,1370
28611,650,364
28612,650,1111
28613,650,494
28614,650,297
28615,650,920
28616,650,526
28617,650,573
28618,650,909
28619,650,1025
28620,650,1383
28621,650,712
28622,650,1311
28623,650,533
28624,650,379
28625,650,1411
28626,650,1446
28627,650,1075
28628,650,738
28629,650,263
28630,650,1343
28631,650,1328
28632,650,1417
28633,650,175
28634,650,840
28635,650,645
28636,650,60
28637,650,373
28638,650,821
28639,650,126
28640,650,914
28641,650,842
28642,650,355
28643,650,780
28644,650,1038
28645,650,215
28646,650,836
28647,650,501
28648,650,528
28649,650,264
28650,650,1449
28651,650,75
28652,650,409
28653,650,377
28654,650,1301
28655,650,662
28656,650,867
28657,650,1414
28658,650,581
28659,650,538
28660,650,164
28661,650,1303
28662,650,1292
28663,650,1057
28664,650,155
28665,650,1444
28666,650,1253
28667,650,608
28668,650,1291
28669,650,685
28670,650,190
28671,650,1027
28672,650,1031
28673,650,699
28674,650,960
28675,650,990
28676,650,660
28677,650,803
28678,650,231
28679,650,1304
28680,650,701
28681,650,1060
28682,650,762
28683,650,166
28684,650,102
28685,650,605
28686,650,1110
28687,650,634
28688,650,680
28689,650,110
28690,650,58
28691,650,446
28692,650,1222
28693,650,1452
28694,650,31
28695,650,422
28696,650,42
28697,650,1022
28698,650,389
28699,650,646
28700,650,616
28701,650,1268
28702,650,978
28703,650,981
28704,650,289
28705,650,748
28706,650,424
28707,650,1351
28708,650,918
28709,650,733
28710,650,933
28711,650,1421
28712,650,1430
28713,650,170
28714,650,473
28715,650,1372
28716,650,979
28717,650,808
28718,650,299
28719,650,667
28720,650,64
28721,650,839
28722,650,404
28723,650,815
28724,650,33
28725,650,1235
28726,650,948
28727,650,652
28728,650,9
28729,650,1219
28730,650,54
28731,650,78
28732,650,1275
28733,650,886
28734,650,1325
28735,650,776
28736,650,140
28737,650,760
28738,650,749
28739,650,112
28740,650,461
28741,650,20
28742,650,346
28743,650,1362
28744,650,614
28745,650,1183
28746,188,555
28747,188,726
28748,188,1213
28749,188,816
28750,188,796
28751,188,1157
28752,188,1454
28753,188,1181
28754,188,1280
28755,188,717
28756,188,1091
28757,188,66
28758,188,728
28759,188,18
28760,188,156
28761,188,448
28762,188,1428
28763,188,599
28764,188,1256
28765,188,1208
28766,188,214
28767,188,73
28768,188,369
28769,188,838
28770,188,153
28771,188,1352
28772,188,1063
28773,188,694
28774,188,702
28775,188,1238
28776,188,298
28777,188,590
28778,188,1439
28779,188,410
28780,188,779
28781,188,1319
28782,188,579
28783,188,809
28784,188,661
28785,188,1284
28786,188,254
28787,188,849
28788,188,327
28789,188,830
28790,188,62
28791,188,1405
28792,188,1066
28793,188,626
28794,188,248
28795,188,1257
28796,188,223
28797,188,567
28798,188,693
28799,188,189
28800,188,602
28801,188,1195
28802,188,421
28803,188,1435
28804,188,958
28805,188,697
28806,188,585
28807,188,177
28808,188,266
28809,188,642
28810,188,1136
28811,188,337
28812,188,540
28813,188,268
28814,188,1397
28815,188,556
28816,188,127
28817,188,860
28818,188,758
28819,188,850
28820,188,1399
28821,188,1123
28822,188,588
28823,188,709
28824,188,122
28825,188,458
28826,188,308
28827,188,770
28828,188,1375
28829,188,1077
28830,188,333
28831,188,288
28832,188,271
28833,188,1305
28834,188,1133
28835,188,700
28836,188,30
28837,188,1151
28838,188,275
28839,188,737
28840,188,985
28841,188,565
28842,188,262
28843,188,96
28844,188,456
28845,188,1312
28846,188,566
28847,188,345
28848,188,558
28849,188,218
28850,188,1316
28851,188,826
28852,188,439
28853,188,1062
28854,188,927
28855,188,1005
28856,188,771
28857,188,644
28858,188,437
28859,188,37
28860,188,77
28861,188,151
28862,188,804
28863,188,50
28864,188,1106
28865,188,142
28866,188,570
28867,188,973
28868,188,1071
28869,188,392
28870,188,388
28871,188,1093
28872,188,606
28873,188,1320
28874,188,956
28875,188,698
28876,188,338
28877,188,367
28878,188,109
28879,188,1079
28880,188,1154
28881,188,292
28882,188,1061
28883,188,196
28884,188,1331
28885,188,774
28886,188,307
28887,188,194
28888,188,723
28889,188,1097
28890,188,1230
28891,188,822
28892,188,335
28893,188,785
28894,188,649
28895,188,1032
28896,188,880
28897,188,260
28898,188,582
28899,188,1415
28900,188,287
28901,188,415
28902,188,879
28903,188,176
28904,188,1393
28905,188,827
28906,188,1410
28907,188,451
28908,188,179
28909,188,882
28910,188,86
28911,188,233
28912,188,703
28913,188,1200
28914,188,1380
28915,188,1019
28916,188,1401
28917,188,689
28918,188,496
28919,188,1266
28920,188,755
28921,188,899
28922,188,773
28923,188,323
28924,188,983
28925,188,939
28926,188,342
28927,188,1078
28928,188,205
28929,188,378
28930,188,650
28931,188,1159
28932,188,188
28933,188,117
28934,188,444
28935,188,1197
28936,188,432
28937,188,1125
28938,188,828
28939,188,25
28940,188,577
28941,188,1090
28942,188,819
28943,188,1252
28944,188,247
28945,188,844
28946,188,65
28947,188,1243
28948,188,1370
28949,188,573
28950,188,909
28951,188,1025
28952,188,83
28953,188,1190
28954,188,890
28955,188,738
28956,188,263
28957,188,1343
28958,188,472
28959,188,891
28960,188,1417
28961,188,840
28962,188,60
28963,188,678
28964,188,1321
28965,188,1095
28966,188,842
28967,188,1449
28968,188,1301
28969,188,662
28970,188,310
28971,188,1303
28972,188,655
28973,188,592
28974,188,519
28975,188,685
28976,188,178
28977,188,190
28978,188,1027
28979,188,1451
28980,188,960
28981,188,660
28982,188,1304
28983,188,1060
28984,188,166
28985,188,102
28986,188,984
28987,188,943
28988,188,680
28989,188,110
28990,188,446
28991,188,1222
28992,188,422
28993,188,1102
28994,188,389
28995,188,646
28996,188,192
28997,188,1268
28998,188,1351
28999,188,918
29000,188,386
29001,188,1421
29002,188,170
29003,188,473
29004,188,1372
29005,188,979
29006,188,667
29007,188,64
29008,188,815
29009,188,652
29010,188,26
29011,188,78
29012,188,886
29013,188,776
29014,188,112
29015,188,20
29016,188,621
29017,188,1362
29018,188,872
29019,188,614
29020,188,1183
29021,117,638
29022,117,360
29023,117,919
29024,117,897
29025,117,717
29026,117,925
29027,117,1283
29028,117,936
29029,117,365
29030,117,913
29031,117,599
29032,117,1322
29033,117,73
29034,117,838
29035,117,153
29036,117,833
29037,117,1450
29038,117,1063
29039,117,694
29040,117,445
29041,117,411
29042,117,590
29043,117,410
29044,117,522
29045,117,1337
29046,117,976
29047,117,525
29048,117,241
29049,117,434
29050,117,794
29051,117,327
29052,117,1066
29053,117,374
29054,117,1202
29055,117,567
29056,117,693
29057,117,824
29058,117,232
29059,117,602
29060,117,421
29061,117,1435
29062,117,958
29063,117,597
29064,117,1147
29065,117,450
29066,117,540
29067,117,1431
29068,117,441
29069,117,588
29070,117,1220
29071,117,800
29072,117,1179
29073,117,1178
29074,117,1138
29075,117,700
29076,117,328
29077,117,275
29078,117,985
29079,117,1218
29080,117,865
29081,117,147
29082,117,456
29083,117,68
29084,117,1062
29085,117,644
29086,117,923
29087,117,591
29088,117,970
29089,117,1018
29090,117,196
29091,117,483
29092,117,1239
29093,117,1003
29094,117,613
29095,117,649
29096,117,541
29097,117,1032
29098,117,582
29099,117,15
29100,117,453
29101,117,1333
29102,117,24
29103,117,1143
29104,117,249
29105,117,654
29106,117,1176
29107,117,657
29108,117,484
29109,117,768
29110,117,414
29111,117,1229
29112,117,900
29113,117,1054
29114,117,117
29115,117,195
29116,117,272
29117,117,688
29118,117,1441
29119,117,76
29120,117,819
29121,117,334
29122,117,962
29123,117,695
29124,117,1243
29125,117,751
29126,117,573
29127,117,909
29128,117,1064
29129,117,1311
29130,117,1432
29131,117,1446
29132,117,263
29133,117,1417
29134,117,957
29135,117,840
29136,117,60
29137,117,501
29138,117,52
29139,117,1449
29140,117,662
29141,117,164
29142,117,1057
29143,117,477
29144,117,190
29145,117,1031
29146,117,1304
29147,117,350
29148,117,102
29149,117,680
29150,117,110
29151,117,446
29152,117,1222
29153,117,616
29154,117,641
29155,117,1268
29156,117,981
29157,117,289
29158,117,473
29159,117,839
29160,117,404
29161,117,1416
29162,117,78
29163,117,749
29164,117,461
29165,117,952
29166,1135,638
29167,1135,931
29168,1135,331
29169,1135,726
29170,1135,1213
29171,1135,360
29172,1135,347
29173,1135,1007
29174,1135,796
29175,1135,1278
29176,1135,115
29177,1135,618
29178,1135,1287
29179,1135,1272
29180,1135,325
29181,1135,57
29182,1135,684
29183,1135,500
29184,1135,361
29185,1135,302
29186,1135,19
29187,1135,1454
29188,1135,919
29189,1135,1068
29190,1135,1181
29191,1135,423
29192,1135,351
29193,1135,548
29194,1135,1270
29195,1135,420
29196,1135,564
29197,1135,897
29198,1135,1280
29199,1135,717
29200,1135,1091
29201,1135,925
29202,1135,136
29203,1135,1357
29204,1135,1080
29205,1135,759
29206,1135,228
29207,1135,589
29208,1135,1330
29209,1135,623
29210,1135,1443
29211,1135,977
29212,1135,66
29213,1135,279
29214,1135,365
29215,1135,728
29216,1135,18
29217,1135,752
29218,1135,718
29219,1135,1116
29220,1135,156
29221,1135,913
29222,1135,798
29223,1135,306
29224,1135,720
29225,1135,201
29226,1135,1201
29227,1135,972
29228,1135,1211
29229,1135,448
29230,1135,1373
29231,1135,1387
29232,1135,161
29233,1135,358
29234,1135,1428
29235,1135,599
29236,1135,1344
29237,1135,435
29238,1135,1130
29239,1135,1322
29240,1135,219
29241,1135,214
29242,1135,73
29243,1135,36
29244,1135,877
29245,1135,399
29246,1135,574
29247,1135,838
29248,1135,1169
29249,1135,489
29250,1135,34
29251,1135,1002
29252,1135,71
29253,1135,207
29254,1135,1359
29255,1135,833
29256,1135,1450
29257,1135,1063
29258,1135,702
29259,1135,204
29260,1135,888
29261,1135,445
29262,1135,1242
29263,1135,411
29264,1135,475
29265,1135,1293
29266,1135,229
29267,1135,274
29268,1135,267
29269,1135,128
29270,1135,922
29271,1135,1262
29272,1135,298
29273,1135,590
29274,1135,835
29275,1135,1009
29276,1135,1439
29277,1135,410
29278,1135,1315
29279,1135,627
29280,1135,779
29281,1135,80
29282,1135,1363
29283,1135,383
29284,1135,1402
29285,1135,197
29286,1135,509
29287,1135,679
29288,1135,95
29289,1135,1210
29290,1135,1337
29291,1135,1398
29292,1135,917
29293,1135,1029
29294,1135,976
29295,1135,525
29296,1135,604
29297,1135,241
29298,1135,1112
29299,1135,434
29300,1135,1358
29301,1135,661
29302,1135,157
29303,1135,1327
29304,1135,864
29305,1135,1404
29306,1135,254
29307,1135,1098
29308,1135,934
29309,1135,982
29310,1135,1420
29311,1135,1306
29312,1135,603
29313,1135,1204
29314,1135,849
29315,1135,1336
29316,1135,1198
29317,1135,327
29318,1135,322
29319,1135,433
29320,1135,253
29321,1135,1066
29322,1135,885
29323,1135,626
29324,1135,248
29325,1135,374
29326,1135,625
29327,1135,1094
29328,1135,206
29329,1135,250
29330,1135,1202
29331,1135,1391
29332,1135,1299
29333,1135,1145
29334,1135,656
29335,1135,92
29336,1135,553
29337,1135,223
29338,1135,1037
29339,1135,567
29340,1135,455
29341,1135,693
29342,1135,1033
29343,1135,1425
29344,1135,824
29345,1135,643
29346,1135,903
29347,1135,1265
29348,1135,753
29349,1135,508
29350,1135,1188
29351,1135,6
29352,1135,232
29353,1135,602
29354,1135,311
29355,1135,408
29356,1135,111
29357,1135,663
29358,1135,681
29359,1135,527
29360,1135,70
29361,1135,1286
29362,1135,1195
29363,1135,88
29364,1135,1437
29365,1135,1310
29366,1135,421
29367,1135,1435
29368,1135,958
29369,1135,761
29370,1135,597
29371,1135,11
29372,1135,859
29373,1135,697
29374,1135,585
29375,1135,1162
29376,1135,177
29377,1135,512
29378,1135,642
29379,1135,478
29380,1135,40
29381,1135,277
29382,1135,1136
29383,1135,320
29384,1135,63
29385,1135,29
29386,1135,450
29387,1135,540
29388,1135,1431
29389,1135,1134
29390,1135,222
29391,1135,1006
29392,1135,431
29393,1135,1361
29394,1135,544
29395,1135,134
29396,1135,1364
29397,1135,539
29398,1135,556
29399,1135,946
29400,1135,441
29401,1135,535
29402,1135,127
29403,1135,1342
29404,1135,860
29405,1135,941
29406,1135,125
29407,1135,348
29408,1135,758
29409,1135,665
29410,1135,1334
29411,1135,850
29412,1135,468
29413,1135,280
29414,1135,396
29415,1135,1186
29416,1135,265
29417,1135,729
29418,1135,1199
29419,1135,1024
29420,1135,1120
29421,1135,1298
29422,1135,598
29423,1135,588
29424,1135,709
29425,1135,1128
29426,1135,1388
29427,1135,5
29428,1135,549
29429,1135,1220
29430,1135,713
29431,1135,1377
29432,1135,282
29433,1135,304
29434,1135,593
29435,1135,926
29436,1135,1126
29437,1135,800
29438,1135,1077
29439,1135,82
29440,1135,1179
29441,1135,993
29442,1135,184
29443,1135,1138
29444,1135,901
29445,1135,288
29446,1135,1133
29447,1135,700
29448,1135,1241
29449,1135,696
29450,1135,520
29451,1135,1026
29452,1135,328
29453,1135,1151
29454,1135,1340
29455,1135,275
29456,1135,181
29457,1135,1117
29458,1135,806
29459,1135,737
29460,1135,985
29461,1135,565
29462,1135,865
29463,1135,262
29464,1135,1121
29465,1135,1046
29466,1135,1349
29467,1135,893
29468,1135,639
29469,1135,810
29470,1135,336
29471,1135,547
29472,1135,1099
29473,1135,317
29474,1135,595
29475,1135,131
29476,1135,147
29477,1135,456
29478,1135,1400
29479,1135,345
29480,1135,940
29481,1135,81
29482,1135,295
29483,1135,1187
29484,1135,790
29485,1135,1048
29486,1135,148
29487,1135,218
29488,1135,1316
29489,1135,67
29490,1135,68
29491,1135,1107
29492,1135,1062
29493,1135,927
29494,1135,841
29495,1135,1005
29496,1135,1378
29497,1135,246
29498,1135,1207
29499,1135,1382
29500,1135,617
29501,1135,771
29502,1135,53
29503,1135,644
29504,1135,437
29505,1135,923
29506,1135,37
29507,1135,55
29508,1135,28
29509,1135,151
29510,1135,536
29511,1135,763
29512,1135,1106
29513,1135,1020
29514,1135,848
29515,1135,1071
29516,1135,392
29517,1135,486
29518,1135,21
29519,1135,677
29520,1135,908
29521,1135,1345
29522,1135,529
29523,1135,376
29524,1135,388
29525,1135,100
29526,1135,731
29527,1135,1192
29528,1135,353
29529,1135,724
29530,1135,721
29531,1135,1093
29532,1135,296
29533,1135,27
29534,1135,341
29535,1135,606
29536,1135,1320
29537,1135,587
29538,1135,395
29539,1135,1369
29540,1135,971
29541,1135,968
29542,1135,956
29543,1135,698
29544,1135,338
29545,1135,183
29546,1135,367
29547,1135,1269
29548,1135,997
29549,1135,1196
29550,1135,970
29551,1135,2
29552,1135,109
29553,1135,1079
29554,1135,600
29555,1135,601
29556,1135,1018
29557,1135,1408
29558,1135,1154
29559,1135,292
29560,1135,366
29561,1135,196
29562,1135,1331
29563,1135,483
29564,1135,1339
29565,1135,1239
29566,1135,363
29567,1135,521
29568,1135,711
29569,1135,1003
29570,1135,307
29571,1135,1427
29572,1135,359
29573,1135,715
29574,1135,523
29575,1135,723
29576,1135,1097
29577,1135,1230
29578,1135,469
29579,1135,822
29580,1135,221
29581,1135,335
29582,1135,1017
29583,1135,732
29584,1135,74
29585,1135,1043
29586,1135,1103
29587,1135,357
29588,1135,649
29589,1135,619
29590,1135,541
29591,1135,94
29592,1135,1032
29593,1135,880
29594,1135,1296
29595,1135,260
29596,1135,1115
29597,1135,664
29598,1135,708
29599,1135,582
29600,1135,15
29601,1135,1415
29602,1135,1246
29603,1135,87
29604,1135,287
29605,1135,398
29606,1135,778
29607,1135,879
29608,1135,1294
29609,1135,90
29610,1135,1436
29611,1135,745
29612,1135,1412
29613,1135,1333
29614,1135,385
29615,1135,24
29616,1135,1040
29617,1135,1273
29618,1135,1410
29619,1135,1028
29620,1135,1193
29621,1135,1176
29622,1135,451
29623,1135,416
29624,1135,8
29625,1135,86
29626,1135,777
29627,1135,657
29628,1135,233
29629,1135,484
29630,1135,703
29631,1135,768
29632,1135,371
29633,1135,938
29634,1135,414
29635,1135,1200
29636,1135,1447
29637,1135,1380
29638,1135,1438
29639,1135,1407
29640,1135,1229
29641,1135,1000
29642,1135,845
29643,1135,1118
29644,1135,1290
29645,1135,1401
29646,1135,687
29647,1135,44
29648,1135,1189
29649,1135,689
29650,1135,1092
29651,1135,496
29652,1135,354
29653,1135,980
29654,1135,14
29655,1135,632
29656,1135,755
29657,1135,428
29658,1135,900
29659,1135,899
29660,1135,497
29661,1135,829
29662,1135,991
29663,1135,1247
29664,1135,578
29665,1135,563
29666,1135,10
29667,1135,659
29668,1135,629
29669,1135,734
29670,1135,220
29671,1135,149
29672,1135,995
29673,1135,983
29674,1135,1054
29675,1135,1150
29676,1135,947
29677,1135,1013
29678,1135,1173
29679,1135,236
29680,1135,342
29681,1135,1137
29682,1135,419
29683,1135,640
29684,1135,1050
29685,1135,1078
29686,1135,1014
29687,1135,413
29688,1135,199
29689,1135,417
29690,1135,394
29691,1135,378
29692,1135,1056
29693,1135,1159
29694,1135,188
29695,1135,117
29696,1135,305
29697,1135,476
29698,1135,499
29699,1135,405
29700,1135,1148
29701,1135,921
29702,1135,676
29703,1135,482
29704,1135,1065
29705,1135,1197
29706,1135,432
29707,1135,814
29708,1135,105
29709,1135,1135
29710,1135,1045
29711,1135,272
29712,1135,543
29713,1135,1302
29714,1135,163
29715,1135,447
29716,1135,273
29717,1135,99
29718,1135,391
29719,1135,802
29720,1135,855
29721,1135,577
29722,1135,819
29723,1135,283
29724,1135,863
29725,1135,402
29726,1135,1252
29727,1135,560
29728,1135,334
29729,1135,1153
29730,1135,1167
29731,1135,255
29732,1135,247
29733,1135,586
29734,1135,1314
29735,1135,962
29736,1135,844
29737,1135,312
29738,1135,695
29739,1135,294
29740,1135,1226
29741,1135,133
29742,1135,400
29743,1135,1324
29744,1135,1163
29745,1135,1370
29746,1135,364
29747,1135,1111
29748,1135,892
29749,1135,1392
29750,1135,494
29751,1135,297
29752,1135,167
29753,1135,751
29754,1135,390
29755,1135,818
29756,1135,372
29757,1135,999
29758,1135,573
29759,1135,909
29760,1135,1025
29761,1135,121
29762,1135,1064
29763,1135,862
29764,1135,1311
29765,1135,533
29766,1135,379
29767,1135,1277
29768,1135,1016
29769,1135,340
29770,1135,1446
29771,1135,1075
29772,1135,1424
29773,1135,738
29774,1135,263
29775,1135,1343
29776,1135,1328
29777,1135,891
29778,1135,1417
29779,1135,175
29780,1135,957
29781,1135,1156
29782,1135,645
29783,1135,1426
29784,1135,60
29785,1135,373
29786,1135,412
29787,1135,821
29788,1135,126
29789,1135,1095
29790,1135,1141
29791,1135,914
29792,1135,842
29793,1135,907
29794,1135,303
29795,1135,355
29796,1135,780
29797,1135,215
29798,1135,479
29799,1135,172
29800,1135,501
29801,1135,528
29802,1135,1212
29803,1135,51
29804,1135,1069
29805,1135,1030
29806,1135,382
29807,1135,264
29808,1135,1225
29809,1135,409
29810,1135,1301
29811,1135,662
29812,1135,1384
29813,1135,867
29814,1135,150
29815,1135,1414
29816,1135,581
29817,1135,813
29818,1135,974
29819,1135,611
29820,1135,538
29821,1135,164
29822,1135,1292
29823,1135,1057
29824,1135,671
29825,1135,673
29826,1135,155
29827,1135,477
29828,1135,1329
29829,1135,801
29830,1135,1206
29831,1135,93
29832,1135,1444
29833,1135,1253
29834,1135,608
29835,1135,1291
29836,1135,685
29837,1135,375
29838,1135,992
29839,1135,190
29840,1135,1027
29841,1135,1053
29842,1135,1031
29843,1135,1448
29844,1135,960
29845,1135,868
29846,1135,990
29847,1135,660
29848,1135,803
29849,1135,1300
29850,1135,231
29851,1135,1304
29852,1135,350
29853,1135,883
29854,1135,1060
29855,1135,690
29856,1135,530
29857,1135,762
29858,1135,166
29859,1135,102
29860,1135,605
29861,1135,1313
29862,1135,984
29863,1135,1110
29864,1135,943
29865,1135,634
29866,1135,680
29867,1135,110
29868,1135,58
29869,1135,446
29870,1135,1222
29871,1135,31
29872,1135,422
29873,1135,42
29874,1135,1022
29875,1135,1102
29876,1135,837
29877,1135,389
29878,1135,646
29879,1135,616
29880,1135,641
29881,1135,910
29882,1135,1268
29883,1135,981
29884,1135,289
29885,1135,748
29886,1135,1351
29887,1135,918
29888,1135,733
29889,1135,1172
29890,1135,933
29891,1135,1421
29892,1135,1430
29893,1135,170
29894,1135,473
29895,1135,1372
29896,1135,979
29897,1135,808
29898,1135,299
29899,1135,667
29900,1135,64
29901,1135,839
29902,1135,404
29903,1135,571
29904,1135,815
29905,1135,1235
29906,1135,652
29907,1135,26
29908,1135,9
29909,1135,1219
29910,1135,782
29911,1135,1289
29912,1135,54
29913,1135,78
29914,1135,741
29915,1135,1434
29916,1135,886
29917,1135,1325
29918,1135,776
29919,1135,140
29920,1135,760
29921,1135,749
29922,1135,112
29923,1135,461
29924,1135,514
29925,1135,952
29926,1135,173
29927,1135,103
29928,1135,902
29929,1135,123
29930,1135,20
29931,1135,346
29932,1135,621
29933,1135,1362
29934,1135,872
29935,1135,614
29936,1135,1008
29937,1135,1183
29938,272,1074
29939,272,387
29940,272,638
29941,272,555
29942,272,931
29943,272,331
29944,272,726
29945,272,1213
29946,272,360
29947,272,1007
29948,272,796
29949,272,1272
29950,272,325
29951,272,235
29952,272,684
29953,272,500
29954,272,361
29955,272,19
29956,272,1454
29957,272,919
29958,272,1068
29959,272,548
29960,272,362
29961,272,564
29962,272,1280
29963,272,1255
29964,272,717
29965,272,1091
29966,272,925
29967,272,136
29968,272,1080
29969,272,759
29970,272,589
29971,272,623
29972,272,45
29973,272,1443
29974,272,1283
29975,272,66
29976,272,279
29977,272,365
29978,272,728
29979,272,18
29980,272,718
29981,272,118
29982,272,913
29983,272,306
29984,272,201
29985,272,1211
29986,272,1373
29987,272,358
29988,272,1428
29989,272,599
29990,272,1344
29991,272,1208
29992,272,1346
29993,272,576
29994,272,1130
29995,272,1322
29996,272,219
29997,272,73
29998,272,877
29999,272,838
30000,272,153
30001,272,1169
30002,272,1352
30003,272,34
30004,272,71
30005,272,551
30006,272,207
30007,272,833
30008,272,1450
30009,272,1063
30010,272,694
30011,272,702
30012,272,513
30013,272,445
30014,272,210
30015,272,411
30016,272,69
30017,272,1293
30018,272,229
30019,272,869
30020,272,128
30021,272,922
30022,272,298
30023,272,590
30024,272,1347
30025,272,835
30026,272,1009
30027,272,1439
30028,272,410
30029,272,627
30030,272,1155
30031,272,224
30032,272,779
30033,272,80
30034,272,1363
30035,272,197
30036,272,509
30037,272,95
30038,272,1210
30039,272,1398
30040,272,976
30041,272,525
30042,272,624
30043,272,241
30044,272,579
30045,272,809
30046,272,434
30047,272,1358
30048,272,794
30049,272,661
30050,272,1284
30051,272,157
30052,272,1327
30053,272,212
30054,272,254
30055,272,1420
30056,272,1306
30057,272,603
30058,272,1204
30059,272,1336
30060,272,1198
30061,272,327
30062,272,114
30063,272,433
30064,272,1066
30065,272,885
30066,272,626
30067,272,248
30068,272,374
30069,272,669
30070,272,250
30071,272,1202
30072,272,1257
30073,272,1391
30074,272,225
30075,272,1113
30076,272,766
30077,272,92
30078,272,223
30079,272,1037
30080,272,567
30081,272,693
30082,272,847
30083,272,1425
30084,272,79
30085,272,903
30086,272,1265
30087,272,753
30088,272,1188
30089,272,6
30090,272,1297
30091,272,232
30092,272,602
30093,272,311
30094,272,408
30095,272,663
30096,272,963
30097,272,70
30098,272,314
30099,272,174
30100,272,1195
30101,272,88
30102,272,1437
30103,272,1310
30104,272,421
30105,272,1435
30106,272,958
30107,272,597
30108,272,859
30109,272,585
30110,272,1001
30111,272,502
30112,272,642
30113,272,478
30114,272,40
30115,272,1147
30116,272,277
30117,272,1136
30118,272,320
30119,272,63
30120,272,450
30121,272,505
30122,272,540
30123,272,1134
30124,272,222
30125,272,988
30126,272,193
30127,272,1361
30128,272,1194
30129,272,134
30130,272,556
30131,272,843
30132,272,127
30133,272,1342
30134,272,860
30135,272,313
30136,272,125
30137,272,348
30138,272,758
30139,272,665
30140,272,1334
30141,272,850
30142,272,280
30143,272,729
30144,272,783
30145,272,1120
30146,272,598
30147,272,588
30148,272,709
30149,272,46
30150,272,1128
30151,272,5
30152,272,549
30153,272,1220
30154,272,458
30155,272,304
30156,272,1077
30157,272,82
30158,272,1179
30159,272,993
30160,272,1138
30161,272,288
30162,272,1133
30163,272,700
30164,272,696
30165,272,1026
30166,272,1151
30167,272,1182
30168,272,275
30169,272,1117
30170,272,806
30171,272,737
30172,272,985
30173,272,565
30174,272,865
30175,272,262
30176,272,1121
30177,272,1046
30178,272,788
30179,272,534
30180,272,1349
30181,272,893
30182,272,639
30183,272,810
30184,272,547
30185,272,554
30186,272,317
30187,272,595
30188,272,1010
30189,272,131
30190,272,269
30191,272,147
30192,272,456
30193,272,1400
30194,272,566
30195,272,345
30196,272,81
30197,272,790
30198,272,1048
30199,272,168
30200,272,148
30201,272,967
30202,272,826
30203,272,67
30204,272,68
30205,272,1107
30206,272,1062
30207,272,927
30208,272,841
30209,272,1005
30210,272,704
30211,272,246
30212,272,617
30213,272,884
30214,272,771
30215,272,644
30216,272,437
30217,272,651
30218,272,923
30219,272,55
30220,272,28
30221,272,77
30222,272,536
30223,272,570
30224,272,1020
30225,272,463
30226,272,1071
30227,272,486
30228,272,376
30229,272,388
30230,272,100
30231,272,965
30232,272,731
30233,272,1192
30234,272,742
30235,272,724
30236,272,91
30237,272,721
30238,272,1093
30239,272,474
30240,272,1338
30241,272,606
30242,272,1320
30243,272,216
30244,272,395
30245,272,968
30246,272,956
30247,272,146
30248,272,698
30249,272,338
30250,272,367
30251,272,997
30252,272,318
30253,272,970
30254,272,109
30255,272,1079
30256,272,243
30257,272,1018
30258,272,1408
30259,272,1154
30260,272,292
30261,272,1061
30262,272,366
30263,272,196
30264,272,1331
30265,272,483
30266,272,1339
30267,272,1239
30268,272,363
30269,272,521
30270,272,165
30271,272,1003
30272,272,307
30273,272,290
30274,272,359
30275,272,1097
30276,272,1230
30277,272,822
30278,272,852
30279,272,221
30280,272,335
30281,272,1017
30282,272,732
30283,272,452
30284,272,74
30285,272,613
30286,272,1043
30287,272,649
30288,272,619
30289,272,541
30290,272,1032
30291,272,880
30292,272,1360
30293,272,260
30294,272,1115
30295,272,15
30296,272,384
30297,272,1415
30298,272,1254
30299,272,1246
30300,272,287
30301,272,398
30302,272,879
30303,272,245
30304,272,90
30305,272,745
30306,272,226
30307,272,1412
30308,272,1333
30309,272,385
30310,272,1040
30311,272,1273
30312,272,1143
30313,272,1410
30314,272,249
30315,272,1193
30316,272,1149
30317,272,654
30318,272,1217
30319,272,856
30320,272,1176
30321,272,451
30322,272,874
30323,272,1170
30324,272,208
30325,272,882
30326,272,777
30327,272,657
30328,272,233
30329,272,703
30330,272,1142
30331,272,1164
30332,272,768
30333,272,371
30334,272,938
30335,272,414
30336,272,429
30337,272,1200
30338,272,1380
30339,272,1438
30340,272,1019
30341,272,1407
30342,272,1229
30343,272,465
30344,272,1000
30345,272,845
30346,272,1290
30347,272,1401
30348,272,687
30349,272,44
30350,272,1092
30351,272,462
30352,272,980
30353,272,14
30354,272,755
30355,272,428
30356,272,900
30357,272,186
30358,272,899
30359,272,829
30360,272,991
30361,272,895
30362,272,740
30363,272,578
30364,272,10
30365,272,659
30366,272,629
30367,272,734
30368,272,983
30369,272,594
30370,272,1054
30371,272,939
30372,272,1013
30373,272,1173
30374,272,236
30375,272,342
30376,272,517
30377,272,419
30378,272,1041
30379,272,1171
30380,272,1078
30381,272,205
30382,272,300
30383,272,413
30384,272,199
30385,272,417
30386,272,394
30387,272,378
30388,272,1056
30389,272,650
30390,272,1159
30391,272,188
30392,272,668
30393,272,117
30394,272,476
30395,272,499
30396,272,1148
30397,272,676
30398,272,1309
30399,272,1065
30400,272,432
30401,272,568
30402,272,1135
30403,272,1045
30404,272,272
30405,272,688
30406,272,163
30407,272,447
30408,272,1441
30409,272,391
30410,272,802
30411,272,819
30412,272,283
30413,272,1177
30414,272,1433
30415,272,334
30416,272,1153
30417,272,255
30418,272,247
30419,272,3
30420,272,586
30421,272,1314
30422,272,962
30423,272,312
30424,272,695
30425,272,294
30426,272,1226
30427,272,454
30428,272,1243
30429,272,133
30430,272,400
30431,272,928
30432,272,955
30433,272,1324
30434,272,1163
30435,272,364
30436,272,1111
30437,272,892
30438,272,98
30439,272,1392
30440,272,494
30441,272,297
30442,272,390
30443,272,1184
30444,272,935
30445,272,526
30446,272,999
30447,272,550
30448,272,573
30449,272,909
30450,272,1064
30451,272,1175
30452,272,1311
30453,272,379
30454,272,1432
30455,272,1277
30456,272,1016
30457,272,340
30458,272,1446
30459,272,1075
30460,272,1335
30461,272,1424
30462,272,738
30463,272,263
30464,272,1343
30465,272,1328
30466,272,891
30467,272,1417
30468,272,175
30469,272,1089
30470,272,1156
30471,272,645
30472,272,1426
30473,272,60
30474,272,373
30475,272,821
30476,272,126
30477,272,1321
30478,272,1095
30479,272,1141
30480,272,914
30481,272,842
30482,272,907
30483,272,355
30484,272,780
30485,272,1038
30486,272,215
30487,272,501
30488,272,528
30489,272,1259
30490,272,51
30491,272,1030
30492,272,264
30493,272,1449
30494,272,1225
30495,272,409
30496,272,1301
30497,272,662
30498,272,1384
30499,272,867
30500,272,1403
30501,272,1414
30502,272,581
30503,272,531
30504,272,276
30505,272,974
30506,272,611
30507,272,538
30508,272,164
30509,272,1292
30510,272,1057
30511,272,671
30512,272,477
30513,272,801
30514,272,93
30515,272,1444
30516,272,507
30517,272,519
30518,272,1253
30519,272,608
30520,272,1291
30521,272,685
30522,272,992
30523,272,1027
30524,272,1053
30525,272,1031
30526,272,699
30527,272,960
30528,272,990
30529,272,660
30530,272,803
30531,272,705
30532,272,231
30533,272,1304
30534,272,350
30535,272,315
30536,272,1060
30537,272,583
30538,272,530
30539,272,762
30540,272,166
30541,272,102
30542,272,1144
30543,272,605
30544,272,1313
30545,272,984
30546,272,110
30547,272,446
30548,272,1222
30549,272,31
30550,272,422
30551,272,42
30552,272,1022
30553,272,562
30554,272,389
30555,272,646
30556,272,616
30557,272,641
30558,272,910
30559,272,289
30560,272,748
30561,272,171
30562,272,1351
30563,272,918
30564,272,933
30565,272,1421
30566,272,1430
30567,272,170
30568,272,49
30569,272,473
30570,272,1372
30571,272,979
30572,272,808
30573,272,299
30574,272,667
30575,272,64
30576,272,839
30577,272,404
30578,272,571
30579,272,815
30580,272,33
30581,272,1235
30582,272,652
30583,272,9
30584,272,1219
30585,272,782
30586,272,1289
30587,272,54
30588,272,658
30589,272,78
30590,272,1275
30591,272,741
30592,272,1434
30593,272,886
30594,272,1325
30595,272,776
30596,272,140
30597,272,760
30598,272,749
30599,272,112
30600,272,461
30601,272,952
30602,272,123
30603,272,20
30604,272,621
30605,272,1051
30606,272,1362
30607,272,614
30608,272,1323
30609,272,1008
30610,272,1183
30611,688,1213
30612,688,57
30613,688,1255
30614,688,728
30615,688,1208
30616,688,327
30617,688,1405
30618,688,374
30619,688,225
30620,688,134
30621,688,125
30622,688,5
30623,688,147
30624,688,456
30625,688,356
30626,688,1093
30627,688,1320
30628,688,338
30629,688,1230
30630,688,649
30631,688,582
30632,688,1040
30633,688,819
30634,688,573
30635,688,263
30636,688,891
30637,688,1414
30638,688,960
30639,688,1304
30640,688,1222
30641,688,981
30642,688,933
30643,312,1074
30644,312,638
30645,312,726
30646,312,1213
30647,312,360
30648,312,1272
30649,312,500
30650,312,19
30651,312,1454
30652,312,919
30653,312,1068
30654,312,548
30655,312,564
30656,312,717
30657,312,1080
30658,312,623
30659,312,66
30660,312,279
30661,312,365
30662,312,18
30663,312,913
30664,312,201
30665,312,1211
30666,312,1373
30667,312,599
30668,312,1322
30669,312,838
30670,312,1352
30671,312,71
30672,312,833
30673,312,1450
30674,312,1063
30675,312,702
30676,312,513
30677,312,445
30678,312,210
30679,312,411
30680,312,1293
30681,312,298
30682,312,590
30683,312,1439
30684,312,410
30685,312,1155
30686,312,224
30687,312,1210
30688,312,1398
30689,312,976
30690,312,525
30691,312,241
30692,312,579
30693,312,809
30694,312,434
30695,312,1284
30696,312,157
30697,312,254
30698,312,1420
30699,312,1306
30700,312,1204
30701,312,327
30702,312,1066
30703,312,374
30704,312,1202
30705,312,92
30706,312,553
30707,312,223
30708,312,567
30709,312,693
30710,312,79
30711,312,753
30712,312,232
30713,312,602
30714,312,311
30715,312,663
30716,312,527
30717,312,1310
30718,312,421
30719,312,958
30720,312,859
30721,312,1162
30722,312,277
30723,312,540
30724,312,1431
30725,312,1134
30726,312,1361
30727,312,1194
30728,312,134
30729,312,556
30730,312,127
30731,312,1342
30732,312,860
30733,312,125
30734,312,348
30735,312,758
30736,312,1334
30737,312,817
30738,312,791
30739,312,588
30740,312,709
30741,312,5
30742,312,304
30743,312,1179
30744,312,1138
30745,312,1305
30746,312,1133
30747,312,700
30748,312,696
30749,312,1151
30750,312,1117
30751,312,806
30752,312,565
30753,312,639
30754,312,317
30755,312,595
30756,312,1010
30757,312,131
30758,312,96
30759,312,147
30760,312,456
30761,312,1400
30762,312,345
30763,312,558
30764,312,148
30765,312,68
30766,312,927
30767,312,841
30768,312,246
30769,312,771
30770,312,644
30771,312,437
30772,312,923
30773,312,832
30774,312,28
30775,312,77
30776,312,1020
30777,312,1071
30778,312,486
30779,312,908
30780,312,1192
30781,312,724
30782,312,721
30783,312,296
30784,312,606
30785,312,1320
30786,312,968
30787,312,956
30788,312,698
30789,312,338
30790,312,997
30791,312,970
30792,312,488
30793,312,1079
30794,312,600
30795,312,1018
30796,312,1408
30797,312,1154
30798,312,292
30799,312,196
30800,312,1331
30801,312,1239
30802,312,363
30803,312,521
30804,312,1003
30805,312,307
30806,312,1230
30807,312,221
30808,312,335
30809,312,732
30810,312,452
30811,312,649
30812,312,619
30813,312,1032
30814,312,260
30815,312,582
30816,312,384
30817,312,1246
30818,312,879
30819,312,745
30820,312,226
30821,312,1333
30822,312,1410
30823,312,249
30824,312,654
30825,312,208
30826,312,233
30827,312,703
30828,312,1142
30829,312,938
30830,312,1019
30831,312,1407
30832,312,1290
30833,312,44
30834,312,980
30835,312,900
30836,312,899
30837,312,991
30838,312,740
30839,312,629
30840,312,995
30841,312,983
30842,312,594
30843,312,370
30844,312,342
30845,312,419
30846,312,205
30847,312,199
30848,312,1056
30849,312,650
30850,312,1159
30851,312,188
30852,312,668
30853,312,117
30854,312,1148
30855,312,1065
30856,312,1197
30857,312,195
30858,312,1045
30859,312,272
30860,312,688
30861,312,447
30862,312,273
30863,312,1441
30864,312,802
30865,312,819
30866,312,283
30867,312,334
30868,312,247
30869,312,695
30870,312,133
30871,312,1324
30872,312,1163
30873,312,1370
30874,312,364
30875,312,1111
30876,312,494
30877,312,297
30878,312,550
30879,312,573
30880,312,909
30881,312,1025
30882,312,1064
30883,312,1175
30884,312,1432
30885,312,263
30886,312,891
30887,312,1417
30888,312,60
30889,312,373
30890,312,678
30891,312,126
30892,312,1321
30893,312,1095
30894,312,914
30895,312,842
30896,312,172
30897,312,1259
30898,312,1449
30899,312,409
30900,312,1301
30901,312,662
30902,312,581
30903,312,611
30904,312,538
30905,312,164
30906,312,1057
30907,312,477
30908,312,801
30909,312,1206
30910,312,592
30911,312,507
30912,312,685
30913,312,1027
30914,312,1053
30915,312,1031
30916,312,960
30917,312,990
30918,312,660
30919,312,803
30920,312,1304
30921,312,315
30922,312,1060
30923,312,530
30924,312,166
30925,312,1144
30926,312,605
30927,312,680
30928,312,110
30929,312,446
30930,312,1222
30931,312,422
30932,312,562
30933,312,389
30934,312,646
30935,312,641
30936,312,192
30937,312,1268
30938,312,981
30939,312,748
30940,312,918
30941,312,1261
30942,312,1421
30943,312,1430
30944,312,170
30945,312,473
30946,312,1372
30947,312,979
30948,312,808
30949,312,64
30950,312,571
30951,312,815
30952,312,1235
30953,312,652
30954,312,9
30955,312,1219
30956,312,78
30957,312,741
30958,312,140
30959,312,749
30960,312,20
30961,312,621
30962,312,1183
30963,695,1074
30964,695,638
30965,695,726
30966,695,1213
30967,695,1157
30968,695,500
30969,695,1454
30970,695,919
30971,695,1068
30972,695,548
30973,695,1280
30974,695,717
30975,695,1080
30976,695,1330
30977,695,66
30978,695,728
30979,695,18
30980,695,913
30981,695,599
30982,695,1208
30983,695,1322
30984,695,71
30985,695,833
30986,695,1450
30987,695,702
30988,695,1242
30989,695,1439
30990,695,627
30991,695,976
30992,695,809
30993,695,1306
30994,695,603
30995,695,327
30996,695,1202
30997,695,1076
30998,695,79
30999,695,1265
31000,695,753
31001,695,232
31002,695,602
31003,695,311
31004,695,663
31005,695,1310
31006,695,1162
31007,695,63
31008,695,1006
31009,695,1361
31010,695,134
31011,695,860
31012,695,162
31013,695,588
31014,695,709
31015,695,5
31016,695,1138
31017,695,288
31018,695,696
31019,695,565
31020,695,262
31021,695,1010
31022,695,96
31023,695,147
31024,695,456
31025,695,1400
31026,695,148
31027,695,1062
31028,695,704
31029,695,771
31030,695,923
31031,695,908
31032,695,1192
31033,695,721
31034,695,296
31035,695,606
31036,695,1320
31037,695,968
31038,695,997
31039,695,970
31040,695,1408
31041,695,292
31042,695,1061
31043,695,196
31044,695,1331
31045,695,711
31046,695,221
31047,695,613
31048,695,619
31049,695,1032
31050,695,260
31051,695,1333
31052,695,1410
31053,695,654
31054,695,208
31055,695,233
31056,695,703
31057,695,938
31058,695,1447
31059,695,1380
31060,695,1229
31061,695,1223
31062,695,1290
31063,695,1092
31064,695,462
31065,695,980
31066,695,755
31067,695,900
31068,695,691
31069,695,991
31070,695,342
31071,695,199
31072,695,668
31073,695,117
31074,695,1197
31075,695,432
31076,695,793
31077,695,272
31078,695,447
31079,695,1441
31080,695,802
31081,695,819
31082,695,334
31083,695,247
31084,695,909
31085,695,1025
31086,695,757
31087,695,891
31088,695,1417
31089,695,1141
31090,695,842
31091,695,355
31092,695,528
31093,695,264
31094,695,1225
31095,695,409
31096,695,1301
31097,695,581
31098,695,538
31099,695,164
31100,695,1057
31101,695,671
31102,695,685
31103,695,960
31104,695,990
31105,695,660
31106,695,803
31107,695,1304
31108,695,315
31109,695,1060
31110,695,102
31111,695,605
31112,695,58
31113,695,1222
31114,695,422
31115,695,42
31116,695,1022
31117,695,616
31118,695,1268
31119,695,981
31120,695,1172
31121,695,1421
31122,695,473
31123,695,1372
31124,695,979
31125,695,808
31126,695,64
31127,695,1413
31128,695,1235
31129,695,652
31130,695,9
31131,695,1219
31132,695,1289
31133,695,886
31134,695,140
31135,695,112
31136,695,461
31137,695,346
31138,695,1362
31139,695,1183
31140,294,638
31141,294,555
31142,294,331
31143,294,726
31144,294,1213
31145,294,360
31146,294,919
31147,294,351
31148,294,564
31149,294,717
31150,294,136
31151,294,1283
31152,294,754
31153,294,728
31154,294,18
31155,294,201
31156,294,1344
31157,294,1130
31158,294,838
31159,294,153
31160,294,1063
31161,294,702
31162,294,316
31163,294,298
31164,294,590
31165,294,716
31166,294,80
31167,294,1363
31168,294,976
31169,294,809
31170,294,434
31171,294,864
31172,294,1204
31173,294,327
31174,294,1405
31175,294,1066
31176,294,374
31177,294,92
31178,294,567
31179,294,824
31180,294,663
31181,294,314
31182,294,174
31183,294,88
31184,294,421
31185,294,958
31186,294,277
31187,294,1431
31188,294,1361
31189,294,850
31190,294,1120
31191,294,588
31192,294,709
31193,294,549
31194,294,304
31195,294,1138
31196,294,116
31197,294,1133
31198,294,700
31199,294,328
31200,294,1151
31201,294,806
31202,294,595
31203,294,96
31204,294,147
31205,294,456
31206,294,566
31207,294,345
31208,294,218
31209,294,68
31210,294,1062
31211,294,841
31212,294,1005
31213,294,704
31214,294,884
31215,294,437
31216,294,923
31217,294,763
31218,294,848
31219,294,392
31220,294,1345
31221,294,376
31222,294,1192
31223,294,724
31224,294,1093
31225,294,296
31226,294,216
31227,294,338
31228,294,367
31229,294,109
31230,294,1018
31231,294,1154
31232,294,196
31233,294,307
31234,294,1427
31235,294,715
31236,294,822
31237,294,335
31238,294,452
31239,294,1032
31240,294,664
31241,294,582
31242,294,1246
31243,294,226
31244,294,654
31245,294,657
31246,294,768
31247,294,938
31248,294,1407
31249,294,1229
31250,294,845
31251,294,1290
31252,294,44
31253,294,980
31254,294,755
31255,294,428
31256,294,900
31257,294,186
31258,294,149
31259,294,947
31260,294,1013
31261,294,1173
31262,294,342
31263,294,1078
31264,294,413
31265,294,378
31266,294,1056
31267,294,117
31268,294,1148
31269,294,432
31270,294,1135
31271,294,272
31272,294,447
31273,294,1441
31274,294,802
31275,294,819
31276,294,586
31277,294,1243
31278,294,364
31279,294,751
31280,294,573
31281,294,909
31282,294,1025
31283,294,1311
31284,294,1446
31285,294,738
31286,294,1328
31287,294,1417
31288,294,840
31289,294,126
31290,294,1141
31291,294,479
31292,294,501
31293,294,662
31294,294,164
31295,294,1057
31296,294,477
31297,294,1291
31298,294,685
31299,294,190
31300,294,699
31301,294,231
31302,294,1304
31303,294,1060
31304,294,102
31305,294,446
31306,294,1222
31307,294,422
31308,294,646
31309,294,641
31310,294,748
31311,294,918
31312,294,733
31313,294,1430
31314,294,170
31315,294,473
31316,294,979
31317,294,667
31318,294,33
31319,294,1235
31320,294,652
31321,294,1219
31322,294,749
31323,294,112
31324,294,621
31325,294,1183
31326,999,726
31327,999,1213
31328,999,1454
31329,999,66
31330,999,728
31331,999,201
31332,999,599
31333,999,838
31334,999,445
31335,999,298
31336,999,590
31337,999,1284
31338,999,1204
31339,999,374
31340,999,656
31341,999,92
31342,999,88
31343,999,421
31344,999,958
31345,999,502
31346,999,850
31347,999,1220
31348,999,304
31349,999,1179
31350,999,595
31351,999,558
31352,999,356
31353,999,698
31354,999,109
31355,999,483
31356,999,335
31357,999,1246
31358,999,845
31359,999,1092
31360,999,980
31361,999,205
31362,999,1056
31363,999,432
31364,999,802
31365,999,962
31366,999,1226
31367,999,364
31368,999,1311
31369,999,1432
31370,999,126
31371,999,215
31372,999,501
31373,999,1449
31374,999,662
31375,999,867
31376,999,608
31377,999,190
31378,999,1304
31379,999,102
31380,999,446
31381,999,1222
31382,999,422
31383,999,918
31384,999,1261
31385,999,979
31386,999,78
31387,999,749
31388,999,621
31389,999,1183
31390,550,638
31391,550,555
31392,550,331
31393,550,726
31394,550,1213
31395,550,1007
31396,550,1454
31397,550,1181
31398,550,717
31399,550,66
31400,550,365
31401,550,18
31402,550,1211
31403,550,599
31404,550,1344
31405,550,1322
31406,550,838
31407,550,153
31408,550,1352
31409,550,34
31410,550,71
31411,550,833
31412,550,1450
31413,550,1063
31414,550,702
31415,550,316
31416,550,445
31417,550,298
31418,550,590
31419,550,1439
31420,550,509
31421,550,95
31422,550,1398
31423,550,579
31424,550,661
31425,550,1284
31426,550,157
31427,550,254
31428,550,327
31429,550,1405
31430,550,1455
31431,550,1066
31432,550,248
31433,550,374
31434,550,1202
31435,550,92
31436,550,223
31437,550,567
31438,550,693
31439,550,1265
31440,550,311
31441,550,408
31442,550,663
31443,550,1195
31444,550,421
31445,550,958
31446,550,859
31447,550,642
31448,550,1136
31449,550,450
31450,550,540
31451,550,222
31452,550,1006
31453,550,1361
31454,550,588
31455,550,5
31456,550,549
31457,550,1220
31458,550,304
31459,550,1179
31460,550,184
31461,550,1133
31462,550,1026
31463,550,328
31464,550,1151
31465,550,737
31466,550,985
31467,550,456
31468,550,1400
31469,550,566
31470,550,558
31471,550,927
31472,550,1005
31473,550,704
31474,550,644
31475,550,437
31476,550,832
31477,550,1071
31478,550,486
31479,550,965
31480,550,1192
31481,550,721
31482,550,1320
31483,550,216
31484,550,956
31485,550,698
31486,550,338
31487,550,367
31488,550,109
31489,550,292
31490,550,1061
31491,550,196
31492,550,1331
31493,550,165
31494,550,1003
31495,550,307
31496,550,1230
31497,550,822
31498,550,221
31499,550,335
31500,550,732
31501,550,619
31502,550,1032
31503,550,260
31504,550,1143
31505,550,1410
31506,550,657
31507,550,233
31508,550,703
31509,550,371
31510,550,938
31511,550,1407
31512,550,687
31513,550,1092
31514,550,462
31515,550,900
31516,550,991
31517,550,983
31518,550,1173
31519,550,342
31520,550,417
31521,550,378
31522,550,650
31523,550,117
31524,550,432
31525,550,568
31526,550,272
31527,550,273
31528,550,1441
31529,550,802
31530,550,819
31531,550,283
31532,550,1153
31533,550,255
31534,550,247
31535,550,962
31536,550,312
31537,550,1226
31538,550,1243
31539,550,133
31540,550,1370
31541,550,364
31542,550,573
31543,550,909
31544,550,1025
31545,550,1064
31546,550,1311
31547,550,1277
31548,550,1075
31549,550,738
31550,550,263
31551,550,1417
31552,550,1156
31553,550,840
31554,550,1426
31555,550,60
31556,550,373
31557,550,1321
31558,550,1095
31559,550,1141
31560,550,215
31561,550,1449
31562,550,1225
31563,550,662
31564,550,1384
31565,550,867
31566,550,974
31567,550,611
31568,550,538
31569,550,164
31570,550,1057
31571,550,477
31572,550,685
31573,550,660
31574,550,1304
31575,550,1060
31576,550,102
31577,550,58
31578,550,446
31579,550,1222
31580,550,422
31581,550,646
31582,550,289
31583,550,748
31584,550,1351
31585,550,918
31586,550,1261
31587,550,1421
31588,550,1430
31589,550,170
31590,550,473
31591,550,1372
31592,550,979
31593,550,64
31594,550,571
31595,550,1235
31596,550,652
31597,550,78
31598,550,741
31599,550,886
31600,550,776
31601,550,749
31602,550,112
31603,550,20
31604,550,1362
31605,550,614
31606,550,1183
31607,615,638
31608,615,331
31609,615,726
31610,615,1213
31611,615,1007
31612,615,1272
31613,615,361
31614,615,302
31615,615,1454
31616,615,1068
31617,615,1181
31618,615,548
31619,615,1270
31620,615,564
31621,615,1280
31622,615,1255
31623,615,717
31624,615,1091
31625,615,1080
31626,615,759
31627,615,623
31628,615,45
31629,615,66
31630,615,728
31631,615,18
31632,615,913
31633,615,201
31634,615,1428
31635,615,599
31636,615,1344
31637,615,1208
31638,615,1346
31639,615,576
31640,615,1130
31641,615,219
31642,615,838
31643,615,1169
31644,615,489
31645,615,1352
31646,615,34
31647,615,1002
31648,615,551
31649,615,833
31650,615,1063
31651,615,702
31652,615,204
31653,615,445
31654,615,1293
31655,615,229
31656,615,922
31657,615,590
31658,615,835
31659,615,1009
31660,615,1439
31661,615,1155
31662,615,1363
31663,615,383
31664,615,1210
31665,615,1337
31666,615,1398
31667,615,976
31668,615,525
31669,615,144
31670,615,579
31671,615,1358
31672,615,661
31673,615,157
31674,615,254
31675,615,1420
31676,615,603
31677,615,492
31678,615,1204
31679,615,327
31680,615,322
31681,615,1405
31682,615,1326
31683,615,433
31684,615,1455
31685,615,1066
31686,615,812
31687,615,885
31688,615,248
31689,615,374
31690,615,1202
31691,615,1257
31692,615,766
31693,615,92
31694,615,553
31695,615,223
31696,615,567
31697,615,1425
31698,615,1250
31699,615,79
31700,615,508
31701,615,1188
31702,615,6
31703,615,1297
31704,615,232
31705,615,663
31706,615,70
31707,615,314
31708,615,1195
31709,615,88
31710,615,1435
31711,615,958
31712,615,761
31713,615,859
31714,615,1162
31715,615,502
31716,615,478
31717,615,40
31718,615,277
31719,615,540
31720,615,1431
31721,615,1134
31722,615,1361
31723,615,134
31724,615,1364
31725,615,127
31726,615,1342
31727,615,125
31728,615,348
31729,615,665
31730,615,1334
31731,615,817
31732,615,468
31733,615,729
31734,615,1024
31735,615,1332
31736,615,588
31737,615,709
31738,615,46
31739,615,1220
31740,615,308
31741,615,1077
31742,615,546
31743,615,1179
31744,615,993
31745,615,1138
31746,615,901
31747,615,700
31748,615,1026
31749,615,328
31750,615,1151
31751,615,1340
31752,615,1182
31753,615,806
31754,615,262
31755,615,893
31756,615,547
31757,615,595
31758,615,1010
31759,615,147
31760,615,456
31761,615,345
31762,615,81
31763,615,790
31764,615,356
31765,615,1107
31766,615,1062
31767,615,927
31768,615,1005
31769,615,246
31770,615,1382
31771,615,511
31772,615,617
31773,615,771
31774,615,846
31775,615,644
31776,615,437
31777,615,923
31778,615,672
31779,615,55
31780,615,28
31781,615,763
31782,615,1020
31783,615,463
31784,615,1071
31785,615,180
31786,615,61
31787,615,388
31788,615,965
31789,615,731
31790,615,353
31791,615,1348
31792,615,724
31793,615,296
31794,615,1338
31795,615,1320
31796,615,216
31797,615,698
31798,615,338
31799,615,997
31800,615,970
31801,615,488
31802,615,109
31803,615,600
31804,615,1408
31805,615,1061
31806,615,366
31807,615,196
31808,615,1331
31809,615,483
31810,615,1239
31811,615,363
31812,615,711
31813,615,1003
31814,615,307
31815,615,1423
31816,615,715
31817,615,723
31818,615,1230
31819,615,221
31820,615,732
31821,615,613
31822,615,1043
31823,615,357
31824,615,649
31825,615,1032
31826,615,1296
31827,615,260
31828,615,708
31829,615,582
31830,615,15
31831,615,1442
31832,615,384
31833,615,1254
31834,615,1246
31835,615,287
31836,615,879
31837,615,245
31838,615,1393
31839,615,745
31840,615,226
31841,615,1333
31842,615,385
31843,615,1040
31844,615,1273
31845,615,1410
31846,615,654
31847,615,451
31848,615,1394
31849,615,208
31850,615,8
31851,615,777
31852,615,233
31853,615,703
31854,615,1142
31855,615,1164
31856,615,768
31857,615,371
31858,615,938
31859,615,429
31860,615,1200
31861,615,1380
31862,615,1019
31863,615,1407
31864,615,845
31865,615,1290
31866,615,687
31867,615,44
31868,615,496
31869,615,354
31870,615,755
31871,615,428
31872,615,900
31873,615,899
31874,615,895
31875,615,578
31876,615,629
31877,615,734
31878,615,947
31879,615,1013
31880,615,342
31881,615,1078
31882,615,205
31883,615,394
31884,615,1056
31885,615,650
31886,615,499
31887,615,1148
31888,615,676
31889,615,1058
31890,615,1065
31891,615,568
31892,615,814
31893,615,1045
31894,615,272
31895,615,273
31896,615,1441
31897,615,819
31898,615,283
31899,615,1177
31900,615,402
31901,615,1433
31902,615,1153
31903,615,247
31904,615,1314
31905,615,962
31906,615,695
31907,615,1243
31908,615,133
31909,615,1324
31910,615,1163
31911,615,364
31912,615,1111
31913,615,892
31914,615,1392
31915,615,494
31916,615,751
31917,615,935
31918,615,526
31919,615,786
31920,615,573
31921,615,1064
31922,615,712
31923,615,379
31924,615,1432
31925,615,340
31926,615,1446
31927,615,1075
31928,615,1424
31929,615,738
31930,615,263
31931,615,1328
31932,615,1417
31933,615,1156
31934,615,840
31935,615,126
31936,615,1095
31937,615,355
31938,615,780
31939,615,215
31940,615,479
31941,615,501
31942,615,1259
31943,615,1030
31944,615,264
31945,615,75
31946,615,1301
31947,615,662
31948,615,867
31949,615,1414
31950,615,581
31951,615,974
31952,615,611
31953,615,538
31954,615,164
31955,615,1057
31956,615,1444
31957,615,519
31958,615,1291
31959,615,685
31960,615,992
31961,615,190
31962,615,1053
31963,615,1031
31964,615,960
31965,615,990
31966,615,660
31967,615,883
31968,615,1060
31969,615,762
31970,615,102
31971,615,605
31972,615,943
31973,615,110
31974,615,58
31975,615,446
31976,615,1222
31977,615,422
31978,615,42
31979,615,1022
31980,615,1268
31981,615,981
31982,615,748
31983,615,1351
31984,615,918
31985,615,1430
31986,615,170
31987,615,979
31988,615,808
31989,615,667
31990,615,64
31991,615,404
31992,615,571
31993,615,1413
31994,615,33
31995,615,1235
31996,615,652
31997,615,1219
31998,615,782
31999,615,54
32000,615,1434
32001,615,886
32002,615,140
32003,615,749
32004,615,112
32005,615,461
32006,615,902
32007,615,20
32008,615,346
32009,615,621
32010,615,614
32011,615,1183
32012,909,898
32013,909,636
32014,909,1114
32015,909,638
32016,909,555
32017,909,331
32018,909,1213
32019,909,347
32020,909,1007
32021,909,618
32022,909,1272
32023,909,1157
32024,909,235
32025,909,57
32026,909,504
32027,909,302
32028,909,1068
32029,909,187
32030,909,351
32031,909,1354
32032,909,628
32033,909,420
32034,909,564
32035,909,1255
32036,909,717
32037,909,1357
32038,909,1080
32039,909,759
32040,909,623
32041,909,1263
32042,909,1443
32043,909,728
32044,909,1116
32045,909,913
32046,909,798
32047,909,306
32048,909,201
32049,909,1067
32050,909,1428
32051,909,1344
32052,909,576
32053,909,489
32054,909,34
32055,909,1002
32056,909,1359
32057,909,833
32058,909,1450
32059,909,204
32060,909,445
32061,909,1242
32062,909,1376
32063,909,1293
32064,909,274
32065,909,835
32066,909,410
32067,909,1155
32068,909,522
32069,909,716
32070,909,80
32071,909,1363
32072,909,1337
32073,909,1398
32074,909,1029
32075,909,525
32076,909,144
32077,909,241
32078,909,1112
32079,909,1358
32080,909,864
32081,909,254
32082,909,934
32083,909,1306
32084,909,1204
32085,909,1336
32086,909,1198
32087,909,211
32088,909,719
32089,909,830
32090,909,138
32091,909,322
32092,909,1326
32093,909,114
32094,909,433
32095,909,812
32096,909,626
32097,909,248
32098,909,374
32099,909,669
32100,909,1122
32101,909,206
32102,909,1202
32103,909,1391
32104,909,225
32105,909,200
32106,909,656
32107,909,301
32108,909,259
32109,909,553
32110,909,321
32111,909,693
32112,909,847
32113,909,106
32114,909,1425
32115,909,189
32116,909,1250
32117,909,6
32118,909,1297
32119,909,311
32120,909,314
32121,909,174
32122,909,88
32123,909,1437
32124,909,1435
32125,909,958
32126,909,761
32127,909,154
32128,909,11
32129,909,859
32130,909,697
32131,909,1162
32132,909,177
32133,909,502
32134,909,642
32135,909,478
32136,909,1260
32137,909,203
32138,909,40
32139,909,1224
32140,909,277
32141,909,268
32142,909,1431
32143,909,1134
32144,909,134
32145,909,556
32146,909,843
32147,909,1161
32148,909,535
32149,909,127
32150,909,1342
32151,909,313
32152,909,125
32153,909,850
32154,909,468
32155,909,280
32156,909,396
32157,909,729
32158,909,791
32159,909,764
32160,909,1120
32161,909,1353
32162,909,588
32163,909,709
32164,909,767
32165,909,1388
32166,909,1220
32167,909,308
32168,909,418
32169,909,1077
32170,909,546
32171,909,487
32172,909,1445
32173,909,288
32174,909,116
32175,909,271
32176,909,1305
32177,909,1241
32178,909,520
32179,909,1381
32180,909,328
32181,909,1340
32182,909,275
32183,909,1083
32184,909,393
32185,909,262
32186,909,788
32187,909,324
32188,909,911
32189,909,1127
32190,909,893
32191,909,639
32192,909,547
32193,909,595
32194,909,1010
32195,909,131
32196,909,147
32197,909,456
32198,909,566
32199,909,940
32200,909,81
32201,909,1187
32202,909,790
32203,909,356
32204,909,218
32205,909,67
32206,909,68
32207,909,1107
32208,909,1062
32209,909,841
32210,909,861
32211,909,1005
32212,909,246
32213,909,1207
32214,909,884
32215,909,771
32216,909,644
32217,909,437
32218,909,108
32219,909,923
32220,909,1371
32221,909,28
32222,909,1124
32223,909,763
32224,909,1106
32225,909,1020
32226,909,463
32227,909,1011
32228,909,180
32229,909,198
32230,909,21
32231,909,677
32232,909,61
32233,909,89
32234,909,529
32235,909,388
32236,909,100
32237,909,731
32238,909,1192
32239,909,1348
32240,909,878
32241,909,721
32242,909,1093
32243,909,27
32244,909,341
32245,909,606
32246,909,1320
32247,909,209
32248,909,146
32249,909,338
32250,909,518
32251,909,997
32252,909,318
32253,909,600
32254,909,244
32255,909,1408
32256,909,1154
32257,909,1061
32258,909,196
32259,909,191
32260,909,906
32261,909,1331
32262,909,1239
32263,909,182
32264,909,363
32265,909,521
32266,909,1003
32267,909,137
32268,909,307
32269,909,290
32270,909,1423
32271,909,715
32272,909,1230
32273,909,469
32274,909,822
32275,909,452
32276,909,785
32277,909,74
32278,909,1101
32279,909,1043
32280,909,649
32281,909,541
32282,909,1032
32283,909,460
32284,909,1115
32285,909,582
32286,909,15
32287,909,87
32288,909,287
32289,909,415
32290,909,398
32291,909,245
32292,909,1393
32293,909,1105
32294,909,745
32295,909,226
32296,909,385
32297,909,145
32298,909,24
32299,909,1040
32300,909,1149
32301,909,654
32302,909,1
32303,909,1394
32304,909,1082
32305,909,208
32306,909,8
32307,909,950
32308,909,545
32309,909,703
32310,909,1164
32311,909,768
32312,909,371
32313,909,1438
32314,909,1019
32315,909,994
32316,909,797
32317,909,465
32318,909,281
32319,909,687
32320,909,496
32321,909,354
32322,909,900
32323,909,186
32324,909,899
32325,909,991
32326,909,959
32327,909,1308
32328,909,895
32329,909,629
32330,909,734
32331,909,149
32332,909,995
32333,909,939
32334,909,1013
32335,909,831
32336,909,1041
32337,909,648
32338,909,640
32339,909,205
32340,909,413
32341,909,417
32342,909,378
32343,909,1159
32344,909,305
32345,909,499
32346,909,676
32347,909,1058
32348,909,482
32349,909,1197
32350,909,432
32351,909,251
32352,909,195
32353,909,568
32354,909,1125
32355,909,440
32356,909,814
32357,909,1045
32358,909,272
32359,909,688
32360,909,543
32361,909,343
32362,909,273
32363,909,1441
32364,909,552
32365,909,577
32366,909,1251
32367,909,76
32368,909,819
32369,909,283
32370,909,1177
32371,909,863
32372,909,402
32373,909,1252
32374,909,1433
32375,909,334
32376,909,1153
32377,909,255
32378,909,247
32379,909,1314
32380,909,962
32381,909,344
32382,909,294
32383,909,1226
32384,909,133
32385,909,1163
32386,909,1370
32387,909,364
32388,909,1111
32389,909,892
32390,909,98
32391,909,1392
32392,909,494
32393,909,1184
32394,909,12
32395,909,1104
32396,909,757
32397,909,1175
32398,909,712
32399,909,510
32400,909,1311
32401,909,533
32402,909,1016
32403,909,340
32404,909,1075
32405,909,1190
32406,909,1424
32407,909,738
32408,909,263
32409,909,945
32410,909,1417
32411,909,678
32412,909,875
32413,909,412
32414,909,1095
32415,909,914
32416,909,355
32417,909,780
32418,909,836
32419,909,172
32420,909,501
32421,909,1259
32422,909,1030
32423,909,264
32424,909,75
32425,909,998
32426,909,561
32427,909,662
32428,909,1285
32429,909,581
32430,909,1232
32431,909,611
32432,909,538
32433,909,1248
32434,909,655
32435,909,1329
32436,909,93
32437,909,592
32438,909,1444
32439,909,515
32440,909,519
32441,909,1253
32442,909,992
32443,909,1072
32444,909,1031
32445,909,660
32446,909,285
32447,909,803
32448,909,231
32449,909,1060
32450,909,762
32451,909,166
32452,909,1144
32453,909,1313
32454,909,1110
32455,909,943
32456,909,13
32457,909,110
32458,909,1222
32459,909,422
32460,909,1418
32461,909,1022
32462,909,389
32463,909,641
32464,909,910
32465,909,1268
32466,909,978
32467,909,289
32468,909,171
32469,909,1351
32470,909,1430
32471,909,299
32472,909,64
32473,909,571
32474,909,1413
32475,909,124
32476,909,26
32477,909,889
32478,909,1289
32479,909,1275
32480,909,749
32481,909,20
32482,909,346
32483,909,1183
32484,1025,1374
32485,1025,1114
32486,1025,555
32487,1025,331
32488,1025,1213
32489,1025,347
32490,1025,618
32491,1025,1157
32492,1025,504
32493,1025,302
32494,1025,351
32495,1025,420
32496,1025,564
32497,1025,1280
32498,1025,717
32499,1025,1080
32500,1025,623
32501,1025,1263
32502,1025,913
32503,1025,448
32504,1025,1428
32505,1025,1344
32506,1025,576
32507,1025,1352
32508,1025,1002
32509,1025,833
32510,1025,204
32511,1025,445
32512,1025,1376
32513,1025,1293
32514,1025,274
32515,1025,835
32516,1025,1155
32517,1025,522
32518,1025,716
32519,1025,1363
32520,1025,383
32521,1025,1029
32522,1025,637
32523,1025,525
32524,1025,144
32525,1025,241
32526,1025,1358
32527,1025,157
32528,1025,254
32529,1025,934
32530,1025,1306
32531,1025,1204
32532,1025,1198
32533,1025,211
32534,1025,719
32535,1025,830
32536,1025,1326
32537,1025,433
32538,1025,248
32539,1025,374
32540,1025,669
32541,1025,206
32542,1025,1202
32543,1025,225
32544,1025,301
32545,1025,321
32546,1025,693
32547,1025,106
32548,1025,1297
32549,1025,314
32550,1025,1195
32551,1025,88
32552,1025,1435
32553,1025,761
32554,1025,154
32555,1025,11
32556,1025,859
32557,1025,1162
32558,1025,502
32559,1025,478
32560,1025,40
32561,1025,1224
32562,1025,277
32563,1025,268
32564,1025,134
32565,1025,1364
32566,1025,843
32567,1025,1161
32568,1025,535
32569,1025,1342
32570,1025,313
32571,1025,125
32572,1025,850
32573,1025,468
32574,1025,280
32575,1025,396
32576,1025,764
32577,1025,588
32578,1025,1220
32579,1025,418
32580,1025,1077
32581,1025,546
32582,1025,1305
32583,1025,275
32584,1025,1083
32585,1025,262
32586,1025,324
32587,1025,1127
32588,1025,547
32589,1025,595
32590,1025,1010
32591,1025,131
32592,1025,147
32593,1025,456
32594,1025,989
32595,1025,566
32596,1025,81
32597,1025,1187
32598,1025,790
32599,1025,67
32600,1025,68
32601,1025,1107
32602,1025,841
32603,1025,437
32604,1025,1371
32605,1025,28
32606,1025,151
32607,1025,284
32608,1025,1020
32609,1025,848
32610,1025,463
32611,1025,198
32612,1025,21
32613,1025,89
32614,1025,722
32615,1025,388
32616,1025,965
32617,1025,731
32618,1025,1093
32619,1025,341
32620,1025,1320
32621,1025,338
32622,1025,997
32623,1025,109
32624,1025,601
32625,1025,243
32626,1025,1408
32627,1025,196
32628,1025,1239
32629,1025,363
32630,1025,521
32631,1025,711
32632,1025,1003
32633,1025,137
32634,1025,307
32635,1025,723
32636,1025,1230
32637,1025,469
32638,1025,822
32639,1025,1101
32640,1025,357
32641,1025,649
32642,1025,1115
32643,1025,582
32644,1025,15
32645,1025,1442
32646,1025,87
32647,1025,415
32648,1025,245
32649,1025,1105
32650,1025,226
32651,1025,24
32652,1025,1040
32653,1025,1082
32654,1025,208
32655,1025,330
32656,1025,8
32657,1025,545
32658,1025,768
32659,1025,371
32660,1025,1380
32661,1025,1019
32662,1025,797
32663,1025,281
32664,1025,687
32665,1025,354
32666,1025,980
32667,1025,900
32668,1025,991
32669,1025,895
32670,1025,734
32671,1025,149
32672,1025,995
32673,1025,939
32674,1025,1041
32675,1025,640
32676,1025,205
32677,1025,413
32678,1025,378
32679,1025,305
32680,1025,499
32681,1025,676
32682,1025,482
32683,1025,1197
32684,1025,793
32685,1025,1125
32686,1025,440
32687,1025,814
32688,1025,1135
32689,1025,1045
32690,1025,272
32691,1025,688
32692,1025,1251
32693,1025,76
32694,1025,819
32695,1025,1177
32696,1025,402
32697,1025,1252
32698,1025,1052
32699,1025,1153
32700,1025,255
32701,1025,247
32702,1025,1314
32703,1025,962
32704,1025,695
32705,1025,1226
32706,1025,133
32707,1025,364
32708,1025,1111
32709,1025,892
32710,1025,786
32711,1025,1104
32712,1025,573
32713,1025,1175
32714,1025,712
32715,1025,1311
32716,1025,1016
32717,1025,738
32718,1025,1343
32719,1025,1417
32720,1025,412
32721,1025,780
32722,1025,172
32723,1025,501
32724,1025,1030
32725,1025,75
32726,1025,662
32727,1025,867
32728,1025,150
32729,1025,581
32730,1025,1248
32731,1025,655
32732,1025,93
32733,1025,592
32734,1025,1444
32735,1025,519
32736,1025,992
32737,1025,190
32738,1025,803
32739,1025,1060
32740,1025,762
32741,1025,166
32742,1025,1110
32743,1025,943
32744,1025,680
32745,1025,1222
32746,1025,422
32747,1025,641
32748,1025,1268
32749,1025,1351
32750,1025,808
32751,1025,64
32752,1025,1413
32753,1025,124
32754,1025,26
32755,1025,889
32756,1025,1289
32757,1025,346
32758,1025,1183
32759,1311,1074
32760,1311,636
32761,1311,638
32762,1311,555
32763,1311,931
32764,1311,331
32765,1311,1213
32766,1311,360
32767,1311,347
32768,1311,1007
32769,1311,796
32770,1311,115
32771,1311,325
32772,1311,1157
32773,1311,684
32774,1311,361
32775,1311,19
32776,1311,1454
32777,1311,919
32778,1311,332
32779,1311,1068
32780,1311,548
32781,1311,564
32782,1311,897
32783,1311,1280
32784,1311,1255
32785,1311,717
32786,1311,1091
32787,1311,925
32788,1311,136
32789,1311,1080
32790,1311,759
32791,1311,589
32792,1311,506
32793,1311,623
32794,1311,45
32795,1311,1443
32796,1311,936
32797,1311,66
32798,1311,279
32799,1311,365
32800,1311,18
32801,1311,438
32802,1311,118
32803,1311,913
32804,1311,306
32805,1311,201
32806,1311,972
32807,1311,1211
32808,1311,1373
32809,1311,161
32810,1311,358
32811,1311,599
32812,1311,43
32813,1311,1344
32814,1311,1208
32815,1311,1322
32816,1311,219
32817,1311,73
32818,1311,36
32819,1311,838
32820,1311,1352
32821,1311,71
32822,1311,551
32823,1311,833
32824,1311,1450
32825,1311,1063
32826,1311,702
32827,1311,513
32828,1311,316
32829,1311,445
32830,1311,210
32831,1311,411
32832,1311,1293
32833,1311,1035
32834,1311,229
32835,1311,630
32836,1311,869
32837,1311,298
32838,1311,590
32839,1311,835
32840,1311,1439
32841,1311,716
32842,1311,80
32843,1311,197
32844,1311,679
32845,1311,95
32846,1311,1210
32847,1311,1337
32848,1311,1398
32849,1311,637
32850,1311,976
32851,1311,525
32852,1311,624
32853,1311,604
32854,1311,1358
32855,1311,661
32856,1311,1284
32857,1311,157
32858,1311,524
32859,1311,864
32860,1311,254
32861,1311,982
32862,1311,1420
32863,1311,1306
32864,1311,1204
32865,1311,327
32866,1311,322
32867,1311,1405
32868,1311,114
32869,1311,253
32870,1311,1066
32871,1311,885
32872,1311,248
32873,1311,374
32874,1311,625
32875,1311,1202
32876,1311,1257
32877,1311,1391
32878,1311,225
32879,1311,656
32880,1311,92
32881,1311,223
32882,1311,567
32883,1311,693
32884,1311,1425
32885,1311,824
32886,1311,1250
32887,1311,1188
32888,1311,232
32889,1311,602
32890,1311,311
32891,1311,408
32892,1311,663
32893,1311,527
32894,1311,70
32895,1311,174
32896,1311,1195
32897,1311,88
32898,1311,1310
32899,1311,421
32900,1311,1435
32901,1311,958
32902,1311,859
32903,1311,512
32904,1311,258
32905,1311,642
32906,1311,203
32907,1311,40
32908,1311,1147
32909,1311,277
32910,1311,320
32911,1311,450
32912,1311,268
32913,1311,1134
32914,1311,222
32915,1311,431
32916,1311,1361
32917,1311,134
32918,1311,1364
32919,1311,539
32920,1311,441
32921,1311,535
32922,1311,127
32923,1311,1342
32924,1311,860
32925,1311,125
32926,1311,162
32927,1311,348
32928,1311,758
32929,1311,1334
32930,1311,817
32931,1311,850
32932,1311,468
32933,1311,396
32934,1311,791
32935,1311,764
32936,1311,1120
32937,1311,588
32938,1311,709
32939,1311,1047
32940,1311,5
32941,1311,549
32942,1311,1220
32943,1311,546
32944,1311,1179
32945,1311,288
32946,1311,1305
32947,1311,700
32948,1311,696
32949,1311,1151
32950,1311,275
32951,1311,1117
32952,1311,806
32953,1311,737
32954,1311,565
32955,1311,865
32956,1311,262
32957,1311,1121
32958,1311,534
32959,1311,639
32960,1311,810
32961,1311,336
32962,1311,554
32963,1311,317
32964,1311,595
32965,1311,1010
32966,1311,131
32967,1311,269
32968,1311,147
32969,1311,456
32970,1311,1400
32971,1311,345
32972,1311,940
32973,1311,81
32974,1311,295
32975,1311,406
32976,1311,558
32977,1311,811
32978,1311,68
32979,1311,927
32980,1311,246
32981,1311,511
32982,1311,1108
32983,1311,771
32984,1311,846
32985,1311,644
32986,1311,437
32987,1311,923
32988,1311,832
32989,1311,55
32990,1311,28
32991,1311,77
32992,1311,763
32993,1311,1106
32994,1311,848
32995,1311,1071
32996,1311,392
32997,1311,486
32998,1311,1345
32999,1311,388
33000,1311,965
33001,1311,1192
33002,1311,353
33003,1311,1348
33004,1311,724
33005,1311,91
33006,1311,721
33007,1311,1093
33008,1311,474
33009,1311,606
33010,1311,1320
33011,1311,216
33012,1311,395
33013,1311,968
33014,1311,956
33015,1311,209
33016,1311,698
33017,1311,338
33018,1311,183
33019,1311,367
33020,1311,997
33021,1311,970
33022,1311,109
33023,1311,1079
33024,1311,244
33025,1311,1018
33026,1311,1154
33027,1311,1061
33028,1311,366
33029,1311,196
33030,1311,1331
33031,1311,483
33032,1311,1339
33033,1311,1239
33034,1311,363
33035,1311,774
33036,1311,711
33037,1311,1003
33038,1311,307
33039,1311,715
33040,1311,523
33041,1311,1230
33042,1311,221
33043,1311,335
33044,1311,732
33045,1311,452
33046,1311,613
33047,1311,357
33048,1311,649
33049,1311,619
33050,1311,1032
33051,1311,260
33052,1311,664
33053,1311,582
33054,1311,15
33055,1311,1415
33056,1311,1246
33057,1311,87
33058,1311,879
33059,1311,245
33060,1311,1294
33061,1311,1132
33062,1311,1215
33063,1311,745
33064,1311,226
33065,1311,1368
33066,1311,1333
33067,1311,385
33068,1311,1273
33069,1311,1410
33070,1311,249
33071,1311,1028
33072,1311,1193
33073,1311,654
33074,1311,1176
33075,1311,129
33076,1311,451
33077,1311,1394
33078,1311,1170
33079,1311,208
33080,1311,8
33081,1311,86
33082,1311,777
33083,1311,657
33084,1311,703
33085,1311,1142
33086,1311,1164
33087,1311,768
33088,1311,371
33089,1311,938
33090,1311,414
33091,1311,1380
33092,1311,1438
33093,1311,459
33094,1311,1407
33095,1311,1229
33096,1311,845
33097,1311,1290
33098,1311,775
33099,1311,1401
33100,1311,687
33101,1311,689
33102,1311,1092
33103,1311,496
33104,1311,462
33105,1311,354
33106,1311,1266
33107,1311,980
33108,1311,14
33109,1311,755
33110,1311,1042
33111,1311,428
33112,1311,900
33113,1311,186
33114,1311,899
33115,1311,829
33116,1311,691
33117,1311,991
33118,1311,578
33119,1311,629
33120,1311,734
33121,1311,149
33122,1311,995
33123,1311,1054
33124,1311,939
33125,1311,370
33126,1311,1150
33127,1311,1013
33128,1311,1173
33129,1311,342
33130,1311,419
33131,1311,107
33132,1311,735
33133,1311,1014
33134,1311,300
33135,1311,413
33136,1311,199
33137,1311,394
33138,1311,378
33139,1311,1056
33140,1311,650
33141,1311,1159
33142,1311,117
33143,1311,476
33144,1311,405
33145,1311,676
33146,1311,1058
33147,1311,1065
33148,1311,1197
33149,1311,432
33150,1311,152
33151,1311,793
33152,1311,195
33153,1311,568
33154,1311,814
33155,1311,828
33156,1311,1135
33157,1311,1045
33158,1311,272
33159,1311,688
33160,1311,447
33161,1311,273
33162,1311,633
33163,1311,802
33164,1311,819
33165,1311,283
33166,1311,334
33167,1311,1167
33168,1311,247
33169,1311,3
33170,1311,1314
33171,1311,962
33172,1311,312
33173,1311,344
33174,1311,695
33175,1311,294
33176,1311,1226
33177,1311,133
33178,1311,928
33179,1311,1324
33180,1311,1163
33181,1311,1370
33182,1311,364
33183,1311,1111
33184,1311,494
33185,1311,297
33186,1311,167
33187,1311,751
33188,1311,818
33189,1311,526
33190,1311,573
33191,1311,909
33192,1311,1064
33193,1311,503
33194,1311,1175
33195,1311,1311
33196,1311,379
33197,1311,1432
33198,1311,1016
33199,1311,1446
33200,1311,1075
33201,1311,738
33202,1311,263
33203,1311,891
33204,1311,1417
33205,1311,1156
33206,1311,840
33207,1311,645
33208,1311,1426
33209,1311,60
33210,1311,373
33211,1311,875
33212,1311,821
33213,1311,126
33214,1311,1321
33215,1311,1095
33216,1311,1141
33217,1311,780
33218,1311,1038
33219,1311,215
33220,1311,501
33221,1311,528
33222,1311,264
33223,1311,1449
33224,1311,409
33225,1311,1301
33226,1311,662
33227,1311,867
33228,1311,581
33229,1311,813
33230,1311,974
33231,1311,538
33232,1311,164
33233,1311,1303
33234,1311,1292
33235,1311,1057
33236,1311,671
33237,1311,477
33238,1311,801
33239,1311,1206
33240,1311,519
33241,1311,1253
33242,1311,608
33243,1311,685
33244,1311,190
33245,1311,1053
33246,1311,1031
33247,1311,960
33248,1311,990
33249,1311,660
33250,1311,803
33251,1311,231
33252,1311,1304
33253,1311,350
33254,1311,315
33255,1311,1060
33256,1311,690
33257,1311,583
33258,1311,530
33259,1311,166
33260,1311,102
33261,1311,605
33262,1311,1110
33263,1311,692
33264,1311,680
33265,1311,446
33266,1311,1222
33267,1311,31
33268,1311,422
33269,1311,562
33270,1311,646
33271,1311,616
33272,1311,910
33273,1311,805
33274,1311,289
33275,1311,748
33276,1311,1351
33277,1311,918
33278,1311,733
33279,1311,1421
33280,1311,1430
33281,1311,170
33282,1311,473
33283,1311,1372
33284,1311,979
33285,1311,808
33286,1311,64
33287,1311,839
33288,1311,404
33289,1311,571
33290,1311,815
33291,1311,33
33292,1311,1235
33293,1311,652
33294,1311,609
33295,1311,9
33296,1311,1219
33297,1311,782
33298,1311,658
33299,1311,78
33300,1311,741
33301,1311,1325
33302,1311,776
33303,1311,140
33304,1311,749
33305,1311,112
33306,1311,20
33307,1311,621
33308,1311,872
33309,1311,1183
33310,1277,1244
33311,1277,638
33312,1277,331
33313,1277,726
33314,1277,449
33315,1277,1213
33316,1277,360
33317,1277,1007
33318,1277,796
33319,1277,1278
33320,1277,115
33321,1277,1287
33322,1277,1272
33323,1277,325
33324,1277,57
33325,1277,684
33326,1277,1454
33327,1277,919
33328,1277,1068
33329,1277,564
33330,1277,498
33331,1277,136
33332,1277,1080
33333,1277,759
33334,1277,1330
33335,1277,45
33336,1277,754
33337,1277,279
33338,1277,728
33339,1277,18
33340,1277,1158
33341,1277,913
33342,1277,306
33343,1277,201
33344,1277,972
33345,1277,448
33346,1277,161
33347,1277,358
33348,1277,599
33349,1277,43
33350,1277,132
33351,1277,1344
33352,1277,435
33353,1277,1208
33354,1277,219
33355,1277,36
33356,1277,574
33357,1277,838
33358,1277,153
33359,1277,1352
33360,1277,34
33361,1277,71
33362,1277,551
33363,1277,1063
33364,1277,702
33365,1277,445
33366,1277,210
33367,1277,229
33368,1277,630
33369,1277,869
33370,1277,922
33371,1277,1262
33372,1277,298
33373,1277,835
33374,1277,1439
33375,1277,410
33376,1277,627
33377,1277,1366
33378,1277,716
33379,1277,80
33380,1277,1402
33381,1277,278
33382,1277,679
33383,1277,95
33384,1277,1337
33385,1277,1398
33386,1277,637
33387,1277,624
33388,1277,241
33389,1277,579
33390,1277,1233
33391,1277,661
33392,1277,1284
33393,1277,864
33394,1277,254
33395,1277,1098
33396,1277,1355
33397,1277,982
33398,1277,322
33399,1277,1405
33400,1277,1326
33401,1277,253
33402,1277,1066
33403,1277,885
33404,1277,248
33405,1277,374
33406,1277,625
33407,1277,669
33408,1277,1202
33409,1277,1257
33410,1277,225
33411,1277,92
33412,1277,567
33413,1277,693
33414,1277,1033
33415,1277,1425
33416,1277,79
33417,1277,903
33418,1277,1265
33419,1277,753
33420,1277,508
33421,1277,1188
33422,1277,6
33423,1277,912
33424,1277,1297
33425,1277,232
33426,1277,602
33427,1277,408
33428,1277,663
33429,1277,70
33430,1277,88
33431,1277,1437
33432,1277,481
33433,1277,958
33434,1277,761
33435,1277,597
33436,1277,859
33437,1277,502
33438,1277,642
33439,1277,203
33440,1277,40
33441,1277,277
33442,1277,1136
33443,1277,320
33444,1277,63
33445,1277,268
33446,1277,1431
33447,1277,222
33448,1277,431
33449,1277,544
33450,1277,134
33451,1277,1364
33452,1277,539
33453,1277,535
33454,1277,1342
33455,1277,860
33456,1277,665
33457,1277,237
33458,1277,1186
33459,1277,1024
33460,1277,783
33461,1277,1298
33462,1277,709
33463,1277,5
33464,1277,1220
33465,1277,932
33466,1277,1036
33467,1277,915
33468,1277,308
33469,1277,304
33470,1277,418
33471,1277,1077
33472,1277,993
33473,1277,1178
33474,1277,1138
33475,1277,1419
33476,1277,85
33477,1277,288
33478,1277,1133
33479,1277,1151
33480,1277,275
33481,1277,181
33482,1277,1117
33483,1277,806
33484,1277,262
33485,1277,1127
33486,1277,893
33487,1277,639
33488,1277,810
33489,1277,547
33490,1277,595
33491,1277,1010
33492,1277,131
33493,1277,269
33494,1277,96
33495,1277,456
33496,1277,1312
33497,1277,1400
33498,1277,345
33499,1277,1214
33500,1277,81
33501,1277,295
33502,1277,406
33503,1277,558
33504,1277,356
33505,1277,218
33506,1277,67
33507,1277,439
33508,1277,610
33509,1277,68
33510,1277,1062
33511,1277,927
33512,1277,841
33513,1277,1005
33514,1277,884
33515,1277,771
33516,1277,846
33517,1277,644
33518,1277,437
33519,1277,923
33520,1277,28
33521,1277,77
33522,1277,151
33523,1277,536
33524,1277,763
33525,1277,17
33526,1277,490
33527,1277,848
33528,1277,1071
33529,1277,392
33530,1277,486
33531,1277,376
33532,1277,388
33533,1277,965
33534,1277,1192
33535,1277,724
33536,1277,721
33537,1277,1093
33538,1277,296
33539,1277,474
33540,1277,606
33541,1277,1320
33542,1277,395
33543,1277,971
33544,1277,956
33545,1277,338
33546,1277,367
33547,1277,109
33548,1277,1237
33549,1277,1079
33550,1277,601
33551,1277,244
33552,1277,403
33553,1277,1018
33554,1277,159
33555,1277,906
33556,1277,483
33557,1277,1339
33558,1277,774
33559,1277,711
33560,1277,165
33561,1277,1166
33562,1277,715
33563,1277,523
33564,1277,1097
33565,1277,1230
33566,1277,822
33567,1277,221
33568,1277,335
33569,1277,732
33570,1277,785
33571,1277,613
33572,1277,1043
33573,1277,357
33574,1277,649
33575,1277,619
33576,1277,430
33577,1277,94
33578,1277,1032
33579,1277,1296
33580,1277,260
33581,1277,664
33582,1277,582
33583,1277,15
33584,1277,1415
33585,1277,1246
33586,1277,879
33587,1277,245
33588,1277,1215
33589,1277,1412
33590,1277,1333
33591,1277,1295
33592,1277,145
33593,1277,1273
33594,1277,1143
33595,1277,1410
33596,1277,654
33597,1277,1
33598,1277,8
33599,1277,777
33600,1277,657
33601,1277,484
33602,1277,703
33603,1277,1142
33604,1277,1164
33605,1277,768
33606,1277,414
33607,1277,1200
33608,1277,1438
33609,1277,464
33610,1277,1407
33611,1277,1000
33612,1277,845
33613,1277,1290
33614,1277,1401
33615,1277,689
33616,1277,1092
33617,1277,496
33618,1277,980
33619,1277,632
33620,1277,428
33621,1277,899
33622,1277,691
33623,1277,740
33624,1277,578
33625,1277,234
33626,1277,659
33627,1277,629
33628,1277,1096
33629,1277,220
33630,1277,149
33631,1277,995
33632,1277,1013
33633,1277,1173
33634,1277,342
33635,1277,419
33636,1277,640
33637,1277,1078
33638,1277,205
33639,1277,413
33640,1277,199
33641,1277,417
33642,1277,378
33643,1277,1056
33644,1277,650
33645,1277,1159
33646,1277,188
33647,1277,117
33648,1277,476
33649,1277,405
33650,1277,1148
33651,1277,1058
33652,1277,482
33653,1277,1065
33654,1277,1197
33655,1277,432
33656,1277,793
33657,1277,466
33658,1277,568
33659,1277,1135
33660,1277,1045
33661,1277,272
33662,1277,688
33663,1277,447
33664,1277,273
33665,1277,855
33666,1277,76
33667,1277,819
33668,1277,1252
33669,1277,675
33670,1277,560
33671,1277,334
33672,1277,1167
33673,1277,255
33674,1277,844
33675,1277,312
33676,1277,294
33677,1277,1226
33678,1277,1243
33679,1277,133
33680,1277,928
33681,1277,537
33682,1277,1111
33683,1277,98
33684,1277,494
33685,1277,297
33686,1277,751
33687,1277,818
33688,1277,987
33689,1277,999
33690,1277,550
33691,1277,573
33692,1277,1383
33693,1277,862
33694,1277,712
33695,1277,1311
33696,1277,379
33697,1277,1277
33698,1277,1016
33699,1277,1075
33700,1277,1343
33701,1277,1328
33702,1277,891
33703,1277,1417
33704,1277,60
33705,1277,875
33706,1277,821
33707,1277,139
33708,1277,126
33709,1277,1095
33710,1277,1141
33711,1277,842
33712,1277,780
33713,1277,479
33714,1277,172
33715,1277,501
33716,1277,407
33717,1277,1259
33718,1277,382
33719,1277,1449
33720,1277,1225
33721,1277,409
33722,1277,662
33723,1277,867
33724,1277,1403
33725,1277,581
33726,1277,531
33727,1277,813
33728,1277,276
33729,1277,974
33730,1277,538
33731,1277,1303
33732,1277,1292
33733,1277,1057
33734,1277,1206
33735,1277,93
33736,1277,507
33737,1277,1253
33738,1277,608
33739,1277,685
33740,1277,992
33741,1277,1027
33742,1277,1053
33743,1277,1031
33744,1277,960
33745,1277,660
33746,1277,803
33747,1277,1304
33748,1277,350
33749,1277,315
33750,1277,1060
33751,1277,530
33752,1277,762
33753,1277,102
33754,1277,1144
33755,1277,1313
33756,1277,1110
33757,1277,943
33758,1277,823
33759,1277,680
33760,1277,110
33761,1277,1222
33762,1277,422
33763,1277,42
33764,1277,319
33765,1277,837
33766,1277,389
33767,1277,646
33768,1277,192
33769,1277,743
33770,1277,1351
33771,1277,1172
33772,1277,933
33773,1277,1421
33774,1277,170
33775,1277,49
33776,1277,667
33777,1277,64
33778,1277,839
33779,1277,571
33780,1277,815
33781,1277,1235
33782,1277,652
33783,1277,26
33784,1277,9
33785,1277,1219
33786,1277,782
33787,1277,78
33788,1277,1275
33789,1277,1434
33790,1277,886
33791,1277,1325
33792,1277,140
33793,1277,760
33794,1277,112
33795,1277,461
33796,1277,436
33797,1277,20
33798,1277,621
33799,1277,1051
33800,1277,1362
33801,1277,614
33802,1446,638
33803,1446,1213
33804,1446,1007
33805,1446,1068
33806,1446,717
33807,1446,1080
33808,1446,18
33809,1446,1242
33810,1446,624
33811,1446,223
33812,1446,79
33813,1446,663
33814,1446,1162
33815,1446,1361
33816,1446,162
33817,1446,588
33818,1446,1133
33819,1446,147
33820,1446,456
33821,1446,558
33822,1446,1093
33823,1446,606
33824,1446,216
33825,1446,968
33826,1446,619
33827,1446,582
33828,1446,1410
33829,1446,654
33830,1446,938
33831,1446,1229
33832,1446,1092
33833,1446,755
33834,1446,899
33835,1446,205
33836,1446,568
33837,1446,802
33838,1446,819
33839,1446,573
33840,1446,909
33841,1446,1432
33842,1446,1417
33843,1446,126
33844,1446,1301
33845,1446,581
33846,1446,190
33847,1446,960
33848,1446,803
33849,1446,1222
33850,1446,422
33851,1446,1421
33852,1446,1372
33853,1446,808
33854,1446,64
33855,1446,112
33856,1446,346
33857,944,638
33858,944,1280
33859,944,157
33860,944,79
33861,944,232
33862,944,958
33863,944,456
33864,944,763
33865,944,292
33866,944,568
33867,944,247
33868,944,962
33869,944,1432
33870,944,164
33871,944,685
33872,944,190
33873,944,1222
33874,944,1235
33875,944,1362
33876,1075,1244
33877,1075,1074
33878,1075,638
33879,1075,555
33880,1075,331
33881,1075,726
33882,1075,1213
33883,1075,360
33884,1075,1007
33885,1075,361
33886,1075,19
33887,1075,1454
33888,1075,919
33889,1075,1068
33890,1075,1181
33891,1075,351
33892,1075,548
33893,1075,420
33894,1075,717
33895,1075,22
33896,1075,1091
33897,1075,136
33898,1075,1357
33899,1075,1080
33900,1075,623
33901,1075,1443
33902,1075,1283
33903,1075,977
33904,1075,365
33905,1075,728
33906,1075,18
33907,1075,752
33908,1075,306
33909,1075,201
33910,1075,448
33911,1075,1428
33912,1075,599
33913,1075,1344
33914,1075,435
33915,1075,1208
33916,1075,1346
33917,1075,1130
33918,1075,1322
33919,1075,73
33920,1075,838
33921,1075,153
33922,1075,1352
33923,1075,71
33924,1075,833
33925,1075,1450
33926,1075,1063
33927,1075,694
33928,1075,702
33929,1075,445
33930,1075,1293
33931,1075,229
33932,1075,298
33933,1075,835
33934,1075,1009
33935,1075,1439
33936,1075,779
33937,1075,679
33938,1075,1337
33939,1075,1398
33940,1075,976
33941,1075,525
33942,1075,624
33943,1075,434
33944,1075,1233
33945,1075,157
33946,1075,254
33947,1075,982
33948,1075,1420
33949,1075,1306
33950,1075,603
33951,1075,492
33952,1075,1204
33953,1075,135
33954,1075,1198
33955,1075,327
33956,1075,1405
33957,1075,1326
33958,1075,433
33959,1075,1066
33960,1075,885
33961,1075,626
33962,1075,374
33963,1075,250
33964,1075,1202
33965,1075,1257
33966,1075,92
33967,1075,223
33968,1075,1037
33969,1075,693
33970,1075,1425
33971,1075,79
33972,1075,1265
33973,1075,753
33974,1075,1297
33975,1075,232
33976,1075,602
33977,1075,311
33978,1075,663
33979,1075,70
33980,1075,1195
33981,1075,88
33982,1075,1437
33983,1075,421
33984,1075,597
33985,1075,859
33986,1075,1162
33987,1075,642
33988,1075,120
33989,1075,1147
33990,1075,277
33991,1075,1136
33992,1075,540
33993,1075,268
33994,1075,1431
33995,1075,222
33996,1075,193
33997,1075,1361
33998,1075,134
33999,1075,1364
34000,1075,860
34001,1075,125
34002,1075,162
34003,1075,348
34004,1075,758
34005,1075,1120
34006,1075,598
34007,1075,588
34008,1075,709
34009,1075,46
34010,1075,767
34011,1075,5
34012,1075,1220
34013,1075,1179
34014,1075,1138
34015,1075,700
34016,1075,696
34017,1075,1026
34018,1075,328
34019,1075,1151
34020,1075,1340
34021,1075,275
34022,1075,806
34023,1075,1422
34024,1075,737
34025,1075,262
34026,1075,1046
34027,1075,639
34028,1075,810
34029,1075,1099
34030,1075,96
34031,1075,147
34032,1075,456
34033,1075,1400
34034,1075,345
34035,1075,81
34036,1075,295
34037,1075,790
34038,1075,113
34039,1075,558
34040,1075,68
34041,1075,1107
34042,1075,927
34043,1075,841
34044,1075,246
34045,1075,771
34046,1075,846
34047,1075,644
34048,1075,437
34049,1075,651
34050,1075,923
34051,1075,55
34052,1075,151
34053,1075,763
34054,1075,1106
34055,1075,1020
34056,1075,1071
34057,1075,392
34058,1075,486
34059,1075,1345
34060,1075,731
34061,1075,724
34062,1075,721
34063,1075,1093
34064,1075,296
34065,1075,606
34066,1075,1320
34067,1075,216
34068,1075,395
34069,1075,968
34070,1075,698
34071,1075,338
34072,1075,367
34073,1075,997
34074,1075,970
34075,1075,109
34076,1075,1237
34077,1075,601
34078,1075,1018
34079,1075,1408
34080,1075,1154
34081,1075,1061
34082,1075,196
34083,1075,1331
34084,1075,483
34085,1075,1239
34086,1075,363
34087,1075,711
34088,1075,165
34089,1075,1003
34090,1075,1427
34091,1075,620
34092,1075,723
34093,1075,1230
34094,1075,221
34095,1075,357
34096,1075,649
34097,1075,619
34098,1075,541
34099,1075,1032
34100,1075,260
34101,1075,1115
34102,1075,951
34103,1075,582
34104,1075,15
34105,1075,384
34106,1075,1254
34107,1075,1246
34108,1075,287
34109,1075,879
34110,1075,245
34111,1075,226
34112,1075,1368
34113,1075,1333
34114,1075,1143
34115,1075,1410
34116,1075,654
34117,1075,1176
34118,1075,1394
34119,1075,657
34120,1075,233
34121,1075,484
34122,1075,703
34123,1075,1142
34124,1075,768
34125,1075,371
34126,1075,938
34127,1075,429
34128,1075,1447
34129,1075,1438
34130,1075,1407
34131,1075,1229
34132,1075,1000
34133,1075,1205
34134,1075,1290
34135,1075,44
34136,1075,1092
34137,1075,496
34138,1075,462
34139,1075,72
34140,1075,980
34141,1075,755
34142,1075,1042
34143,1075,428
34144,1075,900
34145,1075,899
34146,1075,497
34147,1075,691
34148,1075,991
34149,1075,629
34150,1075,995
34151,1075,1173
34152,1075,236
34153,1075,342
34154,1075,1041
34155,1075,205
34156,1075,413
34157,1075,199
34158,1075,378
34159,1075,1056
34160,1075,650
34161,1075,1159
34162,1075,117
34163,1075,676
34164,1075,1065
34165,1075,1197
34166,1075,432
34167,1075,793
34168,1075,568
34169,1075,1125
34170,1075,814
34171,1075,1135
34172,1075,1045
34173,1075,272
34174,1075,688
34175,1075,273
34176,1075,802
34177,1075,819
34178,1075,1177
34179,1075,467
34180,1075,402
34181,1075,334
34182,1075,1167
34183,1075,255
34184,1075,247
34185,1075,3
34186,1075,1314
34187,1075,962
34188,1075,695
34189,1075,454
34190,1075,133
34191,1075,1370
34192,1075,364
34193,1075,1111
34194,1075,297
34195,1075,167
34196,1075,1184
34197,1075,372
34198,1075,526
34199,1075,550
34200,1075,573
34201,1075,1175
34202,1075,1311
34203,1075,379
34204,1075,1432
34205,1075,56
34206,1075,1446
34207,1075,1075
34208,1075,738
34209,1075,263
34210,1075,1343
34211,1075,891
34212,1075,1417
34213,1075,1156
34214,1075,840
34215,1075,60
34216,1075,875
34217,1075,1095
34218,1075,1141
34219,1075,842
34220,1075,355
34221,1075,780
34222,1075,1038
34223,1075,215
34224,1075,479
34225,1075,501
34226,1075,528
34227,1075,1259
34228,1075,1069
34229,1075,1030
34230,1075,1449
34231,1075,75
34232,1075,1225
34233,1075,409
34234,1075,377
34235,1075,1301
34236,1075,662
34237,1075,581
34238,1075,611
34239,1075,164
34240,1075,1292
34241,1075,1057
34242,1075,477
34243,1075,1291
34244,1075,685
34245,1075,190
34246,1075,1027
34247,1075,1031
34248,1075,635
34249,1075,960
34250,1075,990
34251,1075,660
34252,1075,803
34253,1075,705
34254,1075,1304
34255,1075,350
34256,1075,1060
34257,1075,102
34258,1075,605
34259,1075,680
34260,1075,110
34261,1075,446
34262,1075,1222
34263,1075,422
34264,1075,42
34265,1075,1022
34266,1075,389
34267,1075,646
34268,1075,1268
34269,1075,981
34270,1075,289
34271,1075,748
34272,1075,1351
34273,1075,918
34274,1075,1261
34275,1075,1172
34276,1075,933
34277,1075,1421
34278,1075,170
34279,1075,473
34280,1075,1372
34281,1075,979
34282,1075,808
34283,1075,64
34284,1075,815
34285,1075,1413
34286,1075,1235
34287,1075,652
34288,1075,9
34289,1075,1219
34290,1075,54
34291,1075,78
34292,1075,886
34293,1075,749
34294,1075,112
34295,1075,952
34296,1075,20
34297,1075,346
34298,1075,614
34299,1075,1183
34300,738,1374
34301,738,1074
34302,738,898
34303,738,636
34304,738,1114
34305,738,387
34306,738,638
34307,738,555
34308,738,331
34309,738,726
34310,738,1213
34311,738,347
34312,738,1007
34313,738,796
34314,738,185
34315,738,618
34316,738,706
34317,738,1287
34318,738,1272
34319,738,1157
34320,738,235
34321,738,684
34322,738,504
34323,738,332
34324,738,1068
34325,738,1181
34326,738,351
34327,738,548
34328,738,1354
34329,738,628
34330,738,420
34331,738,564
34332,738,1255
34333,738,717
34334,738,1091
34335,738,1357
34336,738,1080
34337,738,759
34338,738,589
34339,738,623
34340,738,1263
34341,738,1443
34342,738,1283
34343,738,66
34344,738,728
34345,738,18
34346,738,118
34347,738,913
34348,738,798
34349,738,306
34350,738,201
34351,738,1201
34352,738,448
34353,738,1373
34354,738,161
34355,738,358
34356,738,1428
34357,738,1344
34358,738,576
34359,738,1130
34360,738,1322
34361,738,219
34362,738,73
34363,738,369
34364,738,838
34365,738,153
34366,738,489
34367,738,1352
34368,738,34
34369,738,1002
34370,738,833
34371,738,1063
34372,738,694
34373,738,702
34374,738,204
34375,738,513
34376,738,316
34377,738,445
34378,738,1242
34379,738,1376
34380,738,210
34381,738,1293
34382,738,229
34383,738,869
34384,738,274
34385,738,835
34386,738,1439
34387,738,410
34388,738,1155
34389,738,522
34390,738,779
34391,738,1363
34392,738,383
34393,738,509
34394,738,1210
34395,738,1337
34396,738,1398
34397,738,1029
34398,738,637
34399,738,976
34400,738,525
34401,738,624
34402,738,604
34403,738,144
34404,738,241
34405,738,579
34406,738,1112
34407,738,809
34408,738,434
34409,738,1358
34410,738,1233
34411,738,794
34412,738,661
34413,738,1327
34414,738,864
34415,738,1404
34416,738,254
34417,738,1098
34418,738,934
34419,738,1306
34420,738,603
34421,738,1204
34422,738,1198
34423,738,327
34424,738,211
34425,738,719
34426,738,830
34427,738,138
34428,738,322
34429,738,1326
34430,738,114
34431,738,433
34432,738,1455
34433,738,1066
34434,738,812
34435,738,885
34436,738,626
34437,738,248
34438,738,374
34439,738,669
34440,738,206
34441,738,250
34442,738,1202
34443,738,1257
34444,738,1391
34445,738,225
34446,738,766
34447,738,200
34448,738,656
34449,738,301
34450,738,92
34451,738,553
34452,738,223
34453,738,119
34454,738,567
34455,738,455
34456,738,693
34457,738,847
34458,738,106
34459,738,1425
34460,738,189
34461,738,1250
34462,738,79
34463,738,1265
34464,738,508
34465,738,1188
34466,738,6
34467,738,1297
34468,738,232
34469,738,311
34470,738,408
34471,738,663
34472,738,70
34473,738,314
34474,738,174
34475,738,1195
34476,738,88
34477,738,1437
34478,738,1310
34479,738,421
34480,738,1435
34481,738,958
34482,738,761
34483,738,154
34484,738,11
34485,738,859
34486,738,1162
34487,738,177
34488,738,502
34489,738,642
34490,738,478
34491,738,1260
34492,738,203
34493,738,40
34494,738,1224
34495,738,277
34496,738,1136
34497,738,63
34498,738,450
34499,738,505
34500,738,540
34501,738,268
34502,738,1431
34503,738,1006
34504,738,193
34505,738,1361
34506,738,1194
34507,738,134
34508,738,1364
34509,738,539
34510,738,946
34511,738,843
34512,738,1161
34513,738,535
34514,738,127
34515,738,1342
34516,738,860
34517,738,313
34518,738,125
34519,738,162
34520,738,758
34521,738,1334
34522,738,817
34523,738,468
34524,738,280
34525,738,396
34526,738,1186
34527,738,265
34528,738,729
34529,738,1024
34530,738,1332
34531,738,791
34532,738,764
34533,738,1120
34534,738,588
34535,738,709
34536,738,767
34537,738,1388
34538,738,5
34539,738,549
34540,738,1220
34541,738,308
34542,738,1100
34543,738,926
34544,738,1077
34545,738,1179
34546,738,993
34547,738,1178
34548,738,1138
34549,738,487
34550,738,1445
34551,738,288
34552,738,116
34553,738,1305
34554,738,700
34555,738,1241
34556,738,520
34557,738,1026
34558,738,328
34559,738,1151
34560,738,1340
34561,738,275
34562,738,1083
34563,738,806
34564,738,565
34565,738,393
34566,738,1121
34567,738,788
34568,738,324
34569,738,911
34570,738,1127
34571,738,893
34572,738,639
34573,738,810
34574,738,547
34575,738,595
34576,738,1010
34577,738,131
34578,738,96
34579,738,147
34580,738,456
34581,738,989
34582,738,566
34583,738,940
34584,738,929
34585,738,81
34586,738,666
34587,738,790
34588,738,1048
34589,738,356
34590,738,218
34591,738,1316
34592,738,967
34593,738,67
34594,738,1131
34595,738,68
34596,738,1107
34597,738,927
34598,738,841
34599,738,861
34600,738,1005
34601,738,246
34602,738,1382
34603,738,617
34604,738,884
34605,738,771
34606,738,846
34607,738,644
34608,738,437
34609,738,108
34610,738,923
34611,738,832
34612,738,1371
34613,738,55
34614,738,28
34615,738,77
34616,738,257
34617,738,151
34618,738,763
34619,738,284
34620,738,1106
34621,738,490
34622,738,1020
34623,738,848
34624,738,463
34625,738,1011
34626,738,1071
34627,738,198
34628,738,21
34629,738,677
34630,738,908
34631,738,61
34632,738,89
34633,738,529
34634,738,722
34635,738,376
34636,738,388
34637,738,100
34638,738,731
34639,738,1348
34640,738,724
34641,738,878
34642,738,721
34643,738,1093
34644,738,296
34645,738,474
34646,738,27
34647,738,341
34648,738,606
34649,738,1320
34650,738,587
34651,738,395
34652,738,968
34653,738,956
34654,738,209
34655,738,146
34656,738,338
34657,738,367
34658,738,1269
34659,738,518
34660,738,997
34661,738,970
34662,738,600
34663,738,601
34664,738,243
34665,738,244
34666,738,851
34667,738,1408
34668,738,1154
34669,738,292
34670,738,1061
34671,738,366
34672,738,196
34673,738,191
34674,738,906
34675,738,1331
34676,738,1239
34677,738,1231
34678,738,182
34679,738,363
34680,738,521
34681,738,711
34682,738,1003
34683,738,137
34684,738,307
34685,738,290
34686,738,1423
34687,738,359
34688,738,715
34689,738,723
34690,738,1230
34691,738,469
34692,738,822
34693,738,221
34694,738,1017
34695,738,732
34696,738,452
34697,738,74
34698,738,613
34699,738,1101
34700,738,357
34701,738,649
34702,738,619
34703,738,541
34704,738,1032
34705,738,1360
34706,738,986
34707,738,260
34708,738,460
34709,738,664
34710,738,708
34711,738,15
34712,738,1442
34713,738,59
34714,738,384
34715,738,612
34716,738,1246
34717,738,87
34718,738,287
34719,738,415
34720,738,398
34721,738,879
34722,738,245
34723,738,1393
34724,738,1105
34725,738,745
34726,738,226
34727,738,1412
34728,738,1333
34729,738,385
34730,738,145
34731,738,24
34732,738,1040
34733,738,1410
34734,738,1149
34735,738,654
34736,738,1217
34737,738,1
34738,738,451
34739,738,1394
34740,738,1082
34741,738,924
34742,738,8
34743,738,950
34744,738,777
34745,738,233
34746,738,703
34747,738,1142
34748,738,1164
34749,738,768
34750,738,371
34751,738,938
34752,738,1200
34753,738,1380
34754,738,1438
34755,738,1019
34756,738,230
34757,738,1407
34758,738,1229
34759,738,797
34760,738,465
34761,738,281
34762,738,1000
34763,738,845
34764,738,1290
34765,738,687
34766,738,44
34767,738,1092
34768,738,496
34769,738,462
34770,738,354
34771,738,980
34772,738,1042
34773,738,900
34774,738,186
34775,738,899
34776,738,829
34777,738,691
34778,738,991
34779,738,895
34780,738,659
34781,738,629
34782,738,734
34783,738,149
34784,738,995
34785,738,983
34786,738,1054
34787,738,939
34788,738,1013
34789,738,1173
34790,738,342
34791,738,831
34792,738,517
34793,738,419
34794,738,1041
34795,738,640
34796,738,1050
34797,738,1171
34798,738,205
34799,738,413
34800,738,199
34801,738,417
34802,738,378
34803,738,1056
34804,738,650
34805,738,1159
34806,738,188
34807,738,117
34808,738,305
34809,738,499
34810,738,676
34811,738,1058
34812,738,482
34813,738,1197
34814,738,432
34815,738,251
34816,738,793
34817,738,568
34818,738,1125
34819,738,814
34820,738,105
34821,738,1135
34822,738,1045
34823,738,272
34824,738,688
34825,738,543
34826,738,163
34827,738,447
34828,738,343
34829,738,273
34830,738,1441
34831,738,802
34832,738,552
34833,738,577
34834,738,1090
34835,738,1251
34836,738,76
34837,738,819
34838,738,283
34839,738,1177
34840,738,402
34841,738,1252
34842,738,1052
34843,738,1433
34844,738,334
34845,738,1153
34846,738,255
34847,738,247
34848,738,1288
34849,738,1314
34850,738,344
34851,738,294
34852,738,454
34853,738,240
34854,738,133
34855,738,1324
34856,738,1163
34857,738,364
34858,738,1111
34859,738,892
34860,738,772
34861,738,98
34862,738,1392
34863,738,494
34864,738,297
34865,738,390
34866,738,12
34867,738,526
34868,738,786
34869,738,1104
34870,738,1025
34871,738,757
34872,738,1064
34873,738,1175
34874,738,712
34875,738,510
34876,738,1311
34877,738,1432
34878,738,56
34879,738,1016
34880,738,340
34881,738,1075
34882,738,1190
34883,738,1335
34884,738,1424
34885,738,738
34886,738,263
34887,738,945
34888,738,1417
34889,738,175
34890,738,1156
34891,738,840
34892,738,60
34893,738,373
34894,738,678
34895,738,875
34896,738,412
34897,738,126
34898,738,1321
34899,738,1095
34900,738,1141
34901,738,914
34902,738,842
34903,738,907
34904,738,355
34905,738,780
34906,738,1038
34907,738,215
34908,738,836
34909,738,479
34910,738,172
34911,738,501
34912,738,528
34913,738,1030
34914,738,264
34915,738,1449
34916,738,75
34917,738,998
34918,738,1301
34919,738,662
34920,738,1384
34921,738,867
34922,738,150
34923,738,1414
34924,738,1285
34925,738,581
34926,738,1232
34927,738,974
34928,738,611
34929,738,538
34930,738,164
34931,738,1057
34932,738,1248
34933,738,655
34934,738,1329
34935,738,1206
34936,738,93
34937,738,592
34938,738,1444
34939,738,515
34940,738,519
34941,738,1291
34942,738,685
34943,738,1027
34944,738,1086
34945,738,1053
34946,738,1031
34947,738,699
34948,738,750
34949,738,960
34950,738,868
34951,738,990
34952,738,660
34953,738,285
34954,738,803
34955,738,231
34956,738,1060
34957,738,762
34958,738,166
34959,738,1144
34960,738,605
34961,738,1313
34962,738,984
34963,738,1110
34964,738,943
34965,738,13
34966,738,680
34967,738,110
34968,738,58
34969,738,446
34970,738,1222
34971,738,1452
34972,738,422
34973,738,42
34974,738,1022
34975,738,389
34976,738,616
34977,738,641
34978,738,910
34979,738,1268
34980,738,978
34981,738,981
34982,738,748
34983,738,171
34984,738,743
34985,738,1351
34986,738,918
34987,738,733
34988,738,1172
34989,738,933
34990,738,1421
34991,738,1430
34992,738,170
34993,738,473
34994,738,1372
34995,738,979
34996,738,808
34997,738,299
34998,738,64
34999,738,404
35000,738,571
35001,738,815
35002,738,1413
35003,738,33
35004,738,1235
35005,738,124
35006,738,652
35007,738,26
35008,738,9
35009,738,1219
35010,738,889
35011,738,782
35012,738,1289
35013,738,54
35014,738,1434
35015,738,140
35016,738,749
35017,738,461
35018,738,952
35019,738,20
35020,738,346
35021,738,621
35022,738,1362
35023,738,1183
35024,263,1213
35025,263,332
35026,263,717
35027,263,18
35028,263,1130
35029,263,153
35030,263,1352
35031,263,1063
35032,263,210
35033,263,298
35034,263,809
35035,263,1204
35036,263,327
35037,263,1405
35038,263,1455
35039,263,223
35040,263,232
35041,263,663
35042,263,314
35043,263,1435
35044,263,588
35045,263,1179
35046,263,1138
35047,263,1026
35048,263,262
35049,263,96
35050,263,147
35051,263,456
35052,263,846
35053,263,923
35054,263,1071
35055,263,698
35056,263,338
35057,263,970
35058,263,196
35059,263,582
35060,263,1410
35061,263,654
35062,263,208
35063,263,703
35064,263,938
35065,263,1229
35066,263,496
35067,263,900
35068,263,205
35069,263,1159
35070,263,432
35071,263,195
35072,263,819
35073,263,909
35074,263,1025
35075,263,1432
35076,263,263
35077,263,1343
35078,263,1417
35079,263,840
35080,263,1225
35081,263,1301
35082,263,164
35083,263,1057
35084,263,960
35085,263,660
35086,263,102
35087,263,110
35088,263,1222
35089,263,1022
35090,263,748
35091,263,1430
35092,263,1372
35093,263,64
35094,263,652
35095,263,749
35096,263,1362
35097,1343,327
35098,1343,456
35099,1343,582
35100,1343,654
35101,1343,573
35102,1343,1222
35103,1343,652
35104,1328,638
35105,1328,555
35106,1328,726
35107,1328,1213
35108,1328,1007
35109,1328,57
35110,1328,1454
35111,1328,919
35112,1328,1181
35113,1328,351
35114,1328,564
35115,1328,897
35116,1328,1280
35117,1328,717
35118,1328,136
35119,1328,623
35120,1328,66
35121,1328,365
35122,1328,18
35123,1328,438
35124,1328,306
35125,1328,1211
35126,1328,1373
35127,1328,599
35128,1328,1344
35129,1328,1208
35130,1328,1130
35131,1328,1322
35132,1328,838
35133,1328,1352
35134,1328,551
35135,1328,833
35136,1328,1063
35137,1328,702
35138,1328,445
35139,1328,1293
35140,1328,922
35141,1328,590
35142,1328,410
35143,1328,522
35144,1328,716
35145,1328,197
35146,1328,679
35147,1328,1398
35148,1328,976
35149,1328,604
35150,1328,144
35151,1328,579
35152,1328,809
35153,1328,661
35154,1328,1284
35155,1328,254
35156,1328,982
35157,1328,603
35158,1328,1204
35159,1328,327
35160,1328,1405
35161,1328,1455
35162,1328,1066
35163,1328,885
35164,1328,374
35165,1328,206
35166,1328,225
35167,1328,656
35168,1328,553
35169,1328,567
35170,1328,693
35171,1328,79
35172,1328,1265
35173,1328,753
35174,1328,1188
35175,1328,6
35176,1328,1297
35177,1328,311
35178,1328,663
35179,1328,70
35180,1328,314
35181,1328,174
35182,1328,88
35183,1328,1435
35184,1328,958
35185,1328,761
35186,1328,11
35187,1328,859
35188,1328,642
35189,1328,478
35190,1328,1136
35191,1328,268
35192,1328,222
35193,1328,1361
35194,1328,556
35195,1328,1342
35196,1328,850
35197,1328,468
35198,1328,588
35199,1328,709
35200,1328,46
35201,1328,549
35202,1328,308
35203,1328,1077
35204,1328,1179
35205,1328,1026
35206,1328,1151
35207,1328,810
35208,1328,336
35209,1328,131
35210,1328,96
35211,1328,147
35212,1328,456
35213,1328,345
35214,1328,81
35215,1328,558
35216,1328,148
35217,1328,68
35218,1328,1062
35219,1328,927
35220,1328,1005
35221,1328,1382
35222,1328,884
35223,1328,644
35224,1328,437
35225,1328,923
35226,1328,55
35227,1328,763
35228,1328,1071
35229,1328,392
35230,1328,198
35231,1328,376
35232,1328,1192
35233,1328,724
35234,1328,1093
35235,1328,606
35236,1328,1320
35237,1328,216
35238,1328,1369
35239,1328,956
35240,1328,698
35241,1328,338
35242,1328,367
35243,1328,292
35244,1328,196
35245,1328,1331
35246,1328,307
35247,1328,1230
35248,1328,335
35249,1328,1017
35250,1328,732
35251,1328,649
35252,1328,619
35253,1328,1032
35254,1328,260
35255,1328,664
35256,1328,582
35257,1328,15
35258,1328,1246
35259,1328,879
35260,1328,1294
35261,1328,1333
35262,1328,1040
35263,1328,1273
35264,1328,1394
35265,1328,208
35266,1328,777
35267,1328,233
35268,1328,703
35269,1328,371
35270,1328,938
35271,1328,1380
35272,1328,1438
35273,1328,1407
35274,1328,281
35275,1328,496
35276,1328,462
35277,1328,428
35278,1328,900
35279,1328,186
35280,1328,659
35281,1328,629
35282,1328,149
35283,1328,939
35284,1328,947
35285,1328,1173
35286,1328,1078
35287,1328,413
35288,1328,188
35289,1328,117
35290,1328,432
35291,1328,568
35292,1328,814
35293,1328,272
35294,1328,273
35295,1328,1441
35296,1328,819
35297,1328,402
35298,1328,255
35299,1328,247
35300,1328,695
35301,1328,294
35302,1328,1243
35303,1328,1370
35304,1328,999
35305,1328,550
35306,1328,573
35307,1328,909
35308,1328,1064
35309,1328,1432
35310,1328,340
35311,1328,738
35312,1328,263
35313,1328,1417
35314,1328,60
35315,1328,373
35316,1328,412
35317,1328,1095
35318,1328,780
35319,1328,1449
35320,1328,409
35321,1328,1301
35322,1328,662
35323,1328,867
35324,1328,611
35325,1328,164
35326,1328,1057
35327,1328,1248
35328,1328,685
35329,1328,190
35330,1328,1031
35331,1328,960
35332,1328,660
35333,1328,231
35334,1328,1304
35335,1328,883
35336,1328,1060
35337,1328,102
35338,1328,1110
35339,1328,680
35340,1328,446
35341,1328,1222
35342,1328,422
35343,1328,646
35344,1328,1268
35345,1328,748
35346,1328,1351
35347,1328,918
35348,1328,1421
35349,1328,1430
35350,1328,170
35351,1328,473
35352,1328,1372
35353,1328,979
35354,1328,667
35355,1328,64
35356,1328,839
35357,1328,404
35358,1328,815
35359,1328,1235
35360,1328,652
35361,1328,9
35362,1328,1219
35363,1328,78
35364,1328,741
35365,1328,749
35366,1328,436
35367,1328,20
35368,1328,621
35369,1328,1362
35370,1328,1183
35371,1156,232
35372,1156,541
35373,1156,1333
35374,1156,1056
35375,1156,1311
35376,1156,1432
35377,1156,1343
35378,1156,840
35379,1156,1222
35380,1156,652
35381,1156,749
35382,1426,1346
35383,1426,97
35384,1426,41
35385,1426,189
35386,1426,697
35387,1426,1168
35388,1426,1185
35389,1426,1316
35390,1426,151
35391,1426,532
35392,1426,1252
35393,1426,1274
35394,1426,1088
35395,1426,1222
35396,1426,173
35397,1321,1074
35398,1321,638
35399,1321,331
35400,1321,1213
35401,1321,1007
35402,1321,115
35403,1321,57
35404,1321,500
35405,1321,19
35406,1321,1454
35407,1321,919
35408,1321,332
35409,1321,1068
35410,1321,1181
35411,1321,548
35412,1321,1280
35413,1321,717
35414,1321,1357
35415,1321,1080
35416,1321,589
35417,1321,623
35418,1321,1283
35419,1321,66
35420,1321,365
35421,1321,728
35422,1321,18
35423,1321,913
35424,1321,306
35425,1321,201
35426,1321,358
35427,1321,599
35428,1321,1070
35429,1321,1344
35430,1321,1208
35431,1321,1130
35432,1321,1322
35433,1321,219
35434,1321,73
35435,1321,877
35436,1321,838
35437,1321,1352
35438,1321,34
35439,1321,71
35440,1321,833
35441,1321,1063
35442,1321,702
35443,1321,513
35444,1321,445
35445,1321,411
35446,1321,298
35447,1321,590
35448,1321,1439
35449,1321,779
35450,1321,509
35451,1321,95
35452,1321,1337
35453,1321,1398
35454,1321,976
35455,1321,624
35456,1321,809
35457,1321,661
35458,1321,1284
35459,1321,157
35460,1321,1327
35461,1321,254
35462,1321,1420
35463,1321,1306
35464,1321,603
35465,1321,1204
35466,1321,1198
35467,1321,327
35468,1321,1455
35469,1321,1066
35470,1321,885
35471,1321,374
35472,1321,250
35473,1321,1202
35474,1321,1257
35475,1321,1391
35476,1321,92
35477,1321,223
35478,1321,567
35479,1321,693
35480,1321,1425
35481,1321,903
35482,1321,1265
35483,1321,508
35484,1321,1188
35485,1321,232
35486,1321,602
35487,1321,311
35488,1321,663
35489,1321,70
35490,1321,174
35491,1321,1310
35492,1321,421
35493,1321,958
35494,1321,859
35495,1321,642
35496,1321,277
35497,1321,1136
35498,1321,63
35499,1321,450
35500,1321,540
35501,1321,1134
35502,1321,222
35503,1321,1361
35504,1321,1194
35505,1321,134
35506,1321,1364
35507,1321,556
35508,1321,860
35509,1321,348
35510,1321,758
35511,1321,1334
35512,1321,817
35513,1321,850
35514,1321,396
35515,1321,265
35516,1321,783
35517,1321,1120
35518,1321,1298
35519,1321,588
35520,1321,709
35521,1321,767
35522,1321,5
35523,1321,549
35524,1321,1220
35525,1321,308
35526,1321,304
35527,1321,82
35528,1321,1179
35529,1321,993
35530,1321,184
35531,1321,288
35532,1321,696
35533,1321,1026
35534,1321,328
35535,1321,1151
35536,1321,1117
35537,1321,806
35538,1321,737
35539,1321,639
35540,1321,1010
35541,1321,96
35542,1321,147
35543,1321,456
35544,1321,1400
35545,1321,566
35546,1321,345
35547,1321,81
35548,1321,790
35549,1321,558
35550,1321,148
35551,1321,68
35552,1321,1062
35553,1321,927
35554,1321,841
35555,1321,1005
35556,1321,704
35557,1321,617
35558,1321,771
35559,1321,53
35560,1321,437
35561,1321,651
35562,1321,923
35563,1321,832
35564,1321,55
35565,1321,763
35566,1321,17
35567,1321,1071
35568,1321,486
35569,1321,742
35570,1321,724
35571,1321,721
35572,1321,474
35573,1321,606
35574,1321,1320
35575,1321,216
35576,1321,395
35577,1321,968
35578,1321,956
35579,1321,698
35580,1321,338
35581,1321,183
35582,1321,367
35583,1321,997
35584,1321,970
35585,1321,109
35586,1321,1154
35587,1321,292
35588,1321,1061
35589,1321,366
35590,1321,196
35591,1321,1331
35592,1321,483
35593,1321,363
35594,1321,165
35595,1321,1003
35596,1321,307
35597,1321,1230
35598,1321,221
35599,1321,335
35600,1321,732
35601,1321,452
35602,1321,613
35603,1321,357
35604,1321,649
35605,1321,619
35606,1321,1032
35607,1321,880
35608,1321,260
35609,1321,582
35610,1321,15
35611,1321,384
35612,1321,1254
35613,1321,1246
35614,1321,87
35615,1321,90
35616,1321,1368
35617,1321,1333
35618,1321,1273
35619,1321,1143
35620,1321,1410
35621,1321,249
35622,1321,1
35623,1321,451
35624,1321,208
35625,1321,657
35626,1321,233
35627,1321,703
35628,1321,768
35629,1321,371
35630,1321,1438
35631,1321,1407
35632,1321,1401
35633,1321,687
35634,1321,1092
35635,1321,496
35636,1321,462
35637,1321,980
35638,1321,14
35639,1321,755
35640,1321,900
35641,1321,829
35642,1321,991
35643,1321,10
35644,1321,995
35645,1321,1054
35646,1321,939
35647,1321,236
35648,1321,342
35649,1321,419
35650,1321,1050
35651,1321,1078
35652,1321,205
35653,1321,413
35654,1321,199
35655,1321,417
35656,1321,378
35657,1321,1056
35658,1321,650
35659,1321,188
35660,1321,117
35661,1321,476
35662,1321,1148
35663,1321,1065
35664,1321,1197
35665,1321,432
35666,1321,793
35667,1321,1135
35668,1321,272
35669,1321,163
35670,1321,447
35671,1321,273
35672,1321,1441
35673,1321,391
35674,1321,802
35675,1321,25
35676,1321,819
35677,1321,283
35678,1321,334
35679,1321,1153
35680,1321,255
35681,1321,247
35682,1321,962
35683,1321,312
35684,1321,1226
35685,1321,1243
35686,1321,133
35687,1321,955
35688,1321,1163
35689,1321,1370
35690,1321,364
35691,1321,1111
35692,1321,297
35693,1321,751
35694,1321,526
35695,1321,573
35696,1321,909
35697,1321,1025
35698,1321,1064
35699,1321,1311
35700,1321,379
35701,1321,56
35702,1321,1446
35703,1321,1075
35704,1321,738
35705,1321,263
35706,1321,1343
35707,1321,1328
35708,1321,891
35709,1321,1417
35710,1321,1156
35711,1321,1426
35712,1321,60
35713,1321,412
35714,1321,821
35715,1321,1321
35716,1321,1095
35717,1321,1141
35718,1321,842
35719,1321,780
35720,1321,215
35721,1321,479
35722,1321,501
35723,1321,528
35724,1321,1259
35725,1321,1449
35726,1321,409
35727,1321,1301
35728,1321,662
35729,1321,1384
35730,1321,867
35731,1321,974
35732,1321,611
35733,1321,538
35734,1321,164
35735,1321,1057
35736,1321,671
35737,1321,477
35738,1321,1291
35739,1321,685
35740,1321,992
35741,1321,1053
35742,1321,1031
35743,1321,960
35744,1321,660
35745,1321,1304
35746,1321,350
35747,1321,883
35748,1321,1060
35749,1321,690
35750,1321,166
35751,1321,102
35752,1321,605
35753,1321,446
35754,1321,1222
35755,1321,31
35756,1321,422
35757,1321,1022
35758,1321,646
35759,1321,910
35760,1321,981
35761,1321,289
35762,1321,748
35763,1321,1351
35764,1321,918
35765,1321,1421
35766,1321,1430
35767,1321,170
35768,1321,49
35769,1321,473
35770,1321,1372
35771,1321,979
35772,1321,808
35773,1321,299
35774,1321,667
35775,1321,64
35776,1321,839
35777,1321,404
35778,1321,571
35779,1321,815
35780,1321,1413
35781,1321,33
35782,1321,1235
35783,1321,652
35784,1321,9
35785,1321,1219
35786,1321,1289
35787,1321,658
35788,1321,78
35789,1321,741
35790,1321,1434
35791,1321,886
35792,1321,1325
35793,1321,776
35794,1321,749
35795,1321,112
35796,1321,20
35797,1321,621
35798,1321,614
35799,1321,1183
35800,1141,1074
35801,1141,638
35802,1141,931
35803,1141,726
35804,1141,1213
35805,1141,500
35806,1141,919
35807,1141,1068
35808,1141,1280
35809,1141,717
35810,1141,623
35811,1141,1283
35812,1141,977
35813,1141,66
35814,1141,18
35815,1141,913
35816,1141,201
35817,1141,599
35818,1141,1208
35819,1141,1130
35820,1141,1322
35821,1141,877
35822,1141,838
35823,1141,153
35824,1141,1352
35825,1141,34
35826,1141,1450
35827,1141,1063
35828,1141,702
35829,1141,316
35830,1141,445
35831,1141,210
35832,1141,922
35833,1141,590
35834,1141,1347
35835,1141,522
35836,1141,779
35837,1141,716
35838,1141,976
35839,1141,624
35840,1141,1358
35841,1141,157
35842,1141,725
35843,1141,1420
35844,1141,1306
35845,1141,603
35846,1141,492
35847,1141,1204
35848,1141,327
35849,1141,1405
35850,1141,1066
35851,1141,374
35852,1141,250
35853,1141,1257
35854,1141,656
35855,1141,92
35856,1141,847
35857,1141,903
35858,1141,1265
35859,1141,753
35860,1141,1297
35861,1141,232
35862,1141,311
35863,1141,408
35864,1141,663
35865,1141,70
35866,1141,1286
35867,1141,421
35868,1141,958
35869,1141,585
35870,1141,40
35871,1141,277
35872,1141,1361
35873,1141,1194
35874,1141,134
35875,1141,1120
35876,1141,588
35877,1141,709
35878,1141,549
35879,1141,1220
35880,1141,308
35881,1141,304
35882,1141,1179
35883,1141,1138
35884,1141,901
35885,1141,1445
35886,1141,116
35887,1141,1133
35888,1141,1026
35889,1141,1151
35890,1141,806
35891,1141,565
35892,1141,262
35893,1141,534
35894,1141,336
35895,1141,547
35896,1141,595
35897,1141,131
35898,1141,96
35899,1141,147
35900,1141,456
35901,1141,81
35902,1141,558
35903,1141,218
35904,1141,1062
35905,1141,927
35906,1141,841
35907,1141,704
35908,1141,884
35909,1141,771
35910,1141,644
35911,1141,437
35912,1141,923
35913,1141,55
35914,1141,763
35915,1141,1106
35916,1141,848
35917,1141,1071
35918,1141,392
35919,1141,1345
35920,1141,89
35921,1141,388
35922,1141,100
35923,1141,742
35924,1141,724
35925,1141,721
35926,1141,1093
35927,1141,296
35928,1141,606
35929,1141,1320
35930,1141,968
35931,1141,956
35932,1141,698
35933,1141,338
35934,1141,367
35935,1141,1018
35936,1141,1154
35937,1141,292
35938,1141,1061
35939,1141,196
35940,1141,483
35941,1141,363
35942,1141,307
35943,1141,1230
35944,1141,822
35945,1141,852
35946,1141,221
35947,1141,452
35948,1141,613
35949,1141,357
35950,1141,649
35951,1141,619
35952,1141,1032
35953,1141,260
35954,1141,664
35955,1141,582
35956,1141,879
35957,1141,745
35958,1141,1333
35959,1141,1040
35960,1141,1143
35961,1141,1410
35962,1141,654
35963,1141,1
35964,1141,1394
35965,1141,233
35966,1141,703
35967,1141,768
35968,1141,938
35969,1141,1407
35970,1141,845
35971,1141,1290
35972,1141,1092
35973,1141,462
35974,1141,755
35975,1141,428
35976,1141,900
35977,1141,186
35978,1141,629
35979,1141,734
35980,1141,149
35981,1141,939
35982,1141,947
35983,1141,1173
35984,1141,342
35985,1141,1078
35986,1141,205
35987,1141,413
35988,1141,199
35989,1141,417
35990,1141,117
35991,1141,1148
35992,1141,676
35993,1141,1197
35994,1141,432
35995,1141,793
35996,1141,568
35997,1141,1135
35998,1141,1045
35999,1141,272
36000,1141,688
36001,1141,163
36002,1141,447
36003,1141,802
36004,1141,819
36005,1141,334
36006,1141,1153
36007,1141,247
36008,1141,586
36009,1141,962
36010,1141,1163
36011,1141,364
36012,1141,892
36013,1141,494
36014,1141,751
36015,1141,550
36016,1141,573
36017,1141,909
36018,1141,1025
36019,1141,1383
36020,1141,1311
36021,1141,379
36022,1141,1432
36023,1141,738
36024,1141,263
36025,1141,1343
36026,1141,1417
36027,1141,645
36028,1141,373
36029,1141,412
36030,1141,126
36031,1141,842
36032,1141,907
36033,1141,355
36034,1141,780
36035,1141,1038
36036,1141,501
36037,1141,1259
36038,1141,1030
36039,1141,1449
36040,1141,1225
36041,1141,409
36042,1141,1301
36043,1141,867
36044,1141,581
36045,1141,538
36046,1141,164
36047,1141,1057
36048,1141,671
36049,1141,477
36050,1141,685
36051,1141,190
36052,1141,699
36053,1141,960
36054,1141,990
36055,1141,660
36056,1141,231
36057,1141,1304
36058,1141,1060
36059,1141,762
36060,1141,102
36061,1141,605
36062,1141,680
36063,1141,58
36064,1141,446
36065,1141,1222
36066,1141,31
36067,1141,422
36068,1141,389
36069,1141,646
36070,1141,981
36071,1141,289
36072,1141,171
36073,1141,1351
36074,1141,918
36075,1141,933
36076,1141,1421
36077,1141,170
36078,1141,473
36079,1141,1372
36080,1141,979
36081,1141,808
36082,1141,299
36083,1141,667
36084,1141,404
36085,1141,815
36086,1141,1413
36087,1141,33
36088,1141,1235
36089,1141,652
36090,1141,9
36091,1141,1219
36092,1141,782
36093,1141,1289
36094,1141,54
36095,1141,78
36096,1141,886
36097,1141,749
36098,1141,902
36099,1141,20
36100,1141,346
36101,1141,621
36102,1141,1183
36103,914,638
36104,914,1213
36105,914,1454
36106,914,919
36107,914,1068
36108,914,1280
36109,914,1255
36110,914,717
36111,914,925
36112,914,1080
36113,914,759
36114,914,623
36115,914,66
36116,914,365
36117,914,728
36118,914,18
36119,914,913
36120,914,201
36121,914,1344
36122,914,1208
36123,914,1130
36124,914,219
36125,914,153
36126,914,34
36127,914,1450
36128,914,1063
36129,914,702
36130,914,445
36131,914,1242
36132,914,1293
36133,914,298
36134,914,716
36135,914,1210
36136,914,1398
36137,914,976
36138,914,1358
36139,914,254
36140,914,1420
36141,914,1306
36142,914,327
36143,914,1066
36144,914,885
36145,914,374
36146,914,656
36147,914,92
36148,914,223
36149,914,693
36150,914,1265
36151,914,753
36152,914,1188
36153,914,232
36154,914,602
36155,914,1195
36156,914,88
36157,914,958
36158,914,1162
36159,914,203
36160,914,63
36161,914,1361
36162,914,1194
36163,914,134
36164,914,1364
36165,914,1342
36166,914,850
36167,914,588
36168,914,709
36169,914,304
36170,914,1138
36171,914,1151
36172,914,806
36173,914,565
36174,914,262
36175,914,810
36176,914,595
36177,914,147
36178,914,456
36179,914,1400
36180,914,345
36181,914,558
36182,914,67
36183,914,68
36184,914,841
36185,914,644
36186,914,923
36187,914,763
36188,914,1106
36189,914,17
36190,914,1071
36191,914,392
36192,914,486
36193,914,908
36194,914,376
36195,914,721
36196,914,1093
36197,914,606
36198,914,1320
36199,914,395
36200,914,968
36201,914,956
36202,914,698
36203,914,338
36204,914,367
36205,914,997
36206,914,970
36207,914,1154
36208,914,292
36209,914,1331
36210,914,483
36211,914,1230
36212,914,221
36213,914,452
36214,914,357
36215,914,649
36216,914,619
36217,914,541
36218,914,1032
36219,914,664
36220,914,582
36221,914,1254
36222,914,1333
36223,914,1143
36224,914,1410
36225,914,484
36226,914,768
36227,914,938
36228,914,1438
36229,914,1407
36230,914,1229
36231,914,845
36232,914,1290
36233,914,1092
36234,914,496
36235,914,462
36236,914,980
36237,914,428
36238,914,186
36239,914,991
36240,914,149
36241,914,947
36242,914,1173
36243,914,236
36244,914,413
36245,914,199
36246,914,378
36247,914,1056
36248,914,650
36249,914,668
36250,914,117
36251,914,405
36252,914,1197
36253,914,432
36254,914,195
36255,914,1135
36256,914,688
36257,914,1441
36258,914,802
36259,914,819
36260,914,334
36261,914,247
36262,914,962
36263,914,695
36264,914,294
36265,914,364
36266,914,494
36267,914,573
36268,914,909
36269,914,1432
36270,914,1446
36271,914,1075
36272,914,263
36273,914,891
36274,914,1417
36275,914,840
36276,914,126
36277,914,1141
36278,914,914
36279,914,842
36280,914,355
36281,914,780
36282,914,1038
36283,914,1259
36284,914,1030
36285,914,1449
36286,914,1225
36287,914,1301
36288,914,1057
36289,914,1206
36290,914,608
36291,914,685
36292,914,190
36293,914,1027
36294,914,1031
36295,914,960
36296,914,660
36297,914,803
36298,914,1304
36299,914,1060
36300,914,605
36301,914,1110
36302,914,110
36303,914,446
36304,914,1222
36305,914,31
36306,914,422
36307,914,42
36308,914,1022
36309,914,646
36310,914,1268
36311,914,981
36312,914,1351
36313,914,918
36314,914,933
36315,914,1430
36316,914,473
36317,914,1372
36318,914,808
36319,914,667
36320,914,1235
36321,914,652
36322,914,9
36323,914,1219
36324,914,1289
36325,914,436
36326,914,1362
36327,914,1183
36328,842,638
36329,842,331
36330,842,726
36331,842,1213
36332,842,360
36333,842,1007
36334,842,1272
36335,842,325
36336,842,1454
36337,842,919
36338,842,332
36339,842,1068
36340,842,717
36341,842,589
36342,842,623
36343,842,1283
36344,842,66
36345,842,279
36346,842,365
36347,842,18
36348,842,913
36349,842,306
36350,842,201
36351,842,972
36352,842,1211
36353,842,1387
36354,842,599
36355,842,1344
36356,842,1208
36357,842,1130
36358,842,1322
36359,842,219
36360,842,73
36361,842,838
36362,842,1352
36363,842,833
36364,842,1450
36365,842,1063
36366,842,702
36367,842,445
36368,842,210
36369,842,922
36370,842,298
36371,842,590
36372,842,1439
36373,842,716
36374,842,1363
36375,842,1402
36376,842,197
36377,842,509
36378,842,95
36379,842,1337
36380,842,1398
36381,842,976
36382,842,525
36383,842,579
36384,842,794
36385,842,661
36386,842,157
36387,842,254
36388,842,1420
36389,842,1306
36390,842,1204
36391,842,327
36392,842,433
36393,842,1455
36394,842,1066
36395,842,248
36396,842,374
36397,842,92
36398,842,223
36399,842,567
36400,842,693
36401,842,1425
36402,842,824
36403,842,79
36404,842,903
36405,842,508
36406,842,232
36407,842,602
36408,842,311
36409,842,408
36410,842,663
36411,842,1286
36412,842,1195
36413,842,88
36414,842,1437
36415,842,1310
36416,842,421
36417,842,958
36418,842,859
36419,842,585
36420,842,502
36421,842,642
36422,842,277
36423,842,450
36424,842,1134
36425,842,222
36426,842,1006
36427,842,1361
36428,842,1194
36429,842,134
36430,842,539
36431,842,313
36432,842,348
36433,842,758
36434,842,665
36435,842,1120
36436,842,1298
36437,842,588
36438,842,709
36439,842,549
36440,842,1220
36441,842,304
36442,842,546
36443,842,1179
36444,842,116
36445,842,1133
36446,842,700
36447,842,1151
36448,842,1182
36449,842,275
36450,842,1117
36451,842,737
36452,842,985
36453,842,565
36454,842,262
36455,842,639
36456,842,810
36457,842,317
36458,842,595
36459,842,147
36460,842,456
36461,842,1400
36462,842,566
36463,842,345
36464,842,1048
36465,842,558
36466,842,356
36467,842,68
36468,842,1062
36469,842,841
36470,842,1005
36471,842,704
36472,842,771
36473,842,437
36474,842,923
36475,842,832
36476,842,55
36477,842,28
36478,842,77
36479,842,763
36480,842,17
36481,842,1071
36482,842,392
36483,842,486
36484,842,1192
36485,842,724
36486,842,721
36487,842,606
36488,842,1320
36489,842,216
36490,842,395
36491,842,968
36492,842,956
36493,842,698
36494,842,338
36495,842,367
36496,842,997
36497,842,318
36498,842,109
36499,842,1018
36500,842,1408
36501,842,1154
36502,842,292
36503,842,1061
36504,842,196
36505,842,1331
36506,842,483
36507,842,1239
36508,842,1003
36509,842,307
36510,842,1230
36511,842,822
36512,842,221
36513,842,335
36514,842,732
36515,842,357
36516,842,649
36517,842,619
36518,842,430
36519,842,1032
36520,842,260
36521,842,582
36522,842,15
36523,842,1215
36524,842,1368
36525,842,1333
36526,842,1410
36527,842,249
36528,842,654
36529,842,657
36530,842,233
36531,842,703
36532,842,1142
36533,842,1164
36534,842,768
36535,842,371
36536,842,938
36537,842,1380
36538,842,1407
36539,842,1229
36540,842,845
36541,842,1290
36542,842,1401
36543,842,1092
36544,842,354
36545,842,980
36546,842,14
36547,842,755
36548,842,428
36549,842,900
36550,842,991
36551,842,629
36552,842,594
36553,842,236
36554,842,342
36555,842,1078
36556,842,205
36557,842,413
36558,842,199
36559,842,417
36560,842,378
36561,842,1056
36562,842,650
36563,842,117
36564,842,476
36565,842,499
36566,842,1309
36567,842,272
36568,842,273
36569,842,1441
36570,842,802
36571,842,819
36572,842,1433
36573,842,334
36574,842,1153
36575,842,255
36576,842,247
36577,842,3
36578,842,962
36579,842,1226
36580,842,454
36581,842,133
36582,842,400
36583,842,537
36584,842,1163
36585,842,364
36586,842,1111
36587,842,297
36588,842,751
36589,842,573
36590,842,909
36591,842,1025
36592,842,1064
36593,842,1175
36594,842,712
36595,842,1311
36596,842,379
36597,842,1432
36598,842,1446
36599,842,1075
36600,842,738
36601,842,263
36602,842,1343
36603,842,1328
36604,842,891
36605,842,1417
36606,842,645
36607,842,60
36608,842,412
36609,842,126
36610,842,1095
36611,842,1141
36612,842,842
36613,842,780
36614,842,215
36615,842,528
36616,842,1259
36617,842,264
36618,842,1449
36619,842,1225
36620,842,409
36621,842,377
36622,842,1301
36623,842,662
36624,842,867
36625,842,1414
36626,842,276
36627,842,538
36628,842,164
36629,842,1292
36630,842,1057
36631,842,477
36632,842,1291
36633,842,685
36634,842,190
36635,842,1027
36636,842,1053
36637,842,1031
36638,842,960
36639,842,660
36640,842,1304
36641,842,350
36642,842,883
36643,842,1060
36644,842,530
36645,842,102
36646,842,58
36647,842,446
36648,842,1222
36649,842,31
36650,842,422
36651,842,1022
36652,842,562
36653,842,646
36654,842,616
36655,842,910
36656,842,748
36657,842,171
36658,842,1351
36659,842,918
36660,842,1421
36661,842,1430
36662,842,170
36663,842,473
36664,842,1372
36665,842,979
36666,842,808
36667,842,64
36668,842,404
36669,842,815
36670,842,1235
36671,842,652
36672,842,9
36673,842,1219
36674,842,782
36675,842,54
36676,842,1325
36677,842,140
36678,842,749
36679,842,112
36680,842,461
36681,842,20
36682,842,621
36683,842,1362
36684,842,614
36685,842,1183
36686,907,1074
36687,907,638
36688,907,1213
36689,907,360
36690,907,115
36691,907,57
36692,907,876
36693,907,1454
36694,907,919
36695,907,351
36696,907,564
36697,907,1280
36698,907,717
36699,907,136
36700,907,759
36701,907,623
36702,907,45
36703,907,1283
36704,907,754
36705,907,279
36706,907,365
36707,907,728
36708,907,18
36709,907,306
36710,907,720
36711,907,201
36712,907,599
36713,907,1344
36714,907,1322
36715,907,73
36716,907,153
36717,907,551
36718,907,1450
36719,907,1063
36720,907,702
36721,907,445
36722,907,267
36723,907,298
36724,907,590
36725,907,410
36726,907,716
36727,907,80
36728,907,1363
36729,907,383
36730,907,1402
36731,907,95
36732,907,1337
36733,907,976
36734,907,604
36735,907,809
36736,907,434
36737,907,661
36738,907,157
36739,907,212
36740,907,864
36741,907,1204
36742,907,327
36743,907,62
36744,907,1405
36745,907,1066
36746,907,248
36747,907,374
36748,907,625
36749,907,1257
36750,907,656
36751,907,1015
36752,907,92
36753,907,820
36754,907,567
36755,907,847
36756,907,1425
36757,907,1188
36758,907,232
36759,907,602
36760,907,663
36761,907,70
36762,907,88
36763,907,421
36764,907,958
36765,907,859
36766,907,642
36767,907,277
36768,907,1136
36769,907,320
36770,907,1361
36771,907,1194
36772,907,1364
36773,907,860
36774,907,850
36775,907,588
36776,907,709
36777,907,549
36778,907,308
36779,907,304
36780,907,1179
36781,907,1138
36782,907,1151
36783,907,275
36784,907,806
36785,907,788
36786,907,810
36787,907,595
36788,907,147
36789,907,456
36790,907,1400
36791,907,566
36792,907,81
36793,907,790
36794,907,68
36795,907,927
36796,907,841
36797,907,884
36798,907,437
36799,907,923
36800,907,672
36801,907,28
36802,907,536
36803,907,1106
36804,907,17
36805,907,848
36806,907,1071
36807,907,1345
36808,907,388
36809,907,1192
36810,907,724
36811,907,1093
36812,907,296
36813,907,1320
36814,907,968
36815,907,338
36816,907,367
36817,907,488
36818,907,1018
36819,907,1061
36820,907,366
36821,907,196
36822,907,1339
36823,907,711
36824,907,307
36825,907,715
36826,907,1230
36827,907,822
36828,907,852
36829,907,452
36830,907,1043
36831,907,357
36832,907,649
36833,907,1032
36834,907,260
36835,907,1246
36836,907,879
36837,907,226
36838,907,1333
36839,907,1273
36840,907,1143
36841,907,1410
36842,907,249
36843,907,654
36844,907,1394
36845,907,86
36846,907,657
36847,907,233
36848,907,703
36849,907,938
36850,907,1438
36851,907,1229
36852,907,845
36853,907,1290
36854,907,1092
36855,907,980
36856,907,1042
36857,907,428
36858,907,900
36859,907,186
36860,907,629
36861,907,149
36862,907,370
36863,907,947
36864,907,1173
36865,907,342
36866,907,517
36867,907,419
36868,907,107
36869,907,1171
36870,907,205
36871,907,413
36872,907,199
36873,907,378
36874,907,1056
36875,907,117
36876,907,499
36877,907,1148
36878,907,1058
36879,907,1309
36880,907,432
36881,907,1135
36882,907,272
36883,907,447
36884,907,273
36885,907,1441
36886,907,802
36887,907,819
36888,907,3
36889,907,586
36890,907,962
36891,907,312
36892,907,1243
36893,907,1163
36894,907,364
36895,907,1111
36896,907,892
36897,907,494
36898,907,751
36899,907,909
36900,907,1311
36901,907,1350
36902,907,1432
36903,907,263
36904,907,1343
36905,907,1328
36906,907,1417
36907,907,840
36908,907,645
36909,907,60
36910,907,126
36911,907,1095
36912,907,1141
36913,907,842
36914,907,355
36915,907,1038
36916,907,215
36917,907,479
36918,907,501
36919,907,75
36920,907,867
36921,907,1403
36922,907,1414
36923,907,581
36924,907,164
36925,907,1303
36926,907,1292
36927,907,1057
36928,907,671
36929,907,477
36930,907,1253
36931,907,1291
36932,907,685
36933,907,190
36934,907,1027
36935,907,1031
36936,907,699
36937,907,231
36938,907,1304
36939,907,1060
36940,907,102
36941,907,605
36942,907,634
36943,907,680
36944,907,446
36945,907,1222
36946,907,422
36947,907,1022
36948,907,1268
36949,907,748
36950,907,1351
36951,907,918
36952,907,733
36953,907,933
36954,907,1421
36955,907,1430
36956,907,170
36957,907,473
36958,907,1372
36959,907,979
36960,907,64
36961,907,404
36962,907,1235
36963,907,652
36964,907,9
36965,907,1219
36966,907,140
36967,907,749
36968,907,112
36969,907,436
36970,780,1074
36971,780,555
36972,780,331
36973,780,726
36974,780,1213
36975,780,360
36976,780,1007
36977,780,115
36978,780,618
36979,780,325
36980,780,57
36981,780,361
36982,780,1454
36983,780,919
36984,780,1068
36985,780,1181
36986,780,351
36987,780,548
36988,780,564
36989,780,717
36990,780,1091
36991,780,1080
36992,780,759
36993,780,589
36994,780,623
36995,780,1283
36996,780,754
36997,780,66
36998,780,365
36999,780,728
37000,780,18
37001,780,438
37002,780,718
37003,780,306
37004,780,201
37005,780,448
37006,780,358
37007,780,599
37008,780,1344
37009,780,1208
37010,780,1322
37011,780,219
37012,780,1169
37013,780,1352
37014,780,551
37015,780,1359
37016,780,1063
37017,780,702
37018,780,888
37019,780,445
37020,780,1242
37021,780,210
37022,780,411
37023,780,69
37024,780,1293
37025,780,229
37026,780,869
37027,780,922
37028,780,298
37029,780,590
37030,780,835
37031,780,410
37032,780,224
37033,780,779
37034,780,716
37035,780,1363
37036,780,197
37037,780,509
37038,780,95
37039,780,1210
37040,780,1337
37041,780,1398
37042,780,917
37043,780,976
37044,780,525
37045,780,241
37046,780,809
37047,780,794
37048,780,661
37049,780,1284
37050,780,157
37051,780,254
37052,780,1306
37053,780,1198
37054,780,327
37055,780,1405
37056,780,1326
37057,780,1455
37058,780,1066
37059,780,885
37060,780,626
37061,780,374
37062,780,250
37063,780,1257
37064,780,1391
37065,780,225
37066,780,656
37067,780,92
37068,780,553
37069,780,223
37070,780,567
37071,780,693
37072,780,847
37073,780,1425
37074,780,824
37075,780,79
37076,780,753
37077,780,508
37078,780,1188
37079,780,1297
37080,780,232
37081,780,602
37082,780,311
37083,780,408
37084,780,663
37085,780,174
37086,780,88
37087,780,1437
37088,780,421
37089,780,958
37090,780,597
37091,780,11
37092,780,859
37093,780,585
37094,780,258
37095,780,502
37096,780,642
37097,780,478
37098,780,203
37099,780,1224
37100,780,1147
37101,780,1136
37102,780,450
37103,780,222
37104,780,1006
37105,780,193
37106,780,1361
37107,780,1194
37108,780,134
37109,780,1364
37110,780,1161
37111,780,125
37112,780,758
37113,780,665
37114,780,1334
37115,780,817
37116,780,850
37117,780,396
37118,780,1186
37119,780,1024
37120,780,557
37121,780,588
37122,780,709
37123,780,46
37124,780,767
37125,780,549
37126,780,308
37127,780,82
37128,780,1179
37129,780,993
37130,780,495
37131,780,288
37132,780,116
37133,780,1133
37134,780,700
37135,780,1026
37136,780,1151
37137,780,1182
37138,780,275
37139,780,806
37140,780,737
37141,780,985
37142,780,565
37143,780,262
37144,780,639
37145,780,810
37146,780,554
37147,780,317
37148,780,595
37149,780,131
37150,780,96
37151,780,147
37152,780,456
37153,780,566
37154,780,345
37155,780,81
37156,780,666
37157,780,1048
37158,780,356
37159,780,67
37160,780,68
37161,780,1062
37162,780,927
37163,780,841
37164,780,617
37165,780,884
37166,780,771
37167,780,644
37168,780,437
37169,780,651
37170,780,923
37171,780,672
37172,780,257
37173,780,763
37174,780,1106
37175,780,1020
37176,780,848
37177,780,1071
37178,780,486
37179,780,198
37180,780,169
37181,780,1345
37182,780,376
37183,780,388
37184,780,1192
37185,780,724
37186,780,91
37187,780,721
37188,780,1093
37189,780,341
37190,780,606
37191,780,1320
37192,780,216
37193,780,1369
37194,780,968
37195,780,956
37196,780,698
37197,780,338
37198,780,183
37199,780,367
37200,780,997
37201,780,109
37202,780,600
37203,780,1018
37204,780,1408
37205,780,1154
37206,780,292
37207,780,1061
37208,780,196
37209,780,1331
37210,780,1339
37211,780,1003
37212,780,307
37213,780,359
37214,780,620
37215,780,1230
37216,780,822
37217,780,221
37218,780,732
37219,780,452
37220,780,613
37221,780,1103
37222,780,357
37223,780,649
37224,780,619
37225,780,541
37226,780,1032
37227,780,260
37228,780,664
37229,780,708
37230,780,582
37231,780,15
37232,780,1415
37233,780,1254
37234,780,1246
37235,780,287
37236,780,580
37237,780,745
37238,780,226
37239,780,1333
37240,780,385
37241,780,1143
37242,780,1410
37243,780,249
37244,780,654
37245,780,1176
37246,780,129
37247,780,8
37248,780,657
37249,780,703
37250,780,1142
37251,780,1164
37252,780,768
37253,780,371
37254,780,938
37255,780,429
37256,780,1380
37257,780,1438
37258,780,1229
37259,780,1000
37260,780,1223
37261,780,845
37262,780,1118
37263,780,687
37264,780,496
37265,780,462
37266,780,354
37267,780,980
37268,780,428
37269,780,900
37270,780,186
37271,780,829
37272,780,691
37273,780,740
37274,780,10
37275,780,659
37276,780,629
37277,780,734
37278,780,149
37279,780,939
37280,780,1150
37281,780,1013
37282,780,1173
37283,780,342
37284,780,107
37285,780,1078
37286,780,205
37287,780,300
37288,780,413
37289,780,199
37290,780,417
37291,780,378
37292,780,1056
37293,780,650
37294,780,1159
37295,780,117
37296,780,476
37297,780,499
37298,780,1148
37299,780,676
37300,780,432
37301,780,568
37302,780,814
37303,780,1135
37304,780,1045
37305,780,272
37306,780,688
37307,780,163
37308,780,1441
37309,780,802
37310,780,25
37311,780,819
37312,780,283
37313,780,1177
37314,780,334
37315,780,255
37316,780,247
37317,780,586
37318,780,962
37319,780,695
37320,780,294
37321,780,1226
37322,780,133
37323,780,928
37324,780,1324
37325,780,1370
37326,780,364
37327,780,1111
37328,780,297
37329,780,751
37330,780,526
37331,780,999
37332,780,550
37333,780,573
37334,780,909
37335,780,1025
37336,780,757
37337,780,1064
37338,780,1175
37339,780,712
37340,780,1311
37341,780,379
37342,780,1432
37343,780,1277
37344,780,293
37345,780,1446
37346,780,1075
37347,780,738
37348,780,263
37349,780,1343
37350,780,891
37351,780,1417
37352,780,1156
37353,780,1426
37354,780,60
37355,780,373
37356,780,875
37357,780,126
37358,780,1095
37359,780,914
37360,780,355
37361,780,780
37362,780,1038
37363,780,215
37364,780,501
37365,780,528
37366,780,1259
37367,780,1030
37368,780,1449
37369,780,409
37370,780,1301
37371,780,662
37372,780,1414
37373,780,611
37374,780,164
37375,780,1292
37376,780,1057
37377,780,1329
37378,780,1206
37379,780,93
37380,780,1444
37381,780,507
37382,780,519
37383,780,1253
37384,780,1291
37385,780,685
37386,780,190
37387,780,1053
37388,780,1031
37389,780,960
37390,780,990
37391,780,660
37392,780,803
37393,780,705
37394,780,231
37395,780,1304
37396,780,350
37397,780,1060
37398,780,583
37399,780,530
37400,780,762
37401,780,1144
37402,780,605
37403,780,1110
37404,780,634
37405,780,110
37406,780,58
37407,780,446
37408,780,1222
37409,780,31
37410,780,422
37411,780,42
37412,780,1022
37413,780,562
37414,780,389
37415,780,646
37416,780,192
37417,780,978
37418,780,805
37419,780,981
37420,780,289
37421,780,748
37422,780,171
37423,780,1351
37424,780,918
37425,780,733
37426,780,933
37427,780,1430
37428,780,170
37429,780,473
37430,780,1372
37431,780,979
37432,780,808
37433,780,299
37434,780,667
37435,780,64
37436,780,404
37437,780,571
37438,780,815
37439,780,33
37440,780,1235
37441,780,652
37442,780,26
37443,780,9
37444,780,1219
37445,780,54
37446,780,741
37447,780,749
37448,780,112
37449,780,461
37450,780,952
37451,780,436
37452,780,20
37453,780,1362
37454,780,614
37455,780,1183
37456,1038,638
37457,1038,331
37458,1038,1213
37459,1038,347
37460,1038,618
37461,1038,325
37462,1038,1157
37463,1038,57
37464,1038,1454
37465,1038,919
37466,1038,1068
37467,1038,1181
37468,1038,351
37469,1038,1280
37470,1038,717
37471,1038,136
37472,1038,1080
37473,1038,759
37474,1038,589
37475,1038,1443
37476,1038,1283
37477,1038,66
37478,1038,365
37479,1038,728
37480,1038,438
37481,1038,913
37482,1038,306
37483,1038,201
37484,1038,1067
37485,1038,972
37486,1038,448
37487,1038,1428
37488,1038,599
37489,1038,1344
37490,1038,435
37491,1038,1208
37492,1038,219
37493,1038,73
37494,1038,36
37495,1038,153
37496,1038,1352
37497,1038,71
37498,1038,551
37499,1038,702
37500,1038,316
37501,1038,445
37502,1038,475
37503,1038,1293
37504,1038,922
37505,1038,298
37506,1038,590
37507,1038,835
37508,1038,1439
37509,1038,410
37510,1038,1363
37511,1038,197
37512,1038,509
37513,1038,95
37514,1038,1210
37515,1038,1398
37516,1038,976
37517,1038,525
37518,1038,241
37519,1038,434
37520,1038,157
37521,1038,524
37522,1038,254
37523,1038,1326
37524,1038,1066
37525,1038,885
37526,1038,626
37527,1038,374
37528,1038,250
37529,1038,1257
37530,1038,1391
37531,1038,1341
37532,1038,92
37533,1038,553
37534,1038,223
37535,1038,567
37536,1038,693
37537,1038,847
37538,1038,1425
37539,1038,79
37540,1038,508
37541,1038,6
37542,1038,232
37543,1038,602
37544,1038,311
37545,1038,408
37546,1038,663
37547,1038,70
37548,1038,1195
37549,1038,1437
37550,1038,421
37551,1038,1435
37552,1038,958
37553,1038,11
37554,1038,859
37555,1038,258
37556,1038,642
37557,1038,203
37558,1038,1136
37559,1038,450
37560,1038,337
37561,1038,505
37562,1038,1134
37563,1038,953
37564,1038,1364
37565,1038,441
37566,1038,125
37567,1038,162
37568,1038,348
37569,1038,758
37570,1038,850
37571,1038,1186
37572,1038,265
37573,1038,588
37574,1038,709
37575,1038,46
37576,1038,1128
37577,1038,549
37578,1038,926
37579,1038,1126
37580,1038,82
37581,1038,1138
37582,1038,700
37583,1038,696
37584,1038,1026
37585,1038,1151
37586,1038,806
37587,1038,262
37588,1038,1127
37589,1038,893
37590,1038,639
37591,1038,810
37592,1038,336
37593,1038,269
37594,1038,456
37595,1038,345
37596,1038,81
37597,1038,790
37598,1038,1048
37599,1038,558
37600,1038,841
37601,1038,846
37602,1038,437
37603,1038,672
37604,1038,1106
37605,1038,1020
37606,1038,1071
37607,1038,392
37608,1038,486
37609,1038,376
37610,1038,388
37611,1038,965
37612,1038,1192
37613,1038,721
37614,1038,1093
37615,1038,968
37616,1038,698
37617,1038,338
37618,1038,183
37619,1038,367
37620,1038,997
37621,1038,970
37622,1038,1237
37623,1038,600
37624,1038,851
37625,1038,1408
37626,1038,366
37627,1038,196
37628,1038,191
37629,1038,1331
37630,1038,1339
37631,1038,1239
37632,1038,521
37633,1038,165
37634,1038,1003
37635,1038,307
37636,1038,359
37637,1038,1073
37638,1038,1230
37639,1038,852
37640,1038,221
37641,1038,452
37642,1038,613
37643,1038,357
37644,1038,649
37645,1038,541
37646,1038,1032
37647,1038,880
37648,1038,260
37649,1038,708
37650,1038,582
37651,1038,384
37652,1038,1415
37653,1038,1246
37654,1038,87
37655,1038,745
37656,1038,226
37657,1038,1412
37658,1038,385
37659,1038,1273
37660,1038,1410
37661,1038,249
37662,1038,856
37663,1038,1176
37664,1038,86
37665,1038,657
37666,1038,233
37667,1038,768
37668,1038,371
37669,1038,429
37670,1038,1438
37671,1038,1118
37672,1038,775
37673,1038,44
37674,1038,496
37675,1038,980
37676,1038,14
37677,1038,428
37678,1038,900
37679,1038,740
37680,1038,659
37681,1038,734
37682,1038,149
37683,1038,1173
37684,1038,342
37685,1038,107
37686,1038,205
37687,1038,300
37688,1038,413
37689,1038,199
37690,1038,378
37691,1038,1056
37692,1038,1159
37693,1038,668
37694,1038,117
37695,1038,476
37696,1038,499
37697,1038,1197
37698,1038,1045
37699,1038,688
37700,1038,163
37701,1038,273
37702,1038,1441
37703,1038,76
37704,1038,283
37705,1038,1177
37706,1038,334
37707,1038,255
37708,1038,3
37709,1038,962
37710,1038,844
37711,1038,695
37712,1038,294
37713,1038,1226
37714,1038,454
37715,1038,1243
37716,1038,133
37717,1038,1324
37718,1038,1163
37719,1038,1370
37720,1038,364
37721,1038,1111
37722,1038,494
37723,1038,1184
37724,1038,526
37725,1038,550
37726,1038,573
37727,1038,909
37728,1038,1025
37729,1038,1175
37730,1038,712
37731,1038,379
37732,1038,1432
37733,1038,1277
37734,1038,1446
37735,1038,1075
37736,1038,738
37737,1038,263
37738,1038,1343
37739,1038,891
37740,1038,1417
37741,1038,1156
37742,1038,60
37743,1038,373
37744,1038,821
37745,1038,126
37746,1038,1095
37747,1038,1141
37748,1038,914
37749,1038,842
37750,1038,355
37751,1038,780
37752,1038,501
37753,1038,528
37754,1038,1030
37755,1038,1449
37756,1038,75
37757,1038,998
37758,1038,409
37759,1038,662
37760,1038,867
37761,1038,1414
37762,1038,611
37763,1038,164
37764,1038,1057
37765,1038,93
37766,1038,1444
37767,1038,519
37768,1038,608
37769,1038,1291
37770,1038,685
37771,1038,190
37772,1038,1027
37773,1038,1031
37774,1038,960
37775,1038,990
37776,1038,660
37777,1038,1300
37778,1038,231
37779,1038,350
37780,1038,690
37781,1038,530
37782,1038,762
37783,1038,1144
37784,1038,984
37785,1038,1110
37786,1038,634
37787,1038,58
37788,1038,446
37789,1038,1222
37790,1038,422
37791,1038,562
37792,1038,1102
37793,1038,646
37794,1038,192
37795,1038,1268
37796,1038,981
37797,1038,289
37798,1038,748
37799,1038,1351
37800,1038,918
37801,1038,1261
37802,1038,170
37803,1038,473
37804,1038,979
37805,1038,808
37806,1038,64
37807,1038,404
37808,1038,1413
37809,1038,1235
37810,1038,652
37811,1038,26
37812,1038,9
37813,1038,1289
37814,1038,78
37815,1038,741
37816,1038,749
37817,1038,436
37818,1038,20
37819,1038,872
37820,1038,1183
37821,215,1213
37822,215,1157
37823,215,1280
37824,215,1283
37825,215,599
37826,215,1130
37827,215,153
37828,215,551
37829,215,624
37830,215,254
37831,215,1204
37832,215,374
37833,215,1257
37834,215,314
37835,215,926
37836,215,1126
37837,215,1179
37838,215,131
37839,215,96
37840,215,147
37841,215,456
37842,215,1062
37843,215,927
37844,215,923
37845,215,1106
37846,215,1071
37847,215,392
37848,215,1345
37849,215,376
37850,215,1192
37851,215,1320
37852,215,956
37853,215,367
37854,215,196
37855,215,165
37856,215,1427
37857,215,1230
37858,215,357
37859,215,1032
37860,215,582
37861,215,1333
37862,215,654
37863,215,451
37864,215,208
37865,215,414
37866,215,462
37867,215,428
37868,215,149
37869,215,205
37870,215,432
37871,215,1135
37872,215,272
37873,215,819
37874,215,560
37875,215,247
37876,215,962
37877,215,550
37878,215,573
37879,215,1343
37880,215,1417
37881,215,840
37882,215,215
37883,215,974
37884,215,1057
37885,215,190
37886,215,699
37887,215,1304
37888,215,1060
37889,215,1222
37890,215,1022
37891,215,1430
37892,215,808
37893,215,652
37894,215,140
37895,608,638
37896,608,555
37897,608,331
37898,608,726
37899,608,1213
37900,608,360
37901,608,347
37902,608,1007
37903,608,618
37904,608,1272
37905,608,684
37906,608,302
37907,608,1454
37908,608,919
37909,608,1068
37910,608,548
37911,608,564
37912,608,1280
37913,608,1255
37914,608,717
37915,608,1080
37916,608,623
37917,608,1443
37918,608,66
37919,608,728
37920,608,18
37921,608,306
37922,608,201
37923,608,599
37924,608,1344
37925,608,1208
37926,608,576
37927,608,73
37928,608,838
37929,608,153
37930,608,489
37931,608,1352
37932,608,34
37933,608,1002
37934,608,833
37935,608,1450
37936,608,702
37937,608,513
37938,608,1293
37939,608,229
37940,608,274
37941,608,922
37942,608,590
37943,608,1439
37944,608,410
37945,608,1155
37946,608,522
37947,608,779
37948,608,716
37949,608,1363
37950,608,383
37951,608,976
37952,608,525
37953,608,144
37954,608,579
37955,608,809
37956,608,434
37957,608,1358
37958,608,1306
37959,608,603
37960,608,1204
37961,608,327
37962,608,138
37963,608,1405
37964,608,1326
37965,608,433
37966,608,1455
37967,608,626
37968,608,374
37969,608,206
37970,608,1257
37971,608,656
37972,608,92
37973,608,553
37974,608,567
37975,608,1425
37976,608,1250
37977,608,508
37978,608,6
37979,608,232
37980,608,311
37981,608,408
37982,608,663
37983,608,70
37984,608,314
37985,608,174
37986,608,421
37987,608,1435
37988,608,958
37989,608,761
37990,608,859
37991,608,1162
37992,608,478
37993,608,40
37994,608,277
37995,608,540
37996,608,1431
37997,608,1134
37998,608,1361
37999,608,134
38000,608,1364
38001,608,1161
38002,608,535
38003,608,127
38004,608,1342
38005,608,313
38006,608,125
38007,608,162
38008,608,348
38009,608,1334
38010,608,850
38011,608,468
38012,608,396
38013,608,1024
38014,608,764
38015,608,1120
38016,608,588
38017,608,709
38018,608,46
38019,608,1128
38020,608,5
38021,608,1220
38022,608,304
38023,608,1077
38024,608,546
38025,608,1179
38026,608,1138
38027,608,1445
38028,608,288
38029,608,116
38030,608,1133
38031,608,700
38032,608,1026
38033,608,1151
38034,608,806
38035,608,262
38036,608,1121
38037,608,324
38038,608,595
38039,608,1010
38040,608,96
38041,608,147
38042,608,456
38043,608,81
38044,608,1187
38045,608,356
38046,608,218
38047,608,68
38048,608,927
38049,608,841
38050,608,1005
38051,608,1382
38052,608,884
38053,608,437
38054,608,923
38055,608,55
38056,608,28
38057,608,1106
38058,608,848
38059,608,463
38060,608,1071
38061,608,21
38062,608,61
38063,608,388
38064,608,965
38065,608,731
38066,608,1192
38067,608,721
38068,608,1093
38069,608,27
38070,608,1320
38071,608,698
38072,608,338
38073,608,367
38074,608,997
38075,608,109
38076,608,601
38077,608,1018
38078,608,1408
38079,608,292
38080,608,1061
38081,608,196
38082,608,1331
38083,608,1239
38084,608,1003
38085,608,307
38086,608,1423
38087,608,715
38088,608,1230
38089,608,452
38090,608,1101
38091,608,1043
38092,608,1103
38093,608,649
38094,608,1032
38095,608,260
38096,608,664
38097,608,708
38098,608,582
38099,608,384
38100,608,1254
38101,608,287
38102,608,879
38103,608,245
38104,608,745
38105,608,226
38106,608,1333
38107,608,24
38108,608,1040
38109,608,1410
38110,608,654
38111,608,1
38112,608,451
38113,608,1394
38114,608,208
38115,608,233
38116,608,703
38117,608,1164
38118,608,768
38119,608,371
38120,608,938
38121,608,1380
38122,608,1229
38123,608,845
38124,608,1092
38125,608,496
38126,608,462
38127,608,354
38128,608,755
38129,608,1042
38130,608,428
38131,608,900
38132,608,186
38133,608,899
38134,608,991
38135,608,734
38136,608,995
38137,608,983
38138,608,1054
38139,608,939
38140,608,1013
38141,608,1173
38142,608,419
38143,608,205
38144,608,413
38145,608,199
38146,608,417
38147,608,394
38148,608,1056
38149,608,305
38150,608,482
38151,608,1197
38152,608,432
38153,608,793
38154,608,195
38155,608,1125
38156,608,814
38157,608,1135
38158,608,1045
38159,608,272
38160,608,688
38161,608,1441
38162,608,802
38163,608,1090
38164,608,76
38165,608,819
38166,608,283
38167,608,402
38168,608,1252
38169,608,1052
38170,608,334
38171,608,1153
38172,608,255
38173,608,247
38174,608,1314
38175,608,695
38176,608,1324
38177,608,1370
38178,608,364
38179,608,1111
38180,608,892
38181,608,98
38182,608,1104
38183,608,550
38184,608,573
38185,608,909
38186,608,1025
38187,608,757
38188,608,1064
38189,608,712
38190,608,1311
38191,608,1432
38192,608,340
38193,608,1075
38194,608,1424
38195,608,738
38196,608,263
38197,608,1343
38198,608,891
38199,608,1417
38200,608,840
38201,608,1426
38202,608,373
38203,608,678
38204,608,412
38205,608,126
38206,608,1095
38207,608,1141
38208,608,355
38209,608,780
38210,608,1259
38211,608,1030
38212,608,1449
38213,608,75
38214,608,409
38215,608,1301
38216,608,662
38217,608,867
38218,608,1414
38219,608,611
38220,608,1057
38221,608,1444
38222,608,685
38223,608,190
38224,608,960
38225,608,990
38226,608,660
38227,608,803
38228,608,231
38229,608,1304
38230,608,1060
38231,608,762
38232,608,166
38233,608,102
38234,608,943
38235,608,680
38236,608,110
38237,608,446
38238,608,1222
38239,608,422
38240,608,42
38241,608,1022
38242,608,389
38243,608,616
38244,608,641
38245,608,1268
38246,608,978
38247,608,981
38248,608,748
38249,608,1351
38250,608,918
38251,608,933
38252,608,1430
38253,608,170
38254,608,979
38255,608,64
38256,608,1413
38257,608,33
38258,608,1235
38259,608,652
38260,608,9
38261,608,1219
38262,608,54
38263,608,886
38264,608,749
38265,608,436
38266,608,20
38267,608,621
38268,608,1362
38269,608,1183
38270,1291,1074
38271,1291,919
38272,1291,66
38273,1291,73
38274,1291,1352
38275,1291,1450
38276,1291,702
38277,1291,885
38278,1291,223
38279,1291,232
38280,1291,681
38281,1291,70
38282,1291,859
38283,1291,642
38284,1291,1147
38285,1291,275
38286,1291,565
38287,1291,262
38288,1291,269
38289,1291,147
38290,1291,771
38291,1291,968
38292,1291,1408
38293,1291,1154
38294,1291,1423
38295,1291,619
38296,1291,1368
38297,1291,1410
38298,1291,654
38299,1291,1176
38300,1291,1164
38301,1291,938
38302,1291,1223
38303,1291,1092
38304,1291,900
38305,1291,991
38306,1291,1078
38307,1291,205
38308,1291,568
38309,1291,447
38310,1291,1441
38311,1291,802
38312,1291,819
38313,1291,334
38314,1291,1314
38315,1291,379
38316,1291,1259
38317,1291,1225
38318,1291,409
38319,1291,1301
38320,1291,1057
38321,1291,1031
38322,1291,166
38323,1291,605
38324,1291,1022
38325,1291,616
38326,1291,748
38327,1291,918
38328,1291,1421
38329,1291,64
38330,1291,652
38331,1291,78
38332,1291,346
38333,883,408
38334,883,287
38335,883,983
38336,883,1222
38337,883,571
38338,102,1213
38339,102,618
38340,102,19
38341,102,1454
38342,102,919
38343,102,1068
38344,102,1443
38345,102,365
38346,102,718
38347,102,913
38348,102,201
38349,102,1428
38350,102,1344
38351,102,1208
38352,102,1130
38353,102,736
38354,102,153
38355,102,1352
38356,102,833
38357,102,513
38358,102,411
38359,102,229
38360,102,590
38361,102,1347
38362,102,835
38363,102,80
38364,102,95
38365,102,1210
38366,102,976
38367,102,525
38368,102,434
38369,102,864
38370,102,254
38371,102,1306
38372,102,1204
38373,102,114
38374,102,812
38375,102,1202
38376,102,92
38377,102,119
38378,102,693
38379,102,1033
38380,102,963
38381,102,88
38382,102,1310
38383,102,421
38384,102,597
38385,102,258
38386,102,478
38387,102,277
38388,102,320
38389,102,1431
38390,102,193
38391,102,1342
38392,102,860
38393,102,1334
38394,102,783
38395,102,588
38396,102,709
38397,102,46
38398,102,1047
38399,102,1220
38400,102,1179
38401,102,696
38402,102,1151
38403,102,275
38404,102,1117
38405,102,565
38406,102,269
38407,102,456
38408,102,345
38409,102,940
38410,102,81
38411,102,148
38412,102,218
38413,102,68
38414,102,246
38415,102,511
38416,102,771
38417,102,437
38418,102,77
38419,102,257
38420,102,1020
38421,102,1071
38422,102,486
38423,102,965
38424,102,721
38425,102,474
38426,102,606
38427,102,1320
38428,102,968
38429,102,997
38430,102,970
38431,102,600
38432,102,1018
38433,102,1408
38434,102,1061
38435,102,483
38436,102,1239
38437,102,521
38438,102,1003
38439,102,1230
38440,102,822
38441,102,335
38442,102,74
38443,102,613
38444,102,1043
38445,102,619
38446,102,1360
38447,102,986
38448,102,582
38449,102,384
38450,102,1415
38451,102,398
38452,102,778
38453,102,176
38454,102,1132
38455,102,1368
38456,102,1333
38457,102,145
38458,102,1273
38459,102,1084
38460,102,1410
38461,102,1193
38462,102,856
38463,102,777
38464,102,657
38465,102,233
38466,102,484
38467,102,1380
38468,102,1229
38469,102,775
38470,102,687
38471,102,44
38472,102,1266
38473,102,980
38474,102,1042
38475,102,900
38476,102,691
38477,102,740
38478,102,659
38479,102,939
38480,102,853
38481,102,342
38482,102,1137
38483,102,1041
38484,102,107
38485,102,1078
38486,102,205
38487,102,300
38488,102,199
38489,102,1056
38490,102,444
38491,102,195
38492,102,1135
38493,102,1045
38494,102,688
38495,102,1441
38496,102,802
38497,102,76
38498,102,283
38499,102,1177
38500,102,844
38501,102,1243
38502,102,955
38503,102,1324
38504,102,1163
38505,102,494
38506,102,297
38507,102,1025
38508,102,1064
38509,102,1432
38510,102,738
38511,102,263
38512,102,1343
38513,102,1328
38514,102,1417
38515,102,840
38516,102,60
38517,102,1321
38518,102,303
38519,102,172
38520,102,1069
38521,102,1449
38522,102,1225
38523,102,662
38524,102,581
38525,102,671
38526,102,1444
38527,102,190
38528,102,960
38529,102,660
38530,102,1304
38531,102,1060
38532,102,1139
38533,102,530
38534,102,166
38535,102,1110
38536,102,680
38537,102,446
38538,102,1222
38539,102,422
38540,102,389
38541,102,646
38542,102,641
38543,102,424
38544,102,170
38545,102,979
38546,102,404
38547,102,652
38548,102,621
38549,102,1183
38550,1144,1272
38551,1144,19
38552,1144,1454
38553,1144,919
38554,1144,1068
38555,1144,564
38556,1144,1443
38557,1144,279
38558,1144,365
38559,1144,913
38560,1144,201
38561,1144,1211
38562,1144,448
38563,1144,1428
38564,1144,1256
38565,1144,1344
38566,1144,1208
38567,1144,1346
38568,1144,1130
38569,1144,1322
38570,1144,219
38571,1144,153
38572,1144,833
38573,1144,411
38574,1144,229
38575,1144,590
38576,1144,1347
38577,1144,835
38578,1144,95
38579,1144,1210
38580,1144,1337
38581,1144,976
38582,1144,864
38583,1144,1306
38584,1144,1202
38585,1144,1391
38586,1144,92
38587,1144,693
38588,1144,1076
38589,1144,6
38590,1144,1297
38591,1144,232
38592,1144,681
38593,1144,963
38594,1144,88
38595,1144,1310
38596,1144,421
38597,1144,597
38598,1144,585
38599,1144,642
38600,1144,478
38601,1144,1147
38602,1144,277
38603,1144,320
38604,1144,988
38605,1144,1342
38606,1144,860
38607,1144,758
38608,1144,665
38609,1144,1334
38610,1144,817
38611,1144,783
38612,1144,709
38613,1144,1220
38614,1144,1133
38615,1144,696
38616,1144,1151
38617,1144,595
38618,1144,456
38619,1144,345
38620,1144,558
38621,1144,148
38622,1144,218
38623,1144,67
38624,1144,68
38625,1144,1062
38626,1144,246
38627,1144,1207
38628,1144,511
38629,1144,644
38630,1144,437
38631,1144,77
38632,1144,257
38633,1144,1071
38634,1144,392
38635,1144,1192
38636,1144,721
38637,1144,1093
38638,1144,296
38639,1144,474
38640,1144,606
38641,1144,1320
38642,1144,216
38643,1144,968
38644,1144,146
38645,1144,997
38646,1144,970
38647,1144,600
38648,1144,1408
38649,1144,1154
38650,1144,292
38651,1144,1061
38652,1144,1239
38653,1144,521
38654,1144,1230
38655,1144,822
38656,1144,335
38657,1144,613
38658,1144,619
38659,1144,1360
38660,1144,15
38661,1144,1415
38662,1144,612
38663,1144,398
38664,1144,176
38665,1144,1333
38666,1144,1028
38667,1144,1193
38668,1144,654
38669,1144,1176
38670,1144,208
38671,1144,233
38672,1144,768
38673,1144,938
38674,1144,1380
38675,1144,1229
38676,1144,687
38677,1144,1266
38678,1144,755
38679,1144,900
38680,1144,691
38681,1144,1013
38682,1144,342
38683,1144,1041
38684,1144,107
38685,1144,300
38686,1144,413
38687,1144,199
38688,1144,1056
38689,1144,117
38690,1144,195
38691,1144,1135
38692,1144,1045
38693,1144,802
38694,1144,283
38695,1144,1314
38696,1144,962
38697,1144,695
38698,1144,1324
38699,1144,1163
38700,1144,1370
38701,1144,494
38702,1144,297
38703,1144,1025
38704,1144,263
38705,1144,1343
38706,1144,1328
38707,1144,1417
38708,1144,1426
38709,1144,60
38710,1144,373
38711,1144,1321
38712,1144,1095
38713,1144,355
38714,1144,215
38715,1144,172
38716,1144,1449
38717,1144,1225
38718,1144,662
38719,1144,581
38720,1144,1057
38721,1144,671
38722,1144,1444
38723,1144,1027
38724,1144,960
38725,1144,660
38726,1144,803
38727,1144,231
38728,1144,1304
38729,1144,1060
38730,1144,530
38731,1144,1144
38732,1144,446
38733,1144,1222
38734,1144,31
38735,1144,422
38736,1144,646
38737,1144,641
38738,1144,1261
38739,1144,170
38740,1144,1372
38741,1144,979
38742,1144,299
38743,1144,404
38744,1144,652
38745,1144,78
38746,1144,621
38747,1144,1183
38748,380,1222
38749,42,1074
38750,42,1213
38751,42,1080
38752,42,1130
38753,42,838
38754,42,153
38755,42,833
38756,42,1242
38757,42,809
38758,42,327
38759,42,1405
38760,42,1066
38761,42,206
38762,42,663
38763,42,313
38764,42,1179
38765,42,1138
38766,42,639
38767,42,147
38768,42,456
38769,42,437
38770,42,1093
38771,42,698
38772,42,109
38773,42,582
38774,42,1254
38775,42,1143
38776,42,1394
38777,42,938
38778,42,205
38779,42,568
38780,42,163
38781,42,819
38782,42,1417
38783,42,957
38784,42,840
38785,42,1449
38786,42,581
38787,42,1057
38788,42,685
38789,42,190
38790,42,660
38791,42,680
38792,42,1222
38793,42,1268
38794,42,933
38795,42,652
38796,646,656
38797,910,1114
38798,910,387
38799,910,638
38800,910,931
38801,910,331
38802,910,726
38803,910,1213
38804,910,360
38805,910,347
38806,910,1007
38807,910,796
38808,910,115
38809,910,618
38810,910,1287
38811,910,325
38812,910,1157
38813,910,235
38814,910,57
38815,910,500
38816,910,361
38817,910,302
38818,910,19
38819,910,1454
38820,910,919
38821,910,332
38822,910,1068
38823,910,1181
38824,910,548
38825,910,628
38826,910,564
38827,910,897
38828,910,1280
38829,910,717
38830,910,1091
38831,910,1080
38832,910,739
38833,910,623
38834,910,1443
38835,910,1283
38836,910,66
38837,910,279
38838,910,365
38839,910,18
38840,910,718
38841,910,975
38842,910,1116
38843,910,913
38844,910,201
38845,910,1211
38846,910,448
38847,910,1373
38848,910,358
38849,910,1428
38850,910,599
38851,910,1256
38852,910,132
38853,910,1070
38854,910,1344
38855,910,1208
38856,910,1346
38857,910,576
38858,910,1322
38859,910,219
38860,910,73
38861,910,369
38862,910,838
38863,910,489
38864,910,34
38865,910,1002
38866,910,71
38867,910,551
38868,910,207
38869,910,1359
38870,910,833
38871,910,1450
38872,910,1063
38873,910,702
38874,910,445
38875,910,210
38876,910,411
38877,910,1293
38878,910,922
38879,910,298
38880,910,590
38881,910,835
38882,910,1009
38883,910,1439
38884,910,224
38885,910,716
38886,910,80
38887,910,383
38888,910,509
38889,910,1210
38890,910,1398
38891,910,976
38892,910,525
38893,910,144
38894,910,104
38895,910,241
38896,910,1112
38897,910,434
38898,910,1358
38899,910,661
38900,910,1284
38901,910,157
38902,910,1404
38903,910,254
38904,910,1420
38905,910,1306
38906,910,492
38907,910,1204
38908,910,1198
38909,910,327
38910,910,286
38911,910,138
38912,910,322
38913,910,433
38914,910,253
38915,910,1455
38916,910,1066
38917,910,812
38918,910,885
38919,910,626
38920,910,248
38921,910,374
38922,910,1094
38923,910,1122
38924,910,206
38925,910,250
38926,910,1202
38927,910,41
38928,910,1257
38929,910,1391
38930,910,225
38931,910,92
38932,910,553
38933,910,1037
38934,910,119
38935,910,567
38936,910,693
38937,910,106
38938,910,1425
38939,910,824
38940,910,1250
38941,910,79
38942,910,1265
38943,910,753
38944,910,508
38945,910,1188
38946,910,6
38947,910,1297
38948,910,232
38949,910,602
38950,910,311
38951,910,408
38952,910,663
38953,910,681
38954,910,70
38955,910,1195
38956,910,88
38957,910,1437
38958,910,1310
38959,910,421
38960,910,1435
38961,910,958
38962,910,761
38963,910,154
38964,910,597
38965,910,11
38966,910,859
38967,910,585
38968,910,575
38969,910,1162
38970,910,512
38971,910,1001
38972,910,502
38973,910,642
38974,910,478
38975,910,203
38976,910,40
38977,910,277
38978,910,1136
38979,910,450
38980,910,540
38981,910,1134
38982,910,222
38983,910,1006
38984,910,193
38985,910,1361
38986,910,134
38987,910,539
38988,910,946
38989,910,843
38990,910,127
38991,910,1342
38992,910,313
38993,910,125
38994,910,309
38995,910,1334
38996,910,996
38997,910,468
38998,910,1024
38999,910,791
39000,910,764
39001,910,1120
39002,910,588
39003,910,709
39004,910,5
39005,910,549
39006,910,1220
39007,910,442
39008,910,308
39009,910,304
39010,910,926
39011,910,1077
39012,910,546
39013,910,82
39014,910,1179
39015,910,993
39016,910,184
39017,910,487
39018,910,1445
39019,910,288
39020,910,700
39021,910,1241
39022,910,696
39023,910,520
39024,910,1026
39025,910,1151
39026,910,1340
39027,910,275
39028,910,1117
39029,910,806
39030,910,737
39031,910,985
39032,910,262
39033,910,1121
39034,910,1046
39035,910,893
39036,910,639
39037,910,547
39038,910,317
39039,910,595
39040,910,1010
39041,910,131
39042,910,96
39043,910,147
39044,910,456
39045,910,1312
39046,910,1400
39047,910,566
39048,910,345
39049,910,940
39050,910,929
39051,910,81
39052,910,790
39053,910,1048
39054,910,558
39055,910,148
39056,910,218
39057,910,67
39058,910,68
39059,910,927
39060,910,841
39061,910,1005
39062,910,246
39063,910,1207
39064,910,617
39065,910,884
39066,910,771
39067,910,846
39068,910,644
39069,910,437
39070,910,651
39071,910,923
39072,910,832
39073,910,1371
39074,910,28
39075,910,257
39076,910,763
39077,910,1020
39078,910,848
39079,910,463
39080,910,1071
39081,910,180
39082,910,486
39083,910,198
39084,910,21
39085,910,61
39086,910,89
39087,910,376
39088,910,388
39089,910,1192
39090,910,724
39091,910,721
39092,910,1093
39093,910,296
39094,910,474
39095,910,27
39096,910,1338
39097,910,341
39098,910,606
39099,910,1320
39100,910,968
39101,910,956
39102,910,146
39103,910,698
39104,910,338
39105,910,367
39106,910,966
39107,910,997
39108,910,1196
39109,910,970
39110,910,2
39111,910,109
39112,910,600
39113,910,1018
39114,910,851
39115,910,1408
39116,910,1154
39117,910,292
39118,910,366
39119,910,196
39120,910,906
39121,910,1331
39122,910,483
39123,910,1339
39124,910,1239
39125,910,182
39126,910,363
39127,910,521
39128,910,711
39129,910,1003
39130,910,307
39131,910,1423
39132,910,715
39133,910,523
39134,910,620
39135,910,723
39136,910,1097
39137,910,1230
39138,910,822
39139,910,852
39140,910,221
39141,910,335
39142,910,1017
39143,910,732
39144,910,613
39145,910,1101
39146,910,1043
39147,910,649
39148,910,619
39149,910,541
39150,910,1032
39151,910,1296
39152,910,260
39153,910,708
39154,910,582
39155,910,15
39156,910,1442
39157,910,384
39158,910,1254
39159,910,1246
39160,910,87
39161,910,287
39162,910,415
39163,910,879
39164,910,176
39165,910,245
39166,910,1105
39167,910,226
39168,910,1368
39169,910,1412
39170,910,1333
39171,910,145
39172,910,1040
39173,910,1143
39174,910,1410
39175,910,249
39176,910,1149
39177,910,1217
39178,910,451
39179,910,1394
39180,910,874
39181,910,1170
39182,910,86
39183,910,777
39184,910,657
39185,910,545
39186,910,233
39187,910,484
39188,910,703
39189,910,768
39190,910,371
39191,910,938
39192,910,429
39193,910,1447
39194,910,1438
39195,910,1019
39196,910,1407
39197,910,1229
39198,910,1223
39199,910,845
39200,910,1118
39201,910,1290
39202,910,687
39203,910,1092
39204,910,496
39205,910,462
39206,910,354
39207,910,980
39208,910,14
39209,910,755
39210,910,1042
39211,910,428
39212,910,900
39213,910,186
39214,910,899
39215,910,829
39216,910,691
39217,910,991
39218,910,895
39219,910,578
39220,910,629
39221,910,734
39222,910,149
39223,910,995
39224,910,1054
39225,910,939
39226,910,947
39227,910,1013
39228,910,1173
39229,910,236
39230,910,342
39231,910,419
39232,910,1041
39233,910,640
39234,910,1050
39235,910,1078
39236,910,205
39237,910,413
39238,910,199
39239,910,394
39240,910,378
39241,910,1056
39242,910,650
39243,910,1159
39244,910,188
39245,910,668
39246,910,117
39247,910,305
39248,910,499
39249,910,1148
39250,910,1065
39251,910,432
39252,910,793
39253,910,195
39254,910,568
39255,910,828
39256,910,1135
39257,910,1045
39258,910,272
39259,910,447
39260,910,343
39261,910,273
39262,910,802
39263,910,25
39264,910,552
39265,910,76
39266,910,819
39267,910,283
39268,910,1177
39269,910,799
39270,910,402
39271,910,1433
39272,910,334
39273,910,1153
39274,910,255
39275,910,247
39276,910,1314
39277,910,962
39278,910,844
39279,910,695
39280,910,1226
39281,910,454
39282,910,133
39283,910,400
39284,910,955
39285,910,1324
39286,910,1163
39287,910,364
39288,910,1111
39289,910,892
39290,910,494
39291,910,297
39292,910,751
39293,910,390
39294,910,526
39295,910,999
39296,910,573
39297,910,909
39298,910,757
39299,910,1064
39300,910,1175
39301,910,712
39302,910,510
39303,910,1311
39304,910,1277
39305,910,1016
39306,910,1446
39307,910,1075
39308,910,890
39309,910,263
39310,910,1328
39311,910,891
39312,910,1417
39313,910,1156
39314,910,840
39315,910,60
39316,910,373
39317,910,875
39318,910,821
39319,910,126
39320,910,1321
39321,910,1095
39322,910,914
39323,910,907
39324,910,780
39325,910,1038
39326,910,479
39327,910,172
39328,910,501
39329,910,1259
39330,910,1212
39331,910,1030
39332,910,264
39333,910,1449
39334,910,75
39335,910,998
39336,910,409
39337,910,1301
39338,910,662
39339,910,1384
39340,910,867
39341,910,581
39342,910,531
39343,910,974
39344,910,538
39345,910,164
39346,910,1057
39347,910,477
39348,910,93
39349,910,592
39350,910,1444
39351,910,515
39352,910,519
39353,910,608
39354,910,685
39355,910,992
39356,910,190
39357,910,1031
39358,910,960
39359,910,990
39360,910,660
39361,910,803
39362,910,231
39363,910,1304
39364,910,350
39365,910,315
39366,910,883
39367,910,1060
39368,910,583
39369,910,762
39370,910,166
39371,910,102
39372,910,1144
39373,910,605
39374,910,937
39375,910,984
39376,910,1110
39377,910,943
39378,910,446
39379,910,1222
39380,910,422
39381,910,1022
39382,910,562
39383,910,1102
39384,910,837
39385,910,646
39386,910,616
39387,910,910
39388,910,1268
39389,910,978
39390,910,805
39391,910,981
39392,910,289
39393,910,748
39394,910,1351
39395,910,918
39396,910,1261
39397,910,1421
39398,910,1430
39399,910,170
39400,910,473
39401,910,1372
39402,910,979
39403,910,808
39404,910,299
39405,910,64
39406,910,839
39407,910,404
39408,910,571
39409,910,1413
39410,910,33
39411,910,1235
39412,910,652
39413,910,9
39414,910,1219
39415,910,889
39416,910,782
39417,910,1289
39418,910,54
39419,910,658
39420,910,78
39421,910,1275
39422,910,1434
39423,910,886
39424,910,1325
39425,910,776
39426,910,140
39427,910,760
39428,910,749
39429,910,112
39430,910,952
39431,910,902
39432,910,20
39433,910,346
39434,910,621
39435,910,872
39436,910,614
39437,910,1183
39438,881,1213
39439,881,919
39440,881,1280
39441,881,1208
39442,881,153
39443,881,1352
39444,881,71
39445,881,702
39446,881,627
39447,881,1306
39448,881,753
39449,881,70
39450,881,1134
39451,881,396
39452,881,709
39453,881,288
39454,881,147
39455,881,456
39456,881,927
39457,881,1331
39458,881,335
39459,881,1032
39460,881,582
39461,881,1333
39462,881,1447
39463,881,691
39464,881,939
39465,881,199
39466,881,188
39467,881,573
39468,881,1417
39469,881,840
39470,881,409
39471,881,1053
39472,881,960
39473,881,660
39474,881,1060
39475,881,1222
39476,881,389
39477,881,910
39478,881,733
39479,881,1235
39480,881,652
39481,881,886
39482,881,621
39483,881,1362
39484,881,1183
39485,978,1074
39486,978,331
39487,978,726
39488,978,1213
39489,978,19
39490,978,1454
39491,978,548
39492,978,564
39493,978,66
39494,978,365
39495,978,18
39496,978,913
39497,978,1373
39498,978,1428
39499,978,599
39500,978,1352
39501,978,833
39502,978,1450
39503,978,1439
39504,978,779
39505,978,1363
39506,978,624
39507,978,241
39508,978,254
39509,978,1420
39510,978,603
39511,978,1204
39512,978,1198
39513,978,1094
39514,978,1257
39515,978,1113
39516,978,79
39517,978,753
39518,978,311
39519,978,1195
39520,978,1437
39521,978,421
39522,978,958
39523,978,697
39524,978,1162
39525,978,478
39526,978,540
39527,978,860
39528,978,665
39529,978,791
39530,978,1120
39531,978,588
39532,978,709
39533,978,46
39534,978,304
39535,978,700
39536,978,1241
39537,978,696
39538,978,328
39539,978,275
39540,978,1121
39541,978,893
39542,978,639
39543,978,547
39544,978,147
39545,978,456
39546,978,1400
39547,978,566
39548,978,67
39549,978,1062
39550,978,1005
39551,978,617
39552,978,644
39553,978,437
39554,978,55
39555,978,1071
39556,978,1093
39557,978,1320
39558,978,956
39559,978,698
39560,978,2
39561,978,1018
39562,978,1154
39563,978,292
39564,978,196
39565,978,1331
39566,978,483
39567,978,711
39568,978,1003
39569,978,307
39570,978,1230
39571,978,335
39572,978,613
39573,978,541
39574,978,880
39575,978,582
39576,978,287
39577,978,580
39578,978,145
39579,978,1040
39580,978,1410
39581,978,654
39582,978,233
39583,978,703
39584,978,938
39585,978,1229
39586,978,281
39587,978,1092
39588,978,980
39589,978,755
39590,978,1042
39591,978,900
39592,978,1150
39593,978,342
39594,978,205
39595,978,413
39596,978,432
39597,978,802
39598,978,25
39599,978,819
39600,978,283
39601,978,247
39602,978,1370
39603,978,167
39604,978,573
39605,978,909
39606,978,1175
39607,978,1311
39608,978,1432
39609,978,1075
39610,978,738
39611,978,263
39612,978,1343
39613,978,1156
39614,978,1141
39615,978,355
39616,978,780
39617,978,1038
39618,978,501
39619,978,264
39620,978,1449
39621,978,1225
39622,978,409
39623,978,1384
39624,978,867
39625,978,581
39626,978,164
39627,978,1057
39628,978,685
39629,978,190
39630,978,1304
39631,978,315
39632,978,883
39633,978,1060
39634,978,1110
39635,978,680
39636,978,446
39637,978,1222
39638,978,31
39639,978,422
39640,978,42
39641,978,1022
39642,978,389
39643,978,192
39644,978,910
39645,978,1268
39646,978,981
39647,978,733
39648,978,933
39649,978,1421
39650,978,170
39651,978,1372
39652,978,667
39653,978,1235
39654,978,652
39655,978,1219
39656,978,1289
39657,978,749
39658,978,346
39659,978,1183
39660,805,70
39661,805,262
39662,805,335
39663,805,582
39664,805,957
39665,805,1222
39666,981,1074
39667,981,1114
39668,981,638
39669,981,1213
39670,981,360
39671,981,1007
39672,981,1272
39673,981,1157
39674,981,684
39675,981,1454
39676,981,919
39677,981,1068
39678,981,1181
39679,981,548
39680,981,717
39681,981,22
39682,981,1080
39683,981,1283
39684,981,66
39685,981,279
39686,981,365
39687,981,728
39688,981,18
39689,981,913
39690,981,972
39691,981,599
39692,981,1208
39693,981,576
39694,981,1322
39695,981,877
39696,981,838
39697,981,153
39698,981,1169
39699,981,1352
39700,981,71
39701,981,833
39702,981,1450
39703,981,1063
39704,981,702
39705,981,316
39706,981,445
39707,981,210
39708,981,411
39709,981,869
39710,981,922
39711,981,590
39712,981,835
39713,981,1439
39714,981,627
39715,981,779
39716,981,716
39717,981,1363
39718,981,1337
39719,981,525
39720,981,624
39721,981,241
39722,981,579
39723,981,809
39724,981,434
39725,981,661
39726,981,1404
39727,981,1306
39728,981,492
39729,981,1204
39730,981,327
39731,981,1066
39732,981,374
39733,981,250
39734,981,1202
39735,981,553
39736,981,1037
39737,981,567
39738,981,693
39739,981,1425
39740,981,79
39741,981,903
39742,981,1265
39743,981,753
39744,981,232
39745,981,602
39746,981,311
39747,981,663
39748,981,70
39749,981,1310
39750,981,421
39751,981,958
39752,981,859
39753,981,585
39754,981,1162
39755,981,642
39756,981,478
39757,981,277
39758,981,29
39759,981,540
39760,981,1134
39761,981,1361
39762,981,1194
39763,981,1364
39764,981,535
39765,981,860
39766,981,313
39767,981,791
39768,981,588
39769,981,709
39770,981,1128
39771,981,5
39772,981,1220
39773,981,304
39774,981,926
39775,981,1179
39776,981,993
39777,981,184
39778,981,288
39779,981,700
39780,981,1026
39781,981,1151
39782,981,1117
39783,981,806
39784,981,737
39785,981,1121
39786,981,1349
39787,981,595
39788,981,1010
39789,981,147
39790,981,456
39791,981,1312
39792,981,1400
39793,981,345
39794,981,1048
39795,981,558
39796,981,356
39797,981,68
39798,981,927
39799,981,841
39800,981,1005
39801,981,246
39802,981,771
39803,981,644
39804,981,923
39805,981,55
39806,981,28
39807,981,763
39808,981,1071
39809,981,486
39810,981,100
39811,981,1192
39812,981,1093
39813,981,296
39814,981,606
39815,981,1320
39816,981,216
39817,981,968
39818,981,956
39819,981,698
39820,981,338
39821,981,367
39822,981,997
39823,981,970
39824,981,1018
39825,981,1154
39826,981,292
39827,981,1061
39828,981,366
39829,981,196
39830,981,1331
39831,981,483
39832,981,363
39833,981,711
39834,981,165
39835,981,307
39836,981,1230
39837,981,221
39838,981,1017
39839,981,732
39840,981,613
39841,981,649
39842,981,619
39843,981,1032
39844,981,260
39845,981,582
39846,981,1246
39847,981,879
39848,981,1215
39849,981,226
39850,981,1368
39851,981,1333
39852,981,1143
39853,981,1410
39854,981,1176
39855,981,208
39856,981,924
39857,981,777
39858,981,657
39859,981,233
39860,981,703
39861,981,768
39862,981,938
39863,981,1407
39864,981,845
39865,981,1290
39866,981,1401
39867,981,1092
39868,981,496
39869,981,462
39870,981,354
39871,981,980
39872,981,755
39873,981,1042
39874,981,428
39875,981,900
39876,981,186
39877,981,899
39878,981,991
39879,981,629
39880,981,734
39881,981,149
39882,981,939
39883,981,1173
39884,981,342
39885,981,419
39886,981,1078
39887,981,205
39888,981,300
39889,981,199
39890,981,378
39891,981,1056
39892,981,117
39893,981,676
39894,981,432
39895,981,793
39896,981,568
39897,981,272
39898,981,273
39899,981,1441
39900,981,802
39901,981,25
39902,981,819
39903,981,334
39904,981,1167
39905,981,247
39906,981,3
39907,981,586
39908,981,962
39909,981,312
39910,981,1243
39911,981,364
39912,981,1111
39913,981,98
39914,981,526
39915,981,550
39916,981,573
39917,981,909
39918,981,1025
39919,981,1311
39920,981,1432
39921,981,1016
39922,981,944
39923,981,1424
39924,981,738
39925,981,263
39926,981,1328
39927,981,1417
39928,981,1156
39929,981,840
39930,981,60
39931,981,875
39932,981,821
39933,981,126
39934,981,1095
39935,981,1141
39936,981,842
39937,981,907
39938,981,1038
39939,981,501
39940,981,528
39941,981,1259
39942,981,1449
39943,981,1225
39944,981,409
39945,981,1301
39946,981,662
39947,981,1384
39948,981,867
39949,981,581
39950,981,276
39951,981,611
39952,981,538
39953,981,164
39954,981,1292
39955,981,1057
39956,981,477
39957,981,801
39958,981,1291
39959,981,685
39960,981,190
39961,981,1053
39962,981,1031
39963,981,990
39964,981,660
39965,981,803
39966,981,231
39967,981,315
39968,981,1060
39969,981,102
39970,981,605
39971,981,680
39972,981,110
39973,981,446
39974,981,1222
39975,981,422
39976,981,1022
39977,981,389
39978,981,646
39979,981,616
39980,981,192
39981,981,910
39982,981,1268
39983,981,981
39984,981,289
39985,981,748
39986,981,918
39987,981,733
39988,981,933
39989,981,1421
39990,981,1430
39991,981,170
39992,981,473
39993,981,1372
39994,981,979
39995,981,808
39996,981,667
39997,981,64
39998,981,839
39999,981,404
40000,981,571
40001,981,815
40002,981,1235
40003,981,652
40004,981,9
40005,981,1219
40006,981,1289
40007,981,54
40008,981,78
40009,981,741
40010,981,886
40011,981,1325
40012,981,776
40013,981,140
40014,981,749
40015,981,112
40016,981,20
40017,981,1362
40018,981,614
40019,981,1323
40020,981,1183
40021,1351,636
40022,1351,331
40023,1351,449
40024,1351,1213
40025,1351,1007
40026,1351,351
40027,1351,1357
40028,1351,228
40029,1351,1443
40030,1351,936
40031,1351,66
40032,1351,728
40033,1351,306
40034,1351,1211
40035,1351,576
40036,1351,1322
40037,1351,36
40038,1351,153
40039,1351,551
40040,1351,702
40041,1351,513
40042,1351,445
40043,1351,1242
40044,1351,835
40045,1351,779
40046,1351,1398
40047,1351,604
40048,1351,254
40049,1351,1198
40050,1351,286
40051,1351,1066
40052,1351,374
40053,1351,1257
40054,1351,1391
40055,1351,656
40056,1351,1037
40057,1351,567
40058,1351,693
40059,1351,1297
40060,1351,408
40061,1351,663
40062,1351,70
40063,1351,174
40064,1351,958
40065,1351,258
40066,1351,478
40067,1351,1260
40068,1351,193
40069,1351,1361
40070,1351,946
40071,1351,1161
40072,1351,1342
40073,1351,860
40074,1351,265
40075,1351,598
40076,1351,709
40077,1351,46
40078,1351,1126
40079,1351,1179
40080,1351,696
40081,1351,520
40082,1351,328
40083,1351,1151
40084,1351,806
40085,1351,865
40086,1351,534
40087,1351,547
40088,1351,456
40089,1351,81
40090,1351,558
40091,1351,68
40092,1351,927
40093,1351,1005
40094,1351,1207
40095,1351,1382
40096,1351,437
40097,1351,77
40098,1351,490
40099,1351,1020
40100,1351,1071
40101,1351,731
40102,1351,724
40103,1351,1203
40104,1351,606
40105,1351,587
40106,1351,338
40107,1351,1154
40108,1351,292
40109,1351,1061
40110,1351,366
40111,1351,196
40112,1351,1339
40113,1351,774
40114,1351,359
40115,1351,1230
40116,1351,732
40117,1351,452
40118,1351,649
40119,1351,582
40120,1351,15
40121,1351,1415
40122,1351,745
40123,1351,453
40124,1351,1368
40125,1351,1412
40126,1351,145
40127,1351,1410
40128,1351,1217
40129,1351,1176
40130,1351,777
40131,1351,233
40132,1351,1164
40133,1351,1380
40134,1351,1229
40135,1351,797
40136,1351,1223
40137,1351,845
40138,1351,354
40139,1351,428
40140,1351,829
40141,1351,629
40142,1351,995
40143,1351,1041
40144,1351,107
40145,1351,735
40146,1351,417
40147,1351,117
40148,1351,499
40149,1351,1148
40150,1351,432
40151,1351,814
40152,1351,163
40153,1351,283
40154,1351,799
40155,1351,402
40156,1351,471
40157,1351,334
40158,1351,255
40159,1351,247
40160,1351,962
40161,1351,1324
40162,1351,1163
40163,1351,1370
40164,1351,167
40165,1351,1184
40166,1351,935
40167,1351,526
40168,1351,573
40169,1351,1175
40170,1351,712
40171,1351,1190
40172,1351,891
40173,1351,1417
40174,1351,1156
40175,1351,789
40176,1351,821
40177,1351,126
40178,1351,355
40179,1351,780
40180,1351,501
40181,1351,1030
40182,1351,264
40183,1351,1225
40184,1351,1301
40185,1351,581
40186,1351,974
40187,1351,611
40188,1351,1057
40189,1351,671
40190,1351,1444
40191,1351,960
40192,1351,990
40193,1351,660
40194,1351,803
40195,1351,1144
40196,1351,1110
40197,1351,110
40198,1351,446
40199,1351,1222
40200,1351,31
40201,1351,1022
40202,1351,192
40203,1351,748
40204,1351,1351
40205,1351,1421
40206,1351,170
40207,1351,1372
40208,1351,299
40209,1351,839
40210,1351,815
40211,1351,652
40212,1351,782
40213,1351,54
40214,1351,1434
40215,1351,886
40216,1351,776
40217,1351,140
40218,1351,952
40219,1351,1362
40220,1351,614
40221,1261,555
40222,1261,726
40223,1261,360
40224,1261,1287
40225,1261,1256
40226,1261,34
40227,1261,551
40228,1261,207
40229,1261,1009
40230,1261,1363
40231,1261,1337
40232,1261,1233
40233,1261,327
40234,1261,693
40235,1261,508
40236,1261,602
40237,1261,88
40238,1261,1437
40239,1261,1435
40240,1261,958
40241,1261,597
40242,1261,1364
40243,1261,348
40244,1261,5
40245,1261,993
40246,1261,1138
40247,1261,901
40248,1261,1182
40249,1261,534
40250,1261,96
40251,1261,147
40252,1261,456
40253,1261,1400
40254,1261,81
40255,1261,558
40256,1261,68
40257,1261,1240
40258,1261,1382
40259,1261,771
40260,1261,672
40261,1261,1192
40262,1261,1093
40263,1261,216
40264,1261,968
40265,1261,488
40266,1261,109
40267,1261,1408
40268,1261,1239
40269,1261,90
40270,1261,654
40271,1261,657
40272,1261,1164
40273,1261,1380
40274,1261,354
40275,1261,755
40276,1261,428
40277,1261,829
40278,1261,629
40279,1261,1049
40280,1261,995
40281,1261,205
40282,1261,273
40283,1261,819
40284,1261,962
40285,1261,751
40286,1261,526
40287,1261,1446
40288,1261,1075
40289,1261,1095
40290,1261,215
40291,1261,479
40292,1261,172
40293,1261,1030
40294,1261,1285
40295,1261,1027
40296,1261,705
40297,1261,1222
40298,1261,616
40299,1261,1235
40300,1261,652
40301,1261,872
40302,473,1074
40303,473,898
40304,473,638
40305,473,555
40306,473,931
40307,473,331
40308,473,726
40309,473,1213
40310,473,816
40311,473,360
40312,473,347
40313,473,1007
40314,473,796
40315,473,618
40316,473,1272
40317,473,325
40318,473,1157
40319,473,684
40320,473,500
40321,473,361
40322,473,302
40323,473,19
40324,473,1454
40325,473,919
40326,473,1068
40327,473,1181
40328,473,351
40329,473,548
40330,473,1354
40331,473,1270
40332,473,420
40333,473,564
40334,473,897
40335,473,1280
40336,473,717
40337,473,925
40338,473,1080
40339,473,759
40340,473,589
40341,473,1330
40342,473,623
40343,473,1263
40344,473,45
40345,473,1443
40346,473,1283
40347,473,936
40348,473,66
40349,473,279
40350,473,365
40351,473,728
40352,473,18
40353,473,718
40354,473,118
40355,473,913
40356,473,306
40357,473,201
40358,473,1201
40359,473,1373
40360,473,161
40361,473,358
40362,473,1428
40363,473,599
40364,473,1256
40365,473,1344
40366,473,1208
40367,473,576
40368,473,1130
40369,473,1322
40370,473,214
40371,473,73
40372,473,838
40373,473,489
40374,473,34
40375,473,1002
40376,473,551
40377,473,833
40378,473,1450
40379,473,1063
40380,473,702
40381,473,204
40382,473,513
40383,473,316
40384,473,445
40385,473,1238
40386,473,1242
40387,473,1376
40388,473,210
40389,473,411
40390,473,1293
40391,473,229
40392,473,274
40393,473,922
40394,473,590
40395,473,1347
40396,473,835
40397,473,1009
40398,473,1439
40399,473,410
40400,473,627
40401,473,779
40402,473,716
40403,473,1363
40404,473,1210
40405,473,1029
40406,473,637
40407,473,976
40408,473,525
40409,473,624
40410,473,144
40411,473,241
40412,473,1112
40413,473,809
40414,473,434
40415,473,1358
40416,473,1233
40417,473,794
40418,473,661
40419,473,1327
40420,473,368
40421,473,254
40422,473,1098
40423,473,934
40424,473,1420
40425,473,1306
40426,473,603
40427,473,492
40428,473,1198
40429,473,327
40430,473,211
40431,473,286
40432,473,830
40433,473,138
40434,473,62
40435,473,322
40436,473,1405
40437,473,1326
40438,473,114
40439,473,1455
40440,473,1066
40441,473,812
40442,473,885
40443,473,626
40444,473,374
40445,473,1122
40446,473,250
40447,473,1202
40448,473,1257
40449,473,1391
40450,473,225
40451,473,1113
40452,473,766
40453,473,301
40454,473,92
40455,473,553
40456,473,223
40457,473,1037
40458,473,567
40459,473,693
40460,473,106
40461,473,1425
40462,473,824
40463,473,1076
40464,473,1250
40465,473,79
40466,473,903
40467,473,1265
40468,473,753
40469,473,508
40470,473,1297
40471,473,232
40472,473,602
40473,473,311
40474,473,663
40475,473,681
40476,473,314
40477,473,174
40478,473,1195
40479,473,88
40480,473,1437
40481,473,1310
40482,473,421
40483,473,1435
40484,473,958
40485,473,761
40486,473,154
40487,473,597
40488,473,11
40489,473,859
40490,473,1162
40491,473,1001
40492,473,502
40493,473,642
40494,473,478
40495,473,40
40496,473,1224
40497,473,277
40498,473,1136
40499,473,450
40500,473,337
40501,473,268
40502,473,569
40503,473,1431
40504,473,1134
40505,473,222
40506,473,1006
40507,473,193
40508,473,1361
40509,473,544
40510,473,1194
40511,473,134
40512,473,1364
40513,473,556
40514,473,843
40515,473,1161
40516,473,535
40517,473,127
40518,473,1342
40519,473,860
40520,473,313
40521,473,125
40522,473,162
40523,473,348
40524,473,758
40525,473,665
40526,473,1334
40527,473,817
40528,473,468
40529,473,396
40530,473,783
40531,473,1332
40532,473,791
40533,473,764
40534,473,1120
40535,473,598
40536,473,1123
40537,473,588
40538,473,709
40539,473,46
40540,473,1047
40541,473,1128
40542,473,767
40543,473,1388
40544,473,549
40545,473,1220
40546,473,122
40547,473,1055
40548,473,1126
40549,473,1077
40550,473,546
40551,473,333
40552,473,1179
40553,473,993
40554,473,184
40555,473,1178
40556,473,1138
40557,473,901
40558,473,487
40559,473,288
40560,473,271
40561,473,1305
40562,473,1133
40563,473,700
40564,473,1241
40565,473,696
40566,473,1026
40567,473,328
40568,473,1151
40569,473,1340
40570,473,275
40571,473,1117
40572,473,806
40573,473,565
40574,473,262
40575,473,1121
40576,473,1046
40577,473,324
40578,473,911
40579,473,1127
40580,473,534
40581,473,1349
40582,473,639
40583,473,810
40584,473,547
40585,473,1010
40586,473,131
40587,473,269
40588,473,96
40589,473,147
40590,473,456
40591,473,1312
40592,473,1400
40593,473,566
40594,473,345
40595,473,940
40596,473,81
40597,473,790
40598,473,1048
40599,473,811
40600,473,148
40601,473,967
40602,473,67
40603,473,439
40604,473,68
40605,473,1107
40606,473,927
40607,473,841
40608,473,1005
40609,473,246
40610,473,1207
40611,473,1382
40612,473,617
40613,473,1108
40614,473,771
40615,473,846
40616,473,644
40617,473,437
40618,473,651
40619,473,923
40620,473,1371
40621,473,55
40622,473,28
40623,473,77
40624,473,804
40625,473,763
40626,473,284
40627,473,142
40628,473,570
40629,473,1020
40630,473,463
40631,473,1011
40632,473,1071
40633,473,198
40634,473,21
40635,473,677
40636,473,908
40637,473,61
40638,473,89
40639,473,388
40640,473,965
40641,473,731
40642,473,1192
40643,473,353
40644,473,1348
40645,473,724
40646,473,878
40647,473,91
40648,473,721
40649,473,27
40650,473,1338
40651,473,341
40652,473,606
40653,473,1320
40654,473,216
40655,473,968
40656,473,698
40657,473,338
40658,473,367
40659,473,518
40660,473,997
40661,473,970
40662,473,488
40663,473,600
40664,473,601
40665,473,1018
40666,473,851
40667,473,1408
40668,473,1154
40669,473,292
40670,473,196
40671,473,191
40672,473,1331
40673,473,483
40674,473,1339
40675,473,1239
40676,473,363
40677,473,521
40678,473,711
40679,473,1003
40680,473,137
40681,473,307
40682,473,1423
40683,473,359
40684,473,715
40685,473,1097
40686,473,1230
40687,473,469
40688,473,822
40689,473,221
40690,473,335
40691,473,1017
40692,473,732
40693,473,452
40694,473,74
40695,473,613
40696,473,1043
40697,473,1103
40698,473,357
40699,473,649
40700,473,619
40701,473,1032
40702,473,986
40703,473,260
40704,473,1115
40705,473,582
40706,473,15
40707,473,1254
40708,473,1246
40709,473,87
40710,473,287
40711,473,415
40712,473,398
40713,473,879
40714,473,245
40715,473,1393
40716,473,1132
40717,473,745
40718,473,453
40719,473,226
40720,473,827
40721,473,1368
40722,473,1333
40723,473,385
40724,473,145
40725,473,24
40726,473,1040
40727,473,1273
40728,473,1143
40729,473,1410
40730,473,654
40731,473,1217
40732,473,856
40733,473,1176
40734,473,451
40735,473,1394
40736,473,1170
40737,473,1082
40738,473,208
40739,473,330
40740,473,416
40741,473,657
40742,473,233
40743,473,484
40744,473,703
40745,473,1164
40746,473,768
40747,473,371
40748,473,938
40749,473,429
40750,473,1200
40751,473,1380
40752,473,1438
40753,473,994
40754,473,230
40755,473,1407
40756,473,1229
40757,473,797
40758,473,465
40759,473,281
40760,473,1223
40761,473,1290
40762,473,1401
40763,473,687
40764,473,44
40765,473,1092
40766,473,462
40767,473,354
40768,473,980
40769,473,14
40770,473,755
40771,473,428
40772,473,900
40773,473,186
40774,473,829
40775,473,691
40776,473,991
40777,473,895
40778,473,773
40779,473,578
40780,473,629
40781,473,734
40782,473,149
40783,473,995
40784,473,983
40785,473,1054
40786,473,939
40787,473,1150
40788,473,947
40789,473,1013
40790,473,1173
40791,473,236
40792,473,342
40793,473,831
40794,473,419
40795,473,1041
40796,473,107
40797,473,1050
40798,473,1171
40799,473,1078
40800,473,205
40801,473,413
40802,473,199
40803,473,417
40804,473,378
40805,473,1056
40806,473,650
40807,473,1159
40808,473,188
40809,473,668
40810,473,117
40811,473,305
40812,473,499
40813,473,1148
40814,473,676
40815,473,482
40816,473,1065
40817,473,1197
40818,473,251
40819,473,793
40820,473,195
40821,473,568
40822,473,814
40823,473,1135
40824,473,1045
40825,473,272
40826,473,543
40827,473,447
40828,473,343
40829,473,273
40830,473,1441
40831,473,391
40832,473,802
40833,473,25
40834,473,1090
40835,473,1251
40836,473,76
40837,473,819
40838,473,283
40839,473,1177
40840,473,402
40841,473,1252
40842,473,1052
40843,473,1433
40844,473,334
40845,473,1153
40846,473,1167
40847,473,255
40848,473,247
40849,473,1314
40850,473,962
40851,473,312
40852,473,344
40853,473,695
40854,473,294
40855,473,1226
40856,473,65
40857,473,1243
40858,473,133
40859,473,400
40860,473,928
40861,473,955
40862,473,1324
40863,473,1163
40864,473,1370
40865,473,364
40866,473,1111
40867,473,892
40868,473,98
40869,473,1392
40870,473,494
40871,473,297
40872,473,526
40873,473,786
40874,473,1104
40875,473,550
40876,473,573
40877,473,909
40878,473,1025
40879,473,757
40880,473,1064
40881,473,83
40882,473,1175
40883,473,712
40884,473,510
40885,473,1311
40886,473,379
40887,473,1432
40888,473,1411
40889,473,340
40890,473,1446
40891,473,1075
40892,473,1190
40893,473,1424
40894,473,738
40895,473,263
40896,473,1343
40897,473,1328
40898,473,472
40899,473,891
40900,473,1417
40901,473,175
40902,473,957
40903,473,1156
40904,473,840
40905,473,645
40906,473,1426
40907,473,60
40908,473,373
40909,473,678
40910,473,875
40911,473,412
40912,473,821
40913,473,126
40914,473,1095
40915,473,1141
40916,473,914
40917,473,842
40918,473,907
40919,473,355
40920,473,780
40921,473,215
40922,473,479
40923,473,172
40924,473,501
40925,473,528
40926,473,407
40927,473,1030
40928,473,264
40929,473,1449
40930,473,75
40931,473,1225
40932,473,998
40933,473,409
40934,473,1301
40935,473,662
40936,473,867
40937,473,1414
40938,473,581
40939,473,1232
40940,473,974
40941,473,611
40942,473,538
40943,473,164
40944,473,1292
40945,473,1057
40946,473,671
40947,473,655
40948,473,477
40949,473,1329
40950,473,93
40951,473,592
40952,473,1444
40953,473,507
40954,473,515
40955,473,519
40956,473,1253
40957,473,1291
40958,473,685
40959,473,992
40960,473,190
40961,473,1027
40962,473,1053
40963,473,1031
40964,473,960
40965,473,990
40966,473,660
40967,473,285
40968,473,803
40969,473,1304
40970,473,350
40971,473,315
40972,473,883
40973,473,1060
40974,473,530
40975,473,762
40976,473,166
40977,473,102
40978,473,1144
40979,473,605
40980,473,984
40981,473,1110
40982,473,943
40983,473,680
40984,473,110
40985,473,58
40986,473,446
40987,473,1222
40988,473,422
40989,473,42
40990,473,562
40991,473,1102
40992,473,389
40993,473,646
40994,473,616
40995,473,641
40996,473,192
40997,473,910
40998,473,1268
40999,473,978
41000,473,981
41001,473,289
41002,473,748
41003,473,171
41004,473,1351
41005,473,918
41006,473,1172
41007,473,933
41008,473,1421
41009,473,1430
41010,473,170
41011,473,49
41012,473,425
41013,473,473
41014,473,1372
41015,473,979
41016,473,808
41017,473,667
41018,473,64
41019,473,839
41020,473,571
41021,473,815
41022,473,1413
41023,473,33
41024,473,1235
41025,473,652
41026,473,26
41027,473,9
41028,473,1219
41029,473,889
41030,473,782
41031,473,1289
41032,473,54
41033,473,658
41034,473,78
41035,473,741
41036,473,1434
41037,473,886
41038,473,1325
41039,473,140
41040,473,760
41041,473,749
41042,473,112
41043,473,461
41044,473,952
41045,473,902
41046,473,20
41047,473,346
41048,473,621
41049,473,1362
41050,473,614
41051,473,1008
41052,473,1183
41053,979,1074
41054,979,638
41055,979,331
41056,979,1213
41057,979,1454
41058,979,1068
41059,979,1181
41060,979,548
41061,979,1280
41062,979,717
41063,979,1080
41064,979,66
41065,979,365
41066,979,18
41067,979,913
41068,979,599
41069,979,1344
41070,979,1130
41071,979,1322
41072,979,153
41073,979,489
41074,979,833
41075,979,1450
41076,979,1063
41077,979,702
41078,979,316
41079,979,445
41080,979,1293
41081,979,590
41082,979,1439
41083,979,525
41084,979,809
41085,979,254
41086,979,603
41087,979,1204
41088,979,327
41089,979,1405
41090,979,1455
41091,979,1066
41092,979,374
41093,979,223
41094,979,567
41095,979,693
41096,979,1265
41097,979,753
41098,979,1188
41099,979,1297
41100,979,232
41101,979,311
41102,979,663
41103,979,70
41104,979,314
41105,979,421
41106,979,958
41107,979,277
41108,979,1134
41109,979,1361
41110,979,134
41111,979,860
41112,979,162
41113,979,817
41114,979,1120
41115,979,588
41116,979,709
41117,979,5
41118,979,1179
41119,979,993
41120,979,1138
41121,979,288
41122,979,1133
41123,979,700
41124,979,1026
41125,979,1151
41126,979,565
41127,979,262
41128,979,147
41129,979,456
41130,979,68
41131,979,1062
41132,979,927
41133,979,841
41134,979,923
41135,979,1071
41136,979,724
41137,979,721
41138,979,296
41139,979,1320
41140,979,216
41141,979,698
41142,979,970
41143,979,1018
41144,979,1154
41145,979,292
41146,979,366
41147,979,196
41148,979,1331
41149,979,483
41150,979,1239
41151,979,363
41152,979,307
41153,979,1230
41154,979,221
41155,979,649
41156,979,1032
41157,979,260
41158,979,582
41159,979,384
41160,979,745
41161,979,1333
41162,979,1410
41163,979,1028
41164,979,654
41165,979,1176
41166,979,451
41167,979,208
41168,979,703
41169,979,768
41170,979,371
41171,979,938
41172,979,1380
41173,979,1407
41174,979,1229
41175,979,845
41176,979,1290
41177,979,755
41178,979,900
41179,979,186
41180,979,991
41181,979,629
41182,979,983
41183,979,939
41184,979,1173
41185,979,199
41186,979,394
41187,979,1056
41188,979,117
41189,979,1148
41190,979,432
41191,979,793
41192,979,195
41193,979,568
41194,979,814
41195,979,272
41196,979,1441
41197,979,802
41198,979,819
41199,979,1433
41200,979,334
41201,979,247
41202,979,962
41203,979,1243
41204,979,1163
41205,979,1370
41206,979,364
41207,979,1111
41208,979,550
41209,979,573
41210,979,909
41211,979,1025
41212,979,1064
41213,979,1311
41214,979,1432
41215,979,738
41216,979,263
41217,979,1343
41218,979,1417
41219,979,373
41220,979,126
41221,979,1141
41222,979,842
41223,979,1038
41224,979,1259
41225,979,1030
41226,979,1449
41227,979,409
41228,979,1301
41229,979,662
41230,979,974
41231,979,611
41232,979,1057
41233,979,1444
41234,979,1291
41235,979,685
41236,979,1031
41237,979,960
41238,979,990
41239,979,660
41240,979,803
41241,979,1060
41242,979,166
41243,979,102
41244,979,605
41245,979,110
41246,979,446
41247,979,1222
41248,979,422
41249,979,42
41250,979,1022
41251,979,389
41252,979,1268
41253,979,981
41254,979,748
41255,979,733
41256,979,1421
41257,979,1430
41258,979,170
41259,979,473
41260,979,1372
41261,979,979
41262,979,808
41263,979,667
41264,979,64
41265,979,404
41266,979,815
41267,979,1235
41268,979,652
41269,979,1219
41270,979,54
41271,979,749
41272,979,112
41273,979,20
41274,979,1183
41275,299,638
41276,299,1213
41277,299,1007
41278,299,57
41279,299,1454
41280,299,919
41281,299,548
41282,299,717
41283,299,136
41284,299,759
41285,299,45
41286,299,1283
41287,299,728
41288,299,219
41289,299,1169
41290,299,489
41291,299,1352
41292,299,551
41293,299,1063
41294,299,702
41295,299,210
41296,299,298
41297,299,1439
41298,299,627
41299,299,1363
41300,299,95
41301,299,1210
41302,299,976
41303,299,1358
41304,299,864
41305,299,982
41306,299,1420
41307,299,1204
41308,299,327
41309,299,374
41310,299,250
41311,299,92
41312,299,553
41313,299,903
41314,299,508
41315,299,232
41316,299,70
41317,299,314
41318,299,958
41319,299,859
41320,299,277
41321,299,134
41322,299,1364
41323,299,396
41324,299,1298
41325,299,709
41326,299,308
41327,299,1126
41328,299,1179
41329,299,1026
41330,299,788
41331,299,547
41332,299,96
41333,299,1048
41334,299,1062
41335,299,927
41336,299,884
41337,299,771
41338,299,17
41339,299,848
41340,299,1071
41341,299,1345
41342,299,376
41343,299,353
41344,299,724
41345,299,1093
41346,299,395
41347,299,338
41348,299,367
41349,299,970
41350,299,600
41351,299,1408
41352,299,1154
41353,299,196
41354,299,307
41355,299,359
41356,299,1043
41357,299,649
41358,299,260
41359,299,582
41360,299,245
41361,299,745
41362,299,1410
41363,299,654
41364,299,1176
41365,299,86
41366,299,1164
41367,299,938
41368,299,845
41369,299,354
41370,299,980
41371,299,755
41372,299,1042
41373,299,428
41374,299,900
41375,299,186
41376,299,991
41377,299,629
41378,299,734
41379,299,149
41380,299,947
41381,299,1013
41382,299,1173
41383,299,205
41384,299,378
41385,299,1056
41386,299,499
41387,299,1197
41388,299,432
41389,299,568
41390,299,1135
41391,299,273
41392,299,1441
41393,299,819
41394,299,955
41395,299,1163
41396,299,1111
41397,299,892
41398,299,98
41399,299,751
41400,299,390
41401,299,526
41402,299,573
41403,299,862
41404,299,379
41405,299,1432
41406,299,1446
41407,299,944
41408,299,1075
41409,299,263
41410,299,1343
41411,299,1417
41412,299,840
41413,299,1038
41414,299,1449
41415,299,867
41416,299,1444
41417,299,1291
41418,299,685
41419,299,992
41420,299,960
41421,299,990
41422,299,660
41423,299,231
41424,299,1060
41425,299,102
41426,299,605
41427,299,634
41428,299,1222
41429,299,981
41430,299,748
41431,299,1351
41432,299,918
41433,299,733
41434,299,1430
41435,299,170
41436,299,667
41437,299,64
41438,299,652
41439,299,9
41440,299,20
41441,667,931
41442,667,331
41443,667,1213
41444,667,115
41445,667,1280
41446,667,1255
41447,667,717
41448,667,728
41449,667,201
41450,667,1352
41451,667,1063
41452,667,702
41453,667,513
41454,667,210
41455,667,298
41456,667,779
41457,667,716
41458,667,679
41459,667,525
41460,667,1112
41461,667,1358
41462,667,1420
41463,667,603
41464,667,1204
41465,667,1198
41466,667,374
41467,667,1257
41468,667,710
41469,667,903
41470,667,1188
41471,667,232
41472,667,311
41473,667,1435
41474,667,958
41475,667,859
41476,667,40
41477,667,1136
41478,667,134
41479,667,539
41480,667,1055
41481,667,1179
41482,667,993
41483,667,1138
41484,667,595
41485,667,96
41486,667,147
41487,667,456
41488,667,68
41489,667,927
41490,667,884
41491,667,763
41492,667,848
41493,667,965
41494,667,1192
41495,667,724
41496,667,1093
41497,667,296
41498,667,146
41499,667,338
41500,667,1154
41501,667,196
41502,667,307
41503,667,715
41504,667,470
41505,667,221
41506,667,732
41507,667,649
41508,667,1032
41509,667,664
41510,667,582
41511,667,654
41512,667,845
41513,667,755
41514,667,1054
41515,667,205
41516,667,676
41517,667,568
41518,667,814
41519,667,1135
41520,667,163
41521,667,1441
41522,667,819
41523,667,586
41524,667,962
41525,667,1370
41526,667,751
41527,667,573
41528,667,1432
41529,667,1417
41530,667,957
41531,667,840
41532,667,821
41533,667,377
41534,667,1057
41535,667,608
41536,667,685
41537,667,190
41538,667,1429
41539,667,960
41540,667,660
41541,667,1304
41542,667,530
41543,667,110
41544,667,1222
41545,667,1022
41546,667,748
41547,667,170
41548,667,652
41549,667,9
41550,667,1183
41551,1235,331
41552,1235,919
41553,1235,1068
41554,1235,564
41555,1235,1091
41556,1235,365
41557,1235,728
41558,1235,161
41559,1235,219
41560,1235,153
41561,1235,551
41562,1235,1450
41563,1235,1293
41564,1235,267
41565,1235,590
41566,1235,383
41567,1235,661
41568,1235,934
41569,1235,1306
41570,1235,603
41571,1235,1204
41572,1235,327
41573,1235,374
41574,1235,1257
41575,1235,225
41576,1235,766
41577,1235,602
41578,1235,408
41579,1235,1286
41580,1235,88
41581,1235,1310
41582,1235,958
41583,1235,859
41584,1235,502
41585,1235,63
41586,1235,268
41587,1235,539
41588,1235,127
41589,1235,396
41590,1235,549
41591,1235,932
41592,1235,1026
41593,1235,328
41594,1235,1182
41595,1235,1121
41596,1235,96
41597,1235,456
41598,1235,790
41599,1235,356
41600,1235,246
41601,1235,392
41602,1235,376
41603,1235,388
41604,1235,100
41605,1235,1093
41606,1235,1369
41607,1235,997
41608,1235,109
41609,1235,601
41610,1235,711
41611,1235,165
41612,1235,1427
41613,1235,620
41614,1235,822
41615,1235,732
41616,1235,1103
41617,1235,880
41618,1235,986
41619,1235,1296
41620,1235,260
41621,1235,1115
41622,1235,664
41623,1235,582
41624,1235,1415
41625,1235,398
41626,1235,385
41627,1235,654
41628,1235,1279
41629,1235,545
41630,1235,895
41631,1235,149
41632,1235,594
41633,1235,413
41634,1235,378
41635,1235,921
41636,1235,1045
41637,1235,447
41638,1235,491
41639,1235,273
41640,1235,1090
41641,1235,1251
41642,1235,819
41643,1235,283
41644,1235,1177
41645,1235,1153
41646,1235,1314
41647,1235,962
41648,1235,400
41649,1235,494
41650,1235,573
41651,1235,379
41652,1235,56
41653,1235,957
41654,1235,875
41655,1235,821
41656,1235,1095
41657,1235,914
41658,1235,780
41659,1235,264
41660,1235,1225
41661,1235,662
41662,1235,867
41663,1235,1057
41664,1235,673
41665,1235,883
41666,1235,530
41667,1235,102
41668,1235,1313
41669,1235,984
41670,1235,58
41671,1235,1222
41672,1235,616
41673,1235,981
41674,1235,979
41675,1235,404
41676,1235,652
41677,1235,760
41678,1235,1362
41679,1235,872
41680,1235,1323
41681,1235,1183
41682,1275,555
41683,1275,1213
41684,1275,1454
41685,1275,1280
41686,1275,1255
41687,1275,717
41688,1275,306
41689,1275,489
41690,1275,702
41691,1275,445
41692,1275,1242
41693,1275,1293
41694,1275,976
41695,1275,603
41696,1275,374
41697,1275,663
41698,1275,70
41699,1275,1435
41700,1275,134
41701,1275,535
41702,1275,1179
41703,1275,1138
41704,1275,1026
41705,1275,262
41706,1275,595
41707,1275,456
41708,1275,721
41709,1275,997
41710,1275,1154
41711,1275,649
41712,1275,260
41713,1275,1254
41714,1275,226
41715,1275,654
41716,1275,768
41717,1275,845
41718,1275,205
41719,1275,1197
41720,1275,432
41721,1275,195
41722,1275,819
41723,1275,1075
41724,1275,1343
41725,1275,1417
41726,1275,355
41727,1275,960
41728,1275,1304
41729,1275,102
41730,1275,446
41731,1275,1222
41732,1275,646
41733,1275,1235
41734,1275,652
41735,1275,1219
41736,886,434
41737,886,1349
41738,886,1432
41739,886,840
41740,886,1222
41741,749,638
41742,749,331
41743,749,726
41744,749,1213
41745,749,360
41746,749,1007
41747,749,1272
41748,749,361
41749,749,1454
41750,749,332
41751,749,1068
41752,749,1181
41753,749,548
41754,749,362
41755,749,564
41756,749,1255
41757,749,717
41758,749,136
41759,749,1080
41760,749,623
41761,749,1283
41762,749,66
41763,749,728
41764,749,18
41765,749,913
41766,749,306
41767,749,1211
41768,749,1428
41769,749,599
41770,749,1344
41771,749,435
41772,749,1208
41773,749,1130
41774,749,73
41775,749,838
41776,749,1352
41777,749,833
41778,749,1063
41779,749,694
41780,749,702
41781,749,316
41782,749,445
41783,749,210
41784,749,411
41785,749,69
41786,749,1293
41787,749,922
41788,749,298
41789,749,590
41790,749,1439
41791,749,410
41792,749,716
41793,749,1363
41794,749,1402
41795,749,95
41796,749,1210
41797,749,1337
41798,749,1398
41799,749,976
41800,749,525
41801,749,624
41802,749,434
41803,749,864
41804,749,254
41805,749,1420
41806,749,603
41807,749,492
41808,749,1204
41809,749,327
41810,749,1405
41811,749,1455
41812,749,885
41813,749,374
41814,749,1257
41815,749,1113
41816,749,92
41817,749,553
41818,749,223
41819,749,567
41820,749,847
41821,749,1425
41822,749,79
41823,749,1188
41824,749,232
41825,749,311
41826,749,70
41827,749,1195
41828,749,88
41829,749,1437
41830,749,421
41831,749,958
41832,749,859
41833,749,575
41834,749,1162
41835,749,502
41836,749,478
41837,749,1147
41838,749,277
41839,749,1136
41840,749,450
41841,749,540
41842,749,1134
41843,749,222
41844,749,193
41845,749,1361
41846,749,1194
41847,749,1364
41848,749,556
41849,749,127
41850,749,1342
41851,749,162
41852,749,758
41853,749,665
41854,749,1334
41855,749,817
41856,749,396
41857,749,791
41858,749,588
41859,749,709
41860,749,46
41861,749,549
41862,749,304
41863,749,926
41864,749,1126
41865,749,1179
41866,749,993
41867,749,1178
41868,749,288
41869,749,1133
41870,749,1026
41871,749,1151
41872,749,1182
41873,749,985
41874,749,565
41875,749,262
41876,749,1121
41877,749,810
41878,749,595
41879,749,131
41880,749,96
41881,749,456
41882,749,566
41883,749,345
41884,749,1048
41885,749,558
41886,749,68
41887,749,927
41888,749,1005
41889,749,704
41890,749,1108
41891,749,644
41892,749,437
41893,749,651
41894,749,923
41895,749,672
41896,749,55
41897,749,77
41898,749,763
41899,749,17
41900,749,1020
41901,749,848
41902,749,1071
41903,749,486
41904,749,376
41905,749,388
41906,749,965
41907,749,731
41908,749,1192
41909,749,296
41910,749,474
41911,749,606
41912,749,1320
41913,749,216
41914,749,698
41915,749,338
41916,749,1269
41917,749,997
41918,749,970
41919,749,109
41920,749,1018
41921,749,1408
41922,749,1154
41923,749,292
41924,749,1061
41925,749,366
41926,749,196
41927,749,1331
41928,749,483
41929,749,1239
41930,749,1003
41931,749,307
41932,749,1230
41933,749,822
41934,749,221
41935,749,452
41936,749,613
41937,749,649
41938,749,619
41939,749,1032
41940,749,260
41941,749,708
41942,749,1254
41943,749,1246
41944,749,879
41945,749,580
41946,749,745
41947,749,1368
41948,749,1412
41949,749,1333
41950,749,1273
41951,749,1410
41952,749,856
41953,749,451
41954,749,924
41955,749,233
41956,749,1142
41957,749,1164
41958,749,768
41959,749,371
41960,749,429
41961,749,1407
41962,749,1229
41963,749,845
41964,749,1118
41965,749,1290
41966,749,44
41967,749,1092
41968,749,462
41969,749,980
41970,749,755
41971,749,428
41972,749,900
41973,749,829
41974,749,691
41975,749,991
41976,749,578
41977,749,10
41978,749,1054
41979,749,939
41980,749,370
41981,749,1171
41982,749,413
41983,749,1056
41984,749,650
41985,749,1159
41986,749,117
41987,749,499
41988,749,676
41989,749,1197
41990,749,432
41991,749,1135
41992,749,1045
41993,749,272
41994,749,688
41995,749,1302
41996,749,447
41997,749,1441
41998,749,802
41999,749,819
42000,749,283
42001,749,334
42002,749,247
42003,749,962
42004,749,1226
42005,749,1243
42006,749,133
42007,749,955
42008,749,1324
42009,749,1163
42010,749,364
42011,749,1111
42012,749,892
42013,749,494
42014,749,167
42015,749,751
42016,749,390
42017,749,526
42018,749,550
42019,749,573
42020,749,909
42021,749,1025
42022,749,1383
42023,749,1064
42024,749,1175
42025,749,1311
42026,749,379
42027,749,1432
42028,749,1277
42029,749,1446
42030,749,1075
42031,749,738
42032,749,263
42033,749,1328
42034,749,1417
42035,749,1089
42036,749,1156
42037,749,1426
42038,749,60
42039,749,373
42040,749,355
42041,749,780
42042,749,215
42043,749,501
42044,749,528
42045,749,1030
42046,749,264
42047,749,1449
42048,749,1225
42049,749,409
42050,749,1301
42051,749,662
42052,749,1384
42053,749,867
42054,749,1414
42055,749,974
42056,749,611
42057,749,538
42058,749,164
42059,749,1057
42060,749,1444
42061,749,1291
42062,749,685
42063,749,992
42064,749,190
42065,749,1053
42066,749,960
42067,749,990
42068,749,660
42069,749,803
42070,749,231
42071,749,1304
42072,749,1060
42073,749,690
42074,749,166
42075,749,102
42076,749,680
42077,749,110
42078,749,58
42079,749,446
42080,749,1222
42081,749,31
42082,749,422
42083,749,42
42084,749,646
42085,749,981
42086,749,289
42087,749,748
42088,749,918
42089,749,1421
42090,749,1430
42091,749,170
42092,749,473
42093,749,979
42094,749,667
42095,749,64
42096,749,839
42097,749,404
42098,749,1413
42099,749,33
42100,749,652
42101,749,1219
42102,749,54
42103,749,78
42104,749,749
42105,749,461
42106,749,20
42107,749,346
42108,749,621
42109,749,1362
42110,749,872
42111,749,614
42112,749,1008
42113,749,1183
42114,614,1213
42115,614,684
42116,614,759
42117,614,936
42118,614,219
42119,614,702
42120,614,1358
42121,614,254
42122,614,1204
42123,614,1066
42124,614,847
42125,614,585
42126,614,665
42127,614,456
42128,614,345
42129,614,927
42130,614,1005
42131,614,437
42132,614,763
42133,614,848
42134,614,582
42135,614,654
42136,614,1000
42137,614,517
42138,614,205
42139,614,413
42140,614,1148
42141,614,1433
42142,614,255
42143,614,962
42144,614,573
42145,614,1417
42146,614,479
42147,614,1449
42148,614,685
42149,614,1031
42150,614,803
42151,614,690
42152,614,680
42153,614,1222
42154,614,1022
42155,614,652
42156,1183,1213
42157,1183,702
42158,1183,1284
42159,1183,212
42160,1183,147
42161,1183,456
42162,1183,884
42163,1183,202
42164,1183,620
42165,1183,882
42166,1183,205
42167,1183,3
42168,1183,1417
42169,1183,840
42170,1183,1449
42171,1183,701
42172,1183,1222
42173,1183,652
